order_id,order_date,customer_id,product_id,region,channel,quantity,unit_price,discount,revenue,status
100751,2023-01-01,97,19,North America,Online,2,103.77,0.0,207.54,Returned
101103,2023-01-01,525,8,North America,Online,2,1130.86,0.0,2261.72,Completed
103082,2023-01-01,547,11,Europe,Online,2,29.91,0.15,50.85,Completed
103720,2023-01-01,555,8,North America,Online,2,1136.63,0.05,2159.6,Completed
100480,2023-01-02,144,7,Europe,Retail,1,541.11,0.0,541.11,Completed
101053,2023-01-02,238,12,Asia Pacific,Online,2,96.3,0.05,182.97,Completed
102153,2023-01-02,564,12,Europe,Online,4,101.4,0.05,385.32,Completed
102242,2023-01-02,266,4,North America,Online,10,2053.21,0.0,20532.1,Completed
103140,2023-01-02,153,8,North America,Online,1,1086.14,0.15,923.22,Completed
104609,2023-01-02,425,13,Europe,Online,1,25.69,0.0,25.69,Completed
104631,2023-01-02,527,2,Middle East & Africa,Online,1,1480.39,0.15,1258.33,Returned
105635,2023-01-02,199,13,North America,Online,1,23.38,0.05,22.21,Completed
101092,2023-01-03,426,2,Asia Pacific,Retail,1,1491.23,0.05,1416.67,Completed
101477,2023-01-03,598,3,Europe,Online,1,980.73,0.15,833.62,Completed
102019,2023-01-03,47,20,Europe,Partner,2,192.53,0.15,327.3,Completed
104003,2023-01-03,353,15,Europe,Retail,2,79.85,0.05,151.71,Completed
105236,2023-01-03,500,6,Europe,Retail,1,800.18,0.1,720.16,Completed
105615,2023-01-03,580,10,North America,Retail,3,46.51,0.0,139.53,Completed
105899,2023-01-03,198,3,Latin America,Online,2,970.64,0.0,1941.28,Completed
106184,2023-01-03,412,10,Asia Pacific,Online,4,45.37,0.0,181.48,Completed
106559,2023-01-03,542,11,Europe,Online,2,29.78,0.05,56.58,Completed
100331,2023-01-04,310,18,North America,Partner,2,755.43,0.05,1435.32,Completed
101915,2023-01-04,448,1,Europe,Retail,2,1141.71,0.0,2283.42,Completed
102783,2023-01-04,580,7,North America,Retail,1,564.32,0.1,507.89,Cancelled
104187,2023-01-04,541,10,Middle East & Africa,Online,3,44.66,0.15,113.88,Completed
104223,2023-01-04,324,16,Europe,Retail,1,209.78,0.1,188.8,Completed
105066,2023-01-04,425,10,Europe,Online,1,46.03,0.0,46.03,Completed
100185,2023-01-05,202,12,Middle East & Africa,Online,5,99.76,0.0,498.8,Completed
100779,2023-01-05,508,20,Asia Pacific,Online,1,181.08,0.1,162.97,Completed
100807,2023-01-05,450,19,Europe,Online,2,93.21,0.1,167.78,Completed
101206,2023-01-05,539,14,North America,Partner,5,59.82,0.05,284.14,Completed
102373,2023-01-05,539,19,North America,Partner,2,101.18,0.0,202.36,Completed
102756,2023-01-05,404,6,North America,Online,2,810.1,,1620.2,Completed
102778,2023-01-05,216,13,Asia Pacific,Online,2,24.47,0.1,44.05,Completed
102828,2023-01-05,350,15,North America,Online,2,77.74,0.0,155.48,Completed
103759,2023-01-05,202,11,Middle East & Africa,Retail,5,29.24,0.0,146.2,Completed
105366,2023-01-05,147,14,North America,Online,3,57.73,0.05,164.53,Returned
106315,2023-01-05,202,13,Middle East & Africa,Online,2,24.6,0.05,46.74,Returned
106942,2023-01-05,97,8,North America,Retail,1,1090.55,0.0,1090.55,Completed
100638,2023-01-06,184,11,North America,Retail,1,29.07,0.1,26.16,Completed
104589,2023-01-06,404,14,North America,Retail,3,61.24,0.1,165.35,Completed
105529,2023-01-06,409,1,North America,Online,1,1165.73,0.0,1165.73,Completed
106233,2023-01-06,138,8,Europe,Online,2,1167.68,0.15,1985.06,Returned
102375,2023-01-07,358,6,Asia Pacific,Online,2,846.0,0.0,1692.0,Completed
103024,2023-01-07,561,1,North America,Online,2,1249.68,0.0,2499.36,Completed
103051,2023-01-07,157,20,North America,Online,2,175.73,0.15,298.74,Completed
103642,2023-01-07,230,12,North America,Partner,1,98.13,0.05,93.22,Completed
103728,2023-01-07,256,13,Asia Pacific,Retail,3,25.31,0.0,75.93,Completed
104613,2023-01-07,197,12,Europe,Online,4,104.86,0.1,377.5,Returned
104776,2023-01-07,16,12,North America,Online,1,99.16,0.15,84.29,Completed
104803,2023-01-07,211,6,Asia Pacific,Online,1,823.39,0.0,823.39,Completed
106100,2023-01-07,573,2,Europe,Retail,1,1525.99,0.05,1449.69,Completed
101039,2023-01-08,132,2,Latin America,Online,2,1444.99,0.05,2745.48,Completed
101063,2023-01-08,362,11,North America,Retail,2,30.88,0.0,61.76,Completed
101756,2023-01-08,241,12,Asia Pacific,Online,1,99.33,0.0,99.33,Completed
102591,2023-01-08,153,18,North America,Online,2,762.31,0.0,1524.62,Completed
104722,2023-01-08,192,19,North America,Online,2,96.82,0.0,193.64,Completed
106523,2023-01-08,413,10,North America,Online,4,47.11,0.0,188.44,Returned
106815,2023-01-08,577,11,Latin America,Online,2,29.74,0.1,53.53,Cancelled
100522,2023-01-09,476,15,North America,Retail,2,76.19,0.05,144.76,Completed
101881,2023-01-09,391,13,Europe,Online,1,24.58,0.0,24.58,Completed
102631,2023-01-09,200,3,North America,Online,1,977.48,0.0,977.48,Completed
105150,2023-01-09,429,15,North America,Online,4,76.08,0.0,304.32,Completed
106031,2023-01-09,538,5,North America,Partner,2,438.31,0.05,832.79,Cancelled
106142,2023-01-09,157,2,North America,Online,2,1493.37,0.0,2986.74,Completed
104344,2023-01-10,97,3,North America,Online,2,988.57,0.15,1680.57,Completed
105175,2023-01-10,297,11,Middle East & Africa,Online,1,28.94,0.1,26.05,Returned
105677,2023-01-10,93,10,Europe,,2,45.66,0.05,86.75,Completed
105894,2023-01-10,284,7,North America,Online,2,543.55,0.15,924.03,Completed
106341,2023-01-10,334,13,Latin America,Online,16,24.48,0.0,391.68,Completed
106605,2023-01-10,596,11,North America,Retail,8,29.48,0.05,224.05,Completed
102566,2023-01-11,238,20,Asia Pacific,Online,1,179.13,0.0,179.13,Completed
103194,2023-01-11,353,2,Europe,Retail,1,1531.43,0.0,1531.43,Completed
103522,2023-01-11,473,12,North America,Retail,4,97.43,,389.72,Completed
105035,2023-01-11,24,11,Latin America,Online,4,27.88,0.1,100.37,Completed
100977,2023-01-12,499,10,North America,Retail,2,46.47,0.0,92.94,Completed
103225,2023-01-12,541,11,Middle East & Africa,Online,2,29.17,0.0,58.34,Completed
103613,2023-01-12,316,11,North America,Partner,20,28.79,0.15,489.43,Completed
104210,2023-01-12,137,4,Middle East & Africa,Retail,1,1917.19,0.0,1917.19,Completed
104700,2023-01-12,252,20,Latin America,Online,2,176.04,0.0,352.08,Completed
100540,2023-01-13,288,12,North America,Online,1,96.96,0.0,96.96,Completed
102438,2023-01-13,437,12,North America,Online,3,96.05,0.1,259.33,Cancelled
106293,2023-01-13,523,13,North America,Online,2,26.06,0.0,52.12,Completed
100139,2023-01-14,440,10,Europe,Online,3,45.5,0.15,116.02,Completed
100319,2023-01-14,294,20,North America,Online,2,184.64,0.0,369.28,Returned
100558,2023-01-14,104,8,Middle East & Africa,Online,235,1124.13,0.05,264170.55,Completed
100921,2023-01-14,261,16,North America,Partner,3,199.74,0.0,599.22,Completed
101905,2023-01-14,373,12,North America,Retail,2,104.92,0.0,209.84,Completed
102905,2023-01-14,40,12,Asia Pacific,Online,3,100.47,0.0,301.41,Completed
104096,2023-01-14,320,15,Latin America,Retail,5,80.35,0.1,361.58,Completed
104662,2023-01-14,187,13,North America,Retail,3,25.79,0.0,77.37,Completed
100818,2023-01-15,438,11,Europe,Retail,2,28.8,0.15,48.96,Cancelled
103673,2023-01-15,343,15,Asia Pacific,Online,2,80.98,0.1,145.76,Completed
104225,2023-01-15,530,8,North America,Online,2,1111.1,0.0,2222.2,Completed
106905,2023-01-15,224,20,Middle East & Africa,Online,1,171.8,0.0,171.8,Completed
106990,2023-01-15,95,11,North America,Online,4,29.07,0.0,116.28,Completed
101596,2023-01-16,499,15,North America,Online,4,75.65,0.0,302.6,Completed
101822,2023-01-16,137,7,Middle East & Africa,Online,1,556.06,0.05,528.26,Completed
102018,2023-01-16,263,8,North America,Online,1,1042.29,0.0,1042.29,Completed
104498,2023-01-16,77,7,North America,Online,1,535.73,0.0,535.73,Returned
104992,2023-01-16,236,16,Asia Pacific,Online,2,195.33,0.0,390.66,Completed
105006,2023-01-16,206,12,North America,Retail,2,99.19,0.0,198.38,Completed
105574,2023-01-16,298,21,Asia Pacific,Retail,2,313.54,0.05,595.73,Completed
103286,2023-01-17,276,21,Europe,Online,1,288.84,0.0,288.84,Completed
103561,2023-01-17,36,14,North America,Retail,5,62.5,0.05,296.88,Completed
104337,2023-01-17,526,2,North America,Online,2,1523.36,0.1,2742.05,Completed
104427,2023-01-17,337,14,North America,Partner,5,59.23,0.0,296.15,Completed
106240,2023-01-17,542,8,Europe,Online,2,1104.57,0.0,2209.14,Completed
100171,2023-01-18,171,11,North America,Online,5,28.85,0.0,144.25,Completed
101401,2023-01-18,316,8,North America,Retail,4,1078.89,0.1,3884.0,Completed
102416,2023-01-18,580,1,North America,Retail,1,1254.47,0.0,1254.47,Completed
103262,2023-01-18,226,14,Latin America,Online,4,58.0,0.1,208.8,Completed
100134,2023-01-19,368,19,Asia Pacific,Online,2,99.33,0.0,198.66,Completed
100671,2023-01-19,414,8,Latin America,Online,2,1098.61,0.0,2197.22,Completed
101132,2023-01-19,573,8,Europe,Retail,2,1097.89,0.0,2195.78,Completed
102392,2023-01-19,595,8,North America,Retail,1,1131.47,0.05,1074.9,Completed
104351,2023-01-19,196,12,North America,Online,1,94.41,0.0,94.41,Completed
106473,2023-01-19,218,4,North America,Online,2,2025.68,0.0,4051.36,Completed
104201,2023-01-20,159,6,Asia Pacific,Partner,2,793.13,0.05,1506.95,Completed
105467,2023-01-20,23,3,Middle East & Africa,Online,1,1010.64,0.1,909.58,Returned
106538,2023-01-20,323,3,North America,Retail,2,972.79,0.0,1945.58,Completed
101937,2023-01-21,377,7,Latin America,Online,2,556.63,0.0,1113.26,Completed
103172,2023-01-21,488,18,North America,Partner,2,721.82,0.0,1443.64,Completed
104011,2023-01-21,218,13,North America,Partner,3,25.14,0.0,75.42,Returned
105179,2023-01-21,257,12,Asia Pacific,Partner,8,94.19,0.0,753.52,Cancelled
106101,2023-01-21,385,8,North America,Retail,2,1098.94,0.0,2197.88,Completed
101767,2023-01-22,373,7,North America,Partner,2,516.91,0.1,930.44,Completed
102003,2023-01-22,91,10,North America,Online,4,45.74,0.1,164.66,Completed
102101,2023-01-22,244,7,Europe,Retail,4,570.44,0.05,2167.67,Completed
102806,2023-01-22,313,8,North America,Partner,2,1073.38,0.0,2146.76,Completed
105088,2023-01-22,481,12,Europe,Partner,4,103.11,0.1,371.2,Completed
105120,2023-01-22,521,22,Latin America,Partner,2,79.16,0.0,158.32,Completed
106081,2023-01-22,532,7,Asia Pacific,Online,2,527.68,0.15,897.06,Completed
100473,2023-01-23,545,14,North America,Retail,2,60.3,0.0,120.6,Completed
101059,2023-01-23,300,12,Europe,Online,3,98.29,0.0,294.87,Cancelled
101405,2023-01-23,64,13,Asia Pacific,Online,4,25.28,0.15,85.95,Completed
101479,2023-01-23,193,3,North America,Online,1,1010.38,0.0,1010.38,Completed
101736,2023-01-23,207,15,North America,Online,2,80.64,0.05,153.22,Completed
102050,2023-01-23,454,1,North America,Online,1,1207.17,0.15,1026.09,Completed
104089,2023-01-23,448,1,Europe,Online,2,1231.49,0.0,2462.98,Completed
101848,2023-01-24,557,11,North America,Retail,2,30.22,0.05,57.42,Completed
103634,2023-01-24,117,11,Asia Pacific,Online,4,29.5,0.05,112.1,Completed
104873,2023-01-24,63,4,Europe,Online,5,2001.74,0.15,8507.4,Completed
104770,2023-01-25,505,4,Europe,Online,2,1946.14,0.0,3892.28,Completed
104864,2023-01-25,353,21,Europe,Online,1,289.38,0.0,289.38,Completed
105090,2023-01-25,583,1,North America,Online,1,1200.65,0.0,1200.65,Completed
105801,2023-01-25,85,13,North America,Partner,2,25.67,0.0,51.34,Completed
106046,2023-01-25,98,3,North America,Retail,2,985.53,0.1,1773.95,Completed
101393,2023-01-26,47,12,Europe,Online,4,98.11,0.0,392.44,Completed
102459,2023-01-26,523,11,North America,Retail,4,30.25,0.0,121.0,Completed
102703,2023-01-26,441,17,Latin America,Retail,1,440.95,0.0,440.95,Completed
102787,2023-01-26,505,10,Europe,Online,3,45.31,0.0,135.93,Completed
104026,2023-01-26,268,3,North America,Online,5,994.34,0.0,4971.7,Completed
105949,2023-01-26,210,12,Europe,Online,5,97.98,0.05,465.4,Completed
106177,2023-01-26,8,20,Asia Pacific,Retail,2,173.45,0.1,312.21,Completed
106475,2023-01-26,348,6,North America,Online,2,823.2,0.15,1399.44,Completed
106629,2023-01-26,572,21,Asia Pacific,Online,1,296.0,0.0,296.0,Completed
106950,2023-01-26,571,15,North America,Retail,1,79.45,0.0,79.45,Completed
100487,2023-01-27,475,21,North America,Retail,2,293.35,0.05,557.36,Completed
103099,2023-01-27,525,4,North America,Retail,1,1979.01,0.0,1979.01,Completed
103453,2023-01-27,66,3,Europe,Online,1,997.22,0.1,897.5,Completed
104241,2023-01-27,520,11,Asia Pacific,Online,6,28.39,0.1,153.31,Completed
105100,2023-01-27,415,12,North America,Retail,6,101.58,0.15,518.06,Completed
105285,2023-01-27,55,14,Asia Pacific,Retail,3,58.65,0.0,175.95,Completed
106407,2023-01-27,278,22,Europe,Online,1,80.62,0.0,80.62,Cancelled
100157,2023-01-28,323,4,North America,Partner,2,2058.95,0.0,4117.9,Completed
101299,2023-01-28,95,14,North America,Online,1,55.92,0.05,53.12,Completed
101938,2023-01-28,210,13,Europe,Online,2,25.31,0.05,48.09,Completed
102159,2023-01-28,562,4,North America,Online,2,2079.13,,3950.35,Completed
106032,2023-01-28,232,6,Europe,Online,1,830.09,0.15,705.58,Returned
106484,2023-01-28,105,1,Asia Pacific,Online,2,1168.45,0.0,2336.9,Completed
106685,2023-01-28,142,19,Europe,Online,2,100.3,0.05,190.57,Completed
106773,2023-01-28,332,19,North America,Partner,1,94.56,0.0,94.56,Completed
100181,2023-01-29,361,11,Latin America,Online,2,28.55,0.05,54.24,Completed
100908,2023-01-29,255,17,North America,Online,2,453.87,0.0,907.74,Completed
102630,2023-01-29,588,4,North America,Retail,2,1961.49,0.0,3922.98,Completed
103081,2023-01-29,19,23,Asia Pacific,Online,3,132.34,0.05,377.17,Returned
103874,2023-01-29,193,21,North America,Online,1,275.55,0.05,261.77,Returned
104248,2023-01-29,530,15,North America,Online,2,78.51,,149.17,Completed
104477,2023-01-29,281,11,North America,Online,2,29.42,0.0,58.84,Completed
105604,2023-01-29,419,21,North America,Online,6,306.18,0.15,1561.52,Completed
106074,2023-01-29,392,21,North America,Retail,2,284.34,0.0,568.68,Completed
106735,2023-01-29,563,12,Asia Pacific,Online,2,97.57,0.0,195.14,Completed
100792,2023-01-30,518,4,Asia Pacific,Retail,2,2045.45,0.05,3886.36,Completed
100900,2023-01-30,218,16,North America,Retail,1,198.6,0.15,168.81,Cancelled
100933,2023-01-30,282,6,North America,Online,2,818.65,0.0,1637.3,Completed
101980,2023-01-30,176,20,North America,Online,2,181.4,0.0,362.8,Completed
104128,2023-01-30,62,2,Europe,Retail,5,1429.66,0.15,6076.06,Completed
104619,2023-01-30,226,15,Latin America,Online,2,76.12,0.0,152.24,Completed
104827,2023-01-30,305,14,Latin America,Partner,3,59.42,0.0,178.26,Completed
105706,2023-01-30,539,1,North America,Retail,2,1239.64,0.0,2479.28,Completed
106316,2023-01-30,538,16,North America,Partner,2,194.75,0.05,370.02,Completed
103495,2023-01-31,382,20,Latin America,Online,2,173.86,0.0,347.72,Completed
103502,2023-01-31,485,1,North America,Partner,2,1166.61,0.15,1983.24,Cancelled
103655,2023-01-31,371,12,Asia Pacific,Partner,3,97.97,0.1,264.52,Cancelled
104576,2023-01-31,287,1,North America,Online,1,1176.76,0.05,1117.92,Completed
104618,2023-01-31,19,19,Asia Pacific,Online,2,96.87,0.15,164.68,Completed
100415,2023-02-01,148,18,Europe,,10,737.19,0.0,7371.9,Completed
100994,2023-02-01,53,2,Asia Pacific,Retail,1,1485.86,0.05,1411.57,Completed
101462,2023-02-01,18,6,North America,Online,2,767.01,0.15,1303.92,Completed
103870,2023-02-01,32,15,Middle East & Africa,Online,3,79.03,0.15,201.53,Completed
105178,2023-02-01,363,14,North America,Online,3,59.33,0.15,151.29,Completed
105358,2023-02-01,580,21,North America,Online,1,295.71,0.05,280.92,Returned
101675,2023-02-02,75,12,North America,Online,6,92.37,0.15,471.09,Completed
105482,2023-02-02,267,7,North America,Online,2,537.99,0.15,914.58,Completed
106805,2023-02-02,573,7,Europe,,2,539.78,0.0,1079.56,Completed
106843,2023-02-02,440,13,Europe,Retail,1,25.28,0.05,24.02,Completed
101242,2023-02-03,13,15,Europe,Retail,4,72.55,0.0,290.2,Completed
102030,2023-02-03,390,13,Latin America,Retail,20,25.3,0.15,430.1,Completed
102142,2023-02-03,173,11,North America,Online,1,28.74,0.05,27.3,Completed
102973,2023-02-03,361,8,Latin America,Online,1,1090.0,0.05,1035.5,Returned
106604,2023-02-03,529,15,Asia Pacific,Online,2,76.8,0.15,130.56,Completed
100160,2023-02-04,191,17,Latin America,,1,450.84,0.0,450.84,Completed
101424,2023-02-04,101,20,Latin America,Retail,2,173.57,0.15,295.07,Completed
101747,2023-02-04,49,10,Asia Pacific,Retail,1,45.63,0.0,45.63,Completed
101857,2023-02-04,341,20,North America,Online,1,187.01,0.05,177.66,Completed
102569,2023-02-04,565,23,Europe,Online,1,129.62,0.1,116.66,Completed
103017,2023-02-04,475,20,North America,Online,1,178.14,0.15,151.42,Completed
103462,2023-02-04,417,7,North America,Online,2,536.34,0.0,1072.68,Completed
105241,2023-02-04,576,16,Europe,Retail,2,188.72,0.15,320.82,Completed
105410,2023-02-04,442,11,North America,Online,1,29.32,0.0,29.32,Completed
105913,2023-02-04,456,7,North America,Online,2,570.09,0.0,1140.18,Returned
106679,2023-02-04,515,4,North America,Online,1,2060.63,0.1,1854.57,Completed
100205,2023-02-05,357,6,Asia Pacific,Online,1,811.55,0.0,811.55,Completed
100298,2023-02-05,580,17,North America,Online,1,436.85,0.1,393.16,Completed
103809,2023-02-05,171,14,North America,Retail,5,58.5,0.05,277.88,Completed
105291,2023-02-05,437,14,North America,Online,1,59.95,,59.95,Completed
106289,2023-02-05,475,14,North America,Retail,4,58.5,0.0,234.0,Completed
106577,2023-02-05,427,14,North America,Online,1,58.97,0.0,58.97,Completed
106589,2023-02-05,425,13,Europe,Online,3,24.37,0.0,73.11,Completed
100350,2023-02-06,465,13,Europe,Online,4,25.2,0.15,85.68,Completed
100951,2023-02-06,427,4,North America,Retail,2,2059.97,0.0,4119.94,Completed
101832,2023-02-06,273,11,North America,Partner,2,28.46,0.05,54.07,Completed
103811,2023-02-06,340,14,Latin America,Online,3,59.95,0.1,161.87,Completed
106610,2023-02-06,208,18,Asia Pacific,Retail,2,750.31,0.0,1500.62,Completed
100101,2023-02-07,252,12,Latin America,Retail,5,96.98,0.0,484.9,Completed
100882,2023-02-07,353,1,Europe,Retail,2,1203.7,0.15,2046.29,Completed
101743,2023-02-07,219,7,Latin America,Online,2,546.08,0.0,1092.16,Completed
103682,2023-02-07,129,10,North America,Retail,2,46.15,0.15,78.46,Completed
104424,2023-02-07,538,3,North America,Online,2,996.52,0.05,1893.39,Completed
105471,2023-02-07,563,8,Asia Pacific,Partner,2,1091.07,0.0,2182.14,Completed
106659,2023-02-07,205,6,North America,Online,2,833.52,0.1,1500.34,Completed
100519,2023-02-08,11,21,North America,,2,302.87,0.15,514.88,Completed
104327,2023-02-08,64,16,Asia Pacific,Retail,2,190.5,0.15,323.85,Completed
104989,2023-02-08,432,8,Asia Pacific,Online,1,1084.79,0.05,1030.55,Completed
105784,2023-02-08,147,2,North America,Online,1,1554.93,0.1,1399.44,Completed
101054,2023-02-09,475,14,North America,Retail,1,59.27,0.15,50.38,Completed
102273,2023-02-09,328,2,Europe,Retail,2,1472.38,0.0,2944.76,Completed
103875,2023-02-09,128,11,North America,Retail,4,28.66,0.05,108.91,Completed
104147,2023-02-09,248,10,Europe,Retail,1,44.38,0.15,37.72,Completed
106294,2023-02-09,348,17,North America,Online,6,449.46,0.0,2696.76,Completed
106309,2023-02-09,105,10,Asia Pacific,Partner,2,45.35,0.1,81.63,Completed
100470,2023-02-10,225,3,North America,Retail,2,976.73,0.15,1660.44,Completed
100972,2023-02-10,156,16,Asia Pacific,Online,4,191.11,0.15,649.77,Completed
101534,2023-02-10,493,12,Asia Pacific,Retail,5,102.08,,510.4,Completed
102346,2023-02-10,125,6,North America,Online,2,800.97,0.0,1601.94,Completed
104279,2023-02-10,273,8,North America,Retail,1,1075.76,0.05,1021.97,Completed
106490,2023-02-10,125,16,North America,Online,1,199.06,0.0,199.06,Completed
106780,2023-02-10,22,10,North America,Online,2,46.27,0.1,83.29,Returned
100855,2023-02-11,273,14,North America,Retail,4,60.4,0.15,205.36,Completed
102168,2023-02-11,230,5,North America,Retail,2,465.14,0.15,790.74,Completed
103351,2023-02-11,159,17,Asia Pacific,Online,1,426.85,0.0,426.85,Completed
103545,2023-02-11,432,8,Asia Pacific,Online,1,1095.0,0.05,1040.25,Completed
103781,2023-02-11,241,21,Asia Pacific,Retail,1,304.06,0.1,273.65,Completed
103843,2023-02-11,466,4,Asia Pacific,Online,2,2043.24,0.15,3473.51,Completed
104922,2023-02-11,3,8,Latin America,Retail,1,1068.03,0.0,1068.03,Completed
104951,2023-02-11,412,12,Asia Pacific,Online,3,98.83,0.0,296.49,Completed
105167,2023-02-11,67,20,Europe,Online,3,181.95,0.15,463.97,Completed
105921,2023-02-11,545,2,North America,Retail,1,1510.86,0.05,1435.32,Completed
102818,2023-02-12,54,14,Asia Pacific,Partner,4,58.89,0.0,235.56,Completed
103376,2023-02-12,232,14,Europe,Online,2,61.88,0.1,111.38,Returned
103869,2023-02-12,361,15,Latin America,Retail,5,80.4,0.0,402.0,Completed
106132,2023-02-12,30,10,Asia Pacific,Retail,5,46.45,0.05,220.64,Completed
100953,2023-02-13,518,20,Asia Pacific,Online,1,181.41,0.05,172.34,Completed
101291,2023-02-13,221,7,North America,Retail,2,549.66,0.15,934.42,Completed
102244,2023-02-13,502,15,Latin America,Online,2,86.03,0.15,146.25,Completed
103656,2023-02-13,179,21,Latin America,Online,1,296.66,,296.66,Completed
105063,2023-02-13,588,13,North America,Partner,1,24.24,0.0,24.24,Completed
105462,2023-02-13,545,2,North America,Partner,1,1461.15,0.1,1315.04,Completed
106308,2023-02-13,95,8,North America,Retail,1,1105.28,0.0,1105.28,Completed
101486,2023-02-14,481,12,Europe,Online,4,96.21,0.15,327.11,Completed
102738,2023-02-14,255,20,North America,Online,1,169.57,0.05,161.09,Completed
106320,2023-02-14,239,12,North America,Retail,3,94.69,0.0,284.07,Completed
100414,2023-02-15,341,1,North America,Online,1,1161.2,0.0,1161.2,Completed
100776,2023-02-15,85,10,North America,Online,4,44.44,0.0,177.76,Completed
101043,2023-02-15,134,7,North America,Retail,1,544.9,0.1,490.41,Completed
101438,2023-02-15,466,8,Asia Pacific,Partner,2,1084.75,0.05,2061.02,Completed
102074,2023-02-15,69,16,North America,Online,2,210.52,0.05,399.99,Completed
102917,2023-02-15,399,17,Europe,Online,1,475.48,0.15,404.16,Completed
104106,2023-02-15,535,1,North America,Online,2,1235.19,0.0,2470.38,Completed
104808,2023-02-15,573,18,Europe,Partner,2,737.0,0.0,1474.0,Completed
105254,2023-02-15,206,6,North America,Retail,1,821.78,0.15,698.51,Returned
100167,2023-02-16,72,17,Europe,Online,2,448.83,0.0,897.66,Completed
102041,2023-02-16,96,3,Europe,Retail,2,1019.11,0.0,2038.22,Completed
102924,2023-02-16,42,2,Asia Pacific,Online,1,1555.56,0.15,1322.23,Completed
103000,2023-02-16,463,15,Latin America,Retail,1,74.98,0.0,74.98,Completed
101876,2023-02-17,156,11,Asia Pacific,Online,10,29.37,0.0,293.7,Completed
102726,2023-02-17,404,11,North America,Online,4,28.57,0.0,114.28,Completed
102942,2023-02-17,298,1,Asia Pacific,Partner,2,1192.26,0.1,2146.07,Completed
103486,2023-02-17,336,13,Europe,Online,5,25.17,0.1,113.27,Completed
100734,2023-02-18,128,2,North America,Online,1,1461.99,0.15,1242.69,Completed
100860,2023-02-18,4,8,Asia Pacific,Retail,2,1063.16,0.0,2126.32,Completed
101614,2023-02-18,272,12,North America,Online,1,103.11,0.0,103.11,Completed
103455,2023-02-18,547,6,Europe,Online,2,818.39,0.15,1391.26,Completed
103587,2023-02-18,131,11,North America,Partner,4,27.95,0.0,111.8,Completed
103758,2023-02-18,536,2,North America,Online,2,1484.44,0.1,2671.99,Completed
105472,2023-02-18,484,4,North America,Online,1,1985.3,0.0,1985.3,Completed
105570,2023-02-18,258,19,North America,Online,2,97.39,0.0,194.78,Completed
102605,2023-02-19,244,8,Europe,Online,3,1061.69,0.05,3025.82,Completed
103795,2023-02-19,85,1,North America,Online,1,1137.4,0.15,966.79,Completed
104361,2023-02-19,255,11,North America,Online,2,30.2,,57.38,Completed
104468,2023-02-19,310,6,North America,Online,2,804.36,0.1,1447.85,Completed
105738,2023-02-19,218,1,North America,Online,1,1203.36,0.0,1203.36,Completed
106192,2023-02-19,530,1,North America,Online,1,1154.93,0.0,1154.93,Completed
100411,2023-02-20,565,18,Europe,Online,1,717.87,0.05,681.98,Completed
101195,2023-02-20,376,10,North America,Retail,5,44.54,0.05,211.56,Completed
102059,2023-02-20,153,14,North America,Partner,2,58.06,0.1,104.51,Completed
104123,2023-02-20,178,24,Middle East & Africa,Online,6,57.73,0.05,329.06,Completed
104706,2023-02-20,440,19,Europe,Retail,2,96.37,0.0,192.74,Completed
105695,2023-02-20,206,15,North America,Online,2,81.57,0.0,163.14,Completed
106640,2023-02-20,405,13,Middle East & Africa,Online,1,24.78,0.15,21.06,Completed
106876,2023-02-20,257,20,Asia Pacific,Online,4,172.7,0.0,690.8,Completed
100440,2023-02-21,348,19,North America,Partner,8,98.25,0.1,707.4,Completed
103530,2023-02-21,497,16,Europe,Online,1,197.0,0.05,187.15,Completed
103554,2023-02-21,552,1,North America,Retail,2,1184.14,0.05,2249.87,Completed
104076,2023-02-21,361,21,Latin America,Online,1,297.25,0.1,267.53,Completed
105134,2023-02-21,348,1,North America,Online,3,1229.14,0.0,3687.42,Completed
105316,2023-02-21,587,4,North America,Online,8,2026.3,0.05,15399.88,Completed
102282,2023-02-22,353,21,Europe,Retail,1,297.97,0.05,283.07,Completed
102403,2023-02-22,98,7,North America,Online,2,570.37,0.0,1140.74,Completed
102633,2023-02-22,200,2,North America,Online,2,1443.48,0.0,2886.96,Completed
103572,2023-02-22,16,10,North America,Retail,5,45.85,0.15,194.86,Completed
104108,2023-02-22,484,19,North America,Retail,1,95.27,0.05,90.51,Completed
106878,2023-02-22,243,11,North America,Online,2,28.93,0.0,57.86,Completed
100696,2023-02-23,130,13,Europe,Online,1,26.89,0.0,26.89,Completed
100906,2023-02-23,80,14,Asia Pacific,Online,3,57.93,0.05,165.1,Completed
101298,2023-02-23,375,17,North America,Online,2,438.97,0.1,790.15,Cancelled
102774,2023-02-23,477,11,Europe,Online,2,29.04,0.05,55.18,Completed
103211,2023-02-23,290,3,North America,Online,2,997.83,0.15,1696.31,Completed
104921,2023-02-23,225,21,North America,Retail,1,294.14,0.0,294.14,Completed
106932,2023-02-23,246,15,Latin America,Online,3,81.11,0.0,243.33,Completed
102776,2023-02-24,308,6,Europe,Partner,4,780.73,0.0,3122.92,Completed
103239,2023-02-24,595,11,North America,Online,4,28.0,0.15,95.2,Completed
105045,2023-02-24,259,14,North America,Retail,2,60.72,0.1,109.3,Completed
106487,2023-02-24,171,17,North America,Online,1,446.59,0.0,446.59,Completed
100047,2023-02-25,472,11,Europe,Online,2,28.46,0.0,56.92,Completed
100374,2023-02-25,565,17,Europe,Online,2,418.39,0.05,794.94,Completed
101131,2023-02-25,223,1,Asia Pacific,Retail,1,1265.5,0.1,1138.95,Completed
102141,2023-02-25,474,15,North America,Partner,5,76.36,0.0,381.8,Completed
104856,2023-02-25,597,15,Asia Pacific,Partner,2,79.35,0.15,134.89,Completed
105229,2023-02-25,544,3,Middle East & Africa,Online,1,985.04,0.05,935.79,Completed
106226,2023-02-25,580,6,North America,Partner,1,822.23,0.0,822.23,Completed
106825,2023-02-25,371,11,Asia Pacific,Partner,4,29.26,0.0,117.04,Completed
102338,2023-02-26,414,10,Latin America,Online,3,46.2,0.15,117.81,Completed
102866,2023-02-26,291,7,Asia Pacific,Online,1,557.93,,557.93,Completed
106745,2023-02-26,333,1,Asia Pacific,Retail,3,1269.91,0.05,3619.24,Completed
100076,2023-02-27,110,7,Latin America,Retail,1,562.5,0.1,506.25,Completed
100093,2023-02-27,569,4,North America,Online,1,2018.4,0.0,2018.4,Completed
103672,2023-02-27,309,20,North America,Retail,2,181.3,0.0,362.6,Completed
104134,2023-02-27,368,11,Asia Pacific,Online,3,27.81,0.0,83.43,Completed
104860,2023-02-27,411,16,Asia Pacific,Retail,3,206.95,0.1,558.76,Completed
105518,2023-02-27,50,7,North America,Retail,1,558.91,0.0,558.91,Completed
105950,2023-02-27,116,11,Latin America,Partner,4,28.15,0.05,106.97,Completed
106202,2023-02-27,244,7,Europe,Online,10,558.22,0.0,5582.2,Completed
101245,2023-02-28,353,15,Europe,Partner,4,79.61,0.0,318.44,Completed
101954,2023-02-28,550,23,Europe,Retail,3,131.56,0.15,335.48,Completed
102684,2023-02-28,266,6,North America,Online,3,750.02,0.15,1912.55,Completed
103972,2023-02-28,95,8,North America,Retail,2,1126.97,0.05,2141.24,Completed
106929,2023-02-28,517,10,North America,Retail,1,44.24,0.1,39.82,Completed
102012,2023-03-01,142,3,Europe,Online,1,976.09,0.0,976.09,Completed
102236,2023-03-01,528,11,Middle East & Africa,Online,2,29.72,0.0,59.44,Completed
102807,2023-03-01,134,4,North America,Retail,2,2053.15,0.05,3900.98,Completed
105371,2023-03-01,423,13,North America,Retail,2,24.44,0.0,48.88,Completed
105850,2023-03-01,478,8,Europe,Online,1,1136.75,0.0,1136.75,Completed
100106,2023-03-02,117,7,Asia Pacific,Online,1,587.12,0.0,587.12,Completed
101280,2023-03-02,449,13,North America,Partner,5,25.6,0.15,108.8,Completed
102542,2023-03-02,456,11,North America,Online,5,28.45,0.15,120.91,Completed
102719,2023-03-02,243,3,North America,Partner,1,1015.93,0.0,1015.93,Completed
103300,2023-03-02,23,15,Middle East & Africa,Retail,3,73.23,0.15,186.74,Completed
103360,2023-03-02,589,20,North America,Retail,2,191.21,0.0,382.42,Completed
104608,2023-03-02,48,18,North America,Retail,1,742.86,0.15,631.43,Completed
106547,2023-03-02,100,10,Middle East & Africa,Retail,1,44.92,0.15,38.18,Completed
106941,2023-03-02,334,1,Latin America,Partner,5,1203.08,0.0,6015.4,Completed
100423,2023-03-03,583,14,North America,Online,5,60.89,0.05,289.23,Completed
101014,2023-03-03,249,3,North America,Retail,2,1003.63,0.05,1906.9,Completed
101577,2023-03-03,46,7,Asia Pacific,Online,1,555.95,0.0,555.95,Completed
102785,2023-03-03,218,13,North America,Online,4,26.82,0.15,91.19,Completed
103863,2023-03-03,576,21,Europe,Online,1,293.83,0.0,293.83,Completed
104588,2023-03-03,551,8,Europe,Retail,1,1073.92,0.05,1020.22,Completed
104866,2023-03-03,230,15,North America,Retail,2,81.3,0.0,162.6,Completed
104944,2023-03-03,3,11,Latin America,Online,4,28.56,0.0,114.24,Completed
105148,2023-03-03,410,1,Middle East & Africa,Partner,1,1256.47,0.1,1130.82,Completed
102660,2023-03-04,115,6,North America,Online,1,811.6,0.0,811.6,Completed
102737,2023-03-04,393,11,Europe,Online,5,30.33,0.0,151.65,Completed
103065,2023-03-04,589,11,North America,Online,1,29.38,0.0,29.38,Completed
103721,2023-03-04,564,10,Europe,Online,2,47.17,0.05,89.62,Completed
104437,2023-03-04,205,10,North America,Retail,5,44.29,0.0,221.45,Completed
105226,2023-03-04,396,16,Europe,Retail,1,194.91,0.15,165.67,Completed
105595,2023-03-04,530,15,North America,Retail,1,80.16,0.0,80.16,Completed
100738,2023-03-05,162,7,Latin America,Online,2,541.15,0.0,1082.3,Completed
100758,2023-03-05,249,14,North America,Retail,5,58.25,0.1,262.12,Completed
105323,2023-03-05,192,1,North America,Online,1,1195.03,0.1,1075.53,Completed
106318,2023-03-05,437,14,North America,Partner,4,59.83,0.05,227.35,Completed
106574,2023-03-05,202,14,Middle East & Africa,Retail,4,60.22,0.1,216.79,Completed
100508,2023-03-06,29,7,North America,Retail,3,505.37,0.0,1516.11,Completed
100785,2023-03-06,432,12,Asia Pacific,Online,2,97.03,0.0,194.06,Completed
101019,2023-03-06,421,7,Asia Pacific,Partner,1,543.31,0.05,516.14,Returned
101260,2023-03-06,496,6,Europe,Online,1,834.07,0.15,708.96,Completed
103207,2023-03-06,120,14,Europe,Retail,16,59.09,0.0,945.44,Completed
103309,2023-03-06,147,2,North America,Retail,1,1531.9,0.1,1378.71,Completed
103547,2023-03-06,545,6,North America,Retail,1,802.06,0.0,802.06,Completed
104590,2023-03-06,368,3,Asia Pacific,Partner,1,1027.17,0.0,1027.17,Completed
106243,2023-03-06,100,12,Middle East & Africa,Online,3,97.83,0.0,293.49,Completed
101365,2023-03-07,540,13,Asia Pacific,Partner,3,24.84,0.15,63.34,Completed
101924,2023-03-07,552,15,North America,Online,3,84.08,0.15,214.4,Returned
101927,2023-03-07,358,18,Asia Pacific,Online,2,803.12,0.1,1445.62,Completed
103616,2023-03-07,54,6,Asia Pacific,Retail,2,823.73,0.05,1565.09,Completed
104292,2023-03-07,137,12,Middle East & Africa,Partner,2,98.63,0.05,187.4,Completed
105554,2023-03-07,329,14,Europe,Online,2,59.6,0.0,119.2,Completed
103229,2023-03-08,113,19,North America,Online,3,99.07,0.1,267.49,Completed
103880,2023-03-08,536,17,North America,Partner,2,437.75,0.0,875.5,Completed
105113,2023-03-08,193,15,North America,Online,5,74.59,0.05,354.3,Completed
105121,2023-03-08,273,11,North America,Retail,5,28.58,0.05,135.75,Completed
105485,2023-03-08,213,14,North America,Online,1,59.85,0.0,59.85,Completed
105841,2023-03-08,288,12,North America,Partner,5,100.32,0.0,501.6,Completed
106928,2023-03-08,309,2,North America,Online,2,1435.09,0.05,2726.67,Completed
100525,2023-03-09,486,20,Europe,Retail,1,176.53,0.0,176.53,Completed
100587,2023-03-09,442,13,North America,Online,1,25.03,0.1,22.53,Completed
101305,2023-03-09,59,20,North America,Retail,1,180.21,0.0,180.21,Completed
104232,2023-03-09,466,14,Asia Pacific,Online,4,59.06,0.0,236.24,Completed
104343,2023-03-09,549,2,Asia Pacific,Partner,1,1523.21,0.15,1294.73,Completed
104384,2023-03-09,274,8,Europe,Online,2,1063.56,0.0,2127.12,Completed
105995,2023-03-09,282,21,North America,Online,1,297.04,0.0,297.04,Completed
100403,2023-03-10,91,20,North America,Retail,2,184.27,0.0,368.54,Completed
100907,2023-03-10,422,17,North America,Online,2,424.97,0.05,807.44,Completed
101236,2023-03-10,573,13,Europe,Online,4,24.5,0.0,98.0,Completed
101414,2023-03-10,440,16,Europe,Online,1,193.77,0.0,193.77,Completed
101808,2023-03-10,532,19,Asia Pacific,Online,1,96.18,0.0,96.18,Returned
103500,2023-03-10,552,8,North America,Online,2,1134.68,0.05,2155.89,Completed
103605,2023-03-10,423,17,North America,Online,1,438.51,0.1,394.66,Completed
104664,2023-03-10,528,20,Middle East & Africa,Partner,2,179.34,0.1,322.81,Completed
100808,2023-03-11,22,20,North America,Online,1,171.62,0.15,145.88,Completed
102755,2023-03-11,223,1,Asia Pacific,Online,1,1213.83,0.05,1153.14,Completed
102852,2023-03-11,423,7,North America,Retail,1,560.01,0.0,560.01,Completed
103409,2023-03-11,297,18,Middle East & Africa,Partner,1,754.29,0.0,754.29,Completed
104704,2023-03-11,344,12,Europe,Online,5,101.22,0.1,455.49,Completed
104984,2023-03-11,305,16,Latin America,Online,2,197.27,0.1,355.09,Completed
100744,2023-03-12,267,6,North America,Online,1,810.41,0.0,810.41,Completed
103060,2023-03-12,270,3,North America,Partner,2,1004.13,0.0,2008.26,Completed
103072,2023-03-12,64,1,Asia Pacific,Online,1,1186.89,0.0,1186.89,Completed
103303,2023-03-12,547,23,Europe,Online,2,128.52,0.0,257.04,Completed
104481,2023-03-12,115,13,North America,Partner,1,23.9,0.05,22.7,Completed
104493,2023-03-12,330,12,North America,Online,4,94.12,0.0,376.48,Completed
105247,2023-03-12,472,11,Europe,Retail,3,29.89,0.1,80.7,Completed
105816,2023-03-12,37,15,North America,Online,3,81.1,0.0,243.3,Completed
105923,2023-03-12,377,23,Latin America,Online,5,119.82,0.1,539.19,Completed
106088,2023-03-12,571,14,North America,Online,5,57.17,0.0,285.85,Completed
100448,2023-03-13,497,3,Europe,Online,2,979.03,0.0,1958.06,Completed
100632,2023-03-13,197,7,Europe,Partner,2,548.01,0.1,986.42,Completed
100916,2023-03-13,125,1,North America,Online,2,1119.28,0.15,1902.78,Completed
103152,2023-03-13,357,8,Asia Pacific,Online,1,1120.91,0.15,952.77,Completed
103322,2023-03-13,482,2,North America,Online,1,1553.05,0.0,1553.05,Completed
106431,2023-03-13,502,11,Latin America,Online,2,28.07,0.0,56.14,Completed
106871,2023-03-13,230,15,North America,Retail,1,81.44,0.0,81.44,Completed
101892,2023-03-14,395,12,North America,Retail,3,98.89,0.15,252.17,Completed
102359,2023-03-14,348,13,North America,Retail,10,24.98,0.15,212.33,Completed
103697,2023-03-14,215,17,Asia Pacific,Online,1,455.55,0.0,455.55,Completed
105208,2023-03-14,545,10,North America,Online,5,42.92,0.1,193.14,Completed
105692,2023-03-14,71,17,North America,Partner,1,464.98,0.1,418.48,Completed
106646,2023-03-14,134,8,North America,Online,1,1086.7,0.0,1086.7,Completed
100585,2023-03-15,37,15,North America,Online,3,79.51,0.0,238.53,Completed
103691,2023-03-15,215,16,Asia Pacific,Online,2,210.96,0.1,379.73,Completed
103725,2023-03-15,561,16,North America,Online,2,193.6,0.0,387.2,Completed
106831,2023-03-15,330,16,North America,Online,2,201.89,0.0,403.78,Completed
100019,2023-03-16,192,8,North America,Online,1,1119.77,0.05,1063.78,Completed
101835,2023-03-16,60,24,North America,Online,1,58.83,0.0,58.83,Completed
101933,2023-03-16,102,6,Asia Pacific,Online,2,813.78,0.0,1627.56,Completed
103202,2023-03-16,157,7,North America,Partner,2,561.77,0.05,1067.36,Completed
103346,2023-03-16,224,16,Middle East & Africa,Online,1,198.73,0.0,198.73,Completed
104785,2023-03-16,563,19,Asia Pacific,Online,2,101.45,0.1,182.61,Completed
106271,2023-03-16,1,7,Asia Pacific,Online,2,548.16,0.0,1096.32,Completed
106465,2023-03-16,46,16,Asia Pacific,Online,1,202.87,0.0,202.87,Completed
100027,2023-03-17,573,14,Europe,Partner,2,57.14,0.15,97.14,Completed
101952,2023-03-17,239,11,North America,Online,2,27.91,0.0,55.82,Completed
103220,2023-03-17,502,1,Latin America,Retail,1,1300.35,0.05,1235.33,Completed
103323,2023-03-17,498,21,Europe,Online,1,300.57,0.1,270.51,Completed
103679,2023-03-17,204,13,North America,Retail,1,24.1,0.1,21.69,Completed
104539,2023-03-17,31,7,Asia Pacific,Online,1,553.87,0.1,498.48,Completed
104816,2023-03-17,37,18,North America,Retail,2,739.64,0.0,1479.28,Completed
101001,2023-03-18,213,4,North America,Online,1,2022.29,0.05,1921.18,Completed
101555,2023-03-18,373,7,North America,Retail,2,578.47,0.0,1156.94,Completed
101789,2023-03-18,70,13,Europe,Retail,5,23.35,0.0,116.75,Returned
102946,2023-03-18,85,24,North America,Online,5,58.07,0.15,246.8,Completed
106214,2023-03-18,538,10,North America,Online,4,46.33,0.15,157.52,Completed
106543,2023-03-18,383,15,Asia Pacific,Retail,3,80.0,0.0,240.0,Returned
100268,2023-03-19,584,10,Europe,Retail,2,43.85,0.0,87.7,Completed
100757,2023-03-19,362,6,North America,Online,1,822.44,0.0,822.44,Completed
101856,2023-03-19,538,22,North America,Online,2,79.82,0.1,143.68,Completed
101936,2023-03-19,452,7,Latin America,Online,2,563.69,0.1,1014.64,Completed
102151,2023-03-19,329,13,Europe,Partner,3,25.26,0.0,75.78,Completed
102325,2023-03-19,505,19,Europe,Online,2,99.87,0.1,179.77,Completed
102572,2023-03-19,297,20,Middle East & Africa,Online,1,178.23,0.05,169.32,Completed
103287,2023-03-19,464,11,North America,Online,1,30.97,0.1,27.87,Completed
105443,2023-03-19,161,15,North America,Partner,4,77.88,0.0,311.52,Returned
105533,2023-03-19,560,13,Europe,Retail,5,25.16,0.15,106.93,Completed
106960,2023-03-19,87,7,Asia Pacific,Online,1,536.62,0.15,456.13,Completed
100863,2023-03-20,173,12,North America,Retail,3,99.14,0.0,297.42,Completed
100910,2023-03-20,580,6,North America,Online,2,817.11,0.1,1470.8,Completed
101758,2023-03-20,437,17,North America,Online,2,448.58,0.0,897.16,Completed
101818,2023-03-20,474,21,North America,Online,2,302.06,0.0,604.12,Completed
102345,2023-03-20,238,14,Asia Pacific,Online,2,61.99,0.15,105.38,Completed
102345,2023-03-20,238,14,Asia Pacific,Online,2,61.99,0.15,105.38,Completed
103234,2023-03-20,129,7,North America,Online,2,555.76,0.05,1055.94,Completed
100365,2023-03-21,400,11,Europe,Retail,5,28.53,0.0,142.65,Completed
101586,2023-03-21,51,19,North America,Retail,1,97.73,0.05,92.84,Completed
104247,2023-03-21,249,21,North America,Online,1,303.12,0.0,303.12,Completed
104907,2023-03-21,407,1,North America,Online,2,1227.98,0.0,2455.96,Completed
101180,2023-03-22,118,10,Asia Pacific,Online,1,44.86,0.0,44.86,Completed
101541,2023-03-22,97,13,North America,Online,1,23.95,0.0,23.95,Completed
101689,2023-03-22,67,15,Europe,Online,4,78.29,0.05,297.5,Completed
102437,2023-03-22,280,23,Latin America,Retail,1,129.78,0.15,110.31,Completed
102809,2023-03-22,91,19,North America,Retail,1,99.4,0.0,99.4,Completed
102810,2023-03-22,479,15,Europe,Retail,4,80.8,0.0,323.2,Completed
104611,2023-03-22,132,1,Latin America,Online,1,1177.2,0.0,1177.2,Completed
105848,2023-03-22,165,2,Europe,Partner,2,1478.93,0.1,2662.07,Returned
100997,2023-03-23,348,13,North America,Online,8,26.25,0.0,210.0,Completed
103412,2023-03-23,76,2,North America,Online,2,1413.54,0.0,2827.08,Returned
103867,2023-03-23,324,12,Europe,Online,1,101.13,0.15,85.96,Completed
105498,2023-03-23,138,3,Europe,Online,1,1043.53,0.15,887.0,Completed
100392,2023-03-24,517,12,North America,Retail,3,101.31,0.15,258.34,Completed
101893,2023-03-24,207,1,North America,Online,1,1125.77,0.0,1125.77,Completed
102180,2023-03-24,102,4,Asia Pacific,Retail,2,1990.28,0.05,3781.53,Completed
102376,2023-03-24,81,1,Asia Pacific,Online,2,1227.63,0.0,2455.26,Completed
103558,2023-03-24,83,12,Asia Pacific,Retail,4,96.45,0.0,385.8,Completed
103836,2023-03-24,176,7,North America,Retail,1,528.47,0.15,449.2,Completed
105173,2023-03-24,469,8,North America,Partner,1,1094.07,0.05,1039.37,Completed
105775,2023-03-24,358,14,Asia Pacific,Online,2,57.68,0.0,115.36,Completed
100183,2023-03-25,462,14,North America,Retail,20,61.55,0.15,1046.35,Completed
100769,2023-03-25,467,7,Europe,Online,2,542.24,0.0,1084.48,Completed
101035,2023-03-25,529,1,Asia Pacific,Online,1,1216.12,0.0,1216.12,Completed
101575,2023-03-25,424,8,North America,Online,1,1151.95,0.1,1036.76,Completed
106265,2023-03-25,260,15,Europe,Online,1,80.08,0.0,80.08,Completed
102279,2023-03-26,376,13,North America,Online,4,24.95,0.0,99.8,Completed
102962,2023-03-26,193,20,North America,Retail,1,179.25,0.15,152.36,Completed
105683,2023-03-26,166,3,North America,Online,2,974.57,0.0,1949.14,Completed
105697,2023-03-26,368,1,Asia Pacific,Online,1,1170.63,0.0,1170.63,Completed
106195,2023-03-26,193,12,North America,Online,5,97.5,0.0,487.5,Completed
101378,2023-03-27,361,11,Latin America,Online,1,29.06,0.1,26.15,Completed
104154,2023-03-27,404,15,North America,Online,2,80.22,0.15,136.37,Completed
106576,2023-03-27,171,17,North America,Online,2,501.1,0.1,901.98,Completed
100609,2023-03-28,148,11,Europe,Online,8,29.0,0.15,197.2,Completed
100861,2023-03-28,525,10,North America,Online,2,43.72,0.05,83.07,Completed
102178,2023-03-28,512,13,Asia Pacific,Online,3,25.7,0.0,77.1,Completed
104446,2023-03-28,479,10,Europe,Online,1,44.8,0.0,44.8,Completed
104898,2023-03-28,138,15,Europe,Retail,4,81.48,0.15,277.03,Completed
104977,2023-03-28,30,7,Asia Pacific,Online,2,575.22,0.0,1150.44,Completed
106056,2023-03-28,390,7,Latin America,Retail,4,542.78,0.0,2171.12,Completed
106370,2023-03-28,279,6,Latin America,Retail,2,808.66,0.1,1455.59,Completed
106630,2023-03-28,230,14,North America,Online,2,58.47,0.15,99.4,Completed
106890,2023-03-28,125,11,North America,Online,2,28.35,0.0,56.7,Completed
100786,2023-03-29,517,13,North America,Partner,1,23.7,0.1,21.33,Completed
101593,2023-03-29,402,14,Latin America,Online,6,59.55,0.05,339.43,Returned
103361,2023-03-29,580,12,North America,Partner,3,99.43,0.0,298.29,Completed
104025,2023-03-29,316,6,North America,Online,4,805.81,0.0,3223.24,Completed
105933,2023-03-29,475,1,North America,Online,2,1098.01,0.0,2196.02,Completed
100354,2023-03-30,31,16,Asia Pacific,Retail,2,202.07,0.0,404.14,Completed
101460,2023-03-30,75,12,North America,Online,15,98.29,0.0,1474.35,Completed
101791,2023-03-30,320,6,Latin America,Retail,2,788.48,0.0,1576.96,Completed
103248,2023-03-30,456,13,North America,Online,3,24.03,0.0,72.09,Completed
104356,2023-03-30,488,1,North America,Online,1,1224.63,0.0,1224.63,Completed
106436,2023-03-30,565,2,Europe,Retail,2,1492.15,0.05,2835.08,Completed
100231,2023-03-31,211,4,Asia Pacific,Retail,1,1922.65,0.0,1922.65,Completed
102378,2023-03-31,47,8,Europe,Partner,1,1096.16,0.0,1096.16,Completed
106894,2023-03-31,117,11,Asia Pacific,Online,2,29.1,0.0,58.2,Completed
100697,2023-04-01,417,15,North America,Online,5,77.05,0.0,385.25,Completed
101256,2023-04-01,179,17,Latin America,Online,1,443.24,0.05,421.08,Completed
102264,2023-04-01,184,10,North America,Retail,5,43.56,0.0,217.8,Completed
103684,2023-04-01,364,2,North America,Retail,2,1471.02,0.15,2500.73,Completed
104130,2023-04-01,159,11,Asia Pacific,Partner,3,29.66,,80.08,Completed
105474,2023-04-01,575,8,Latin America,Online,2,1121.95,0.05,2131.7,Completed
105639,2023-04-01,269,1,North America,Online,2,1273.42,0.15,2164.81,Completed
105862,2023-04-01,84,17,North America,Retail,2,438.37,0.15,745.23,Completed
100605,2023-04-02,156,12,Asia Pacific,Online,10,93.7,0.15,796.45,Returned
101351,2023-04-02,497,14,Europe,Retail,2,59.46,0.0,118.92,Completed
101891,2023-04-02,521,2,Latin America,Online,2,1475.99,0.0,2951.98,Returned
102121,2023-04-02,353,15,Europe,Retail,3,78.81,0.0,236.43,Returned
103490,2023-04-02,587,20,North America,Online,6,175.94,0.0,1055.64,Completed
103711,2023-04-02,85,3,North America,Online,1,1053.26,0.0,1053.26,Completed
106972,2023-04-02,134,9,North America,Retail,1,156.5,0.0,156.5,Returned
100538,2023-04-03,241,3,Asia Pacific,Online,2,1052.55,0.0,2105.1,Completed
100919,2023-04-03,267,13,North America,Partner,3,24.17,0.1,65.26,Completed
101381,2023-04-03,216,1,Asia Pacific,Retail,1,1142.91,0.0,1142.91,Completed
103355,2023-04-03,404,15,North America,Online,1,80.6,0.1,72.54,Completed
104463,2023-04-03,135,11,Europe,Online,3,28.48,0.0,85.44,Completed
104643,2023-04-03,435,3,North America,Online,2,1007.57,0.1,1813.63,Completed
104882,2023-04-03,184,6,North America,Partner,1,812.73,0.15,690.82,Completed
101027,2023-04-04,8,21,Asia Pacific,Online,1,299.49,0.0,299.49,Completed
101194,2023-04-04,522,10,North America,Retail,1,46.9,0.0,46.9,Completed
102307,2023-04-04,554,14,Latin America,Online,1,58.81,0.1,52.93,Completed
102455,2023-04-04,246,8,Latin America,Online,2,1149.86,0.0,2299.72,Completed
102921,2023-04-04,236,13,Asia Pacific,Online,2,25.72,0.0,51.44,Completed
102987,2023-04-04,454,7,North America,Online,1,553.35,0.0,553.35,Completed
103884,2023-04-04,70,6,Europe,Online,2,800.04,0.15,1360.07,Completed
101581,2023-04-05,532,15,Asia Pacific,Partner,3,77.43,0.0,232.29,Completed
101619,2023-04-05,290,21,North America,Partner,1,298.42,0.05,283.5,Completed
102752,2023-04-05,137,12,Middle East & Africa,Retail,3,95.61,0.05,272.49,Completed
103380,2023-04-05,437,12,North America,Online,3,99.37,0.0,298.11,Completed
105132,2023-04-05,241,14,Asia Pacific,Online,4,58.02,0.05,220.48,Completed
105569,2023-04-05,396,7,Europe,Online,2,567.78,0.05,1078.78,Returned
100197,2023-04-06,138,15,Europe,Retail,5,73.29,0.05,348.13,Completed
100496,2023-04-06,23,2,Middle East & Africa,Partner,2,1562.83,0.0,3125.66,Completed
101363,2023-04-06,576,2,Europe,Online,1,1470.38,0.0,1470.38,Completed
103906,2023-04-06,496,3,Europe,Online,2,1030.24,0.15,1751.41,Completed
105373,2023-04-06,118,15,Asia Pacific,Retail,3,78.37,0.0,235.11,Completed
106015,2023-04-06,157,14,North America,Online,2,58.3,0.0,116.6,Completed
100889,2023-04-07,284,7,North America,Retail,2,531.58,0.0,1063.16,Completed
101345,2023-04-07,522,13,North America,Online,5,24.87,0.15,105.7,Completed
102136,2023-04-07,288,7,North America,Retail,2,545.83,0.0,1091.66,Completed
105037,2023-04-07,85,12,North America,Online,3,94.88,0.05,270.41,Completed
105433,2023-04-07,135,12,Europe,Retail,1,101.3,0.0,101.3,Completed
106651,2023-04-07,176,4,North America,Retail,2,1971.77,0.1,3549.19,Completed
100063,2023-04-08,505,21,Europe,Online,2,299.74,0.1,539.53,Completed
101548,2023-04-08,97,11,North America,Online,4,28.41,0.0,113.64,Completed
101566,2023-04-08,527,11,Middle East & Africa,Retail,2,29.18,0.1,52.52,Completed
103846,2023-04-08,539,20,North America,Retail,1,176.59,0.1,158.93,Completed
106052,2023-04-08,565,9,Europe,Partner,1,150.98,0.15,128.33,Completed
106433,2023-04-08,480,13,Europe,Online,4,24.9,0.05,94.62,Completed
106467,2023-04-08,181,2,Latin America,Online,2,1442.18,0.1,2595.92,Completed
100618,2023-04-09,91,14,North America,Retail,1,55.88,0.0,55.88,Completed
101293,2023-04-09,316,10,North America,Online,20,43.33,0.0,866.6,Completed
103036,2023-04-09,434,15,Asia Pacific,Online,10,81.61,0.0,816.1,Completed
104966,2023-04-09,26,18,North America,Online,2,736.63,0.15,1252.27,Completed
105339,2023-04-09,435,2,North America,Online,1,1519.84,0.05,1443.85,Completed
100341,2023-04-10,166,14,North America,Partner,2,58.24,0.05,110.66,Completed
101540,2023-04-10,114,15,Europe,Online,3,81.72,0.1,220.64,Completed
102900,2023-04-10,192,11,North America,Online,2,28.39,0.15,48.26,Completed
104199,2023-04-10,136,1,North America,Online,2,1212.93,0.0,2425.86,Completed
105372,2023-04-10,597,7,Asia Pacific,Online,2,585.03,0.0,1170.06,Completed
105750,2023-04-10,346,13,Asia Pacific,Online,2,24.68,0.05,46.89,Completed
106686,2023-04-10,513,5,North America,Online,2,444.12,0.0,888.24,Cancelled
100482,2023-04-11,476,12,North America,Retail,2,102.42,0.0,204.84,Completed
100798,2023-04-11,23,2,Middle East & Africa,Partner,2,1528.1,0.1,2750.58,Completed
100884,2023-04-11,36,19,North America,Online,2,97.52,0.1,175.54,Completed
105593,2023-04-11,323,20,North America,Online,2,182.42,0.0,364.84,Completed
106020,2023-04-11,386,14,Middle East & Africa,Online,1,60.95,,60.95,Completed
106731,2023-04-11,440,3,Europe,Partner,1,985.26,0.05,936.0,Completed
100810,2023-04-12,37,7,North America,Partner,2,544.6,0.15,925.82,Completed
101286,2023-04-12,376,15,North America,Online,4,77.81,0.05,295.68,Completed
101597,2023-04-12,525,13,North America,Retail,4,25.81,0.15,87.75,Completed
101706,2023-04-12,365,6,Asia Pacific,Online,2,777.21,0.1,1398.98,Completed
104345,2023-04-12,118,14,Asia Pacific,Online,5,59.34,0.0,296.7,Completed
104744,2023-04-12,165,18,Europe,Online,2,762.73,0.0,1525.46,Completed
105013,2023-04-12,585,14,Latin America,Retail,4,59.61,0.0,238.44,Completed
106900,2023-04-12,475,7,North America,Online,2,522.73,0.05,993.19,Completed
100767,2023-04-13,572,1,Asia Pacific,Partner,2,1204.76,0.05,2289.04,Completed
103436,2023-04-13,231,18,North America,Online,2,747.63,0.05,1420.5,Completed
103648,2023-04-13,536,14,North America,Retail,5,59.24,0.1,266.58,Completed
103685,2023-04-13,55,22,Asia Pacific,Retail,2,77.73,0.05,147.69,Completed
103743,2023-04-13,405,8,Middle East & Africa,Online,2,1102.99,0.0,2205.98,Completed
104565,2023-04-13,367,4,Asia Pacific,Retail,2,2050.08,0.0,4100.16,Completed
105020,2023-04-13,588,16,North America,Online,1,192.65,0.0,192.65,Completed
106920,2023-04-13,284,14,North America,Partner,2,60.09,0.0,120.18,Cancelled
106920,2023-04-13,284,14,North America,Partner,2,60.09,0.0,120.18,Cancelled
100024,2023-04-14,479,11,Europe,Online,1,27.91,0.15,23.72,Completed
100114,2023-04-14,409,11,North America,Partner,5,30.88,0.0,154.4,Completed
100652,2023-04-14,382,6,Latin America,Retail,2,758.6,0.0,1517.2,Completed
103070,2023-04-14,163,15,North America,Online,4,76.83,0.05,291.95,Completed
103302,2023-04-14,264,2,North America,Retail,1,1462.76,0.0,1462.76,Completed
103756,2023-04-14,441,11,Latin America,Online,2,30.16,0.1,54.29,Completed
100600,2023-04-15,281,12,North America,Retail,3,101.6,0.15,259.08,Completed
100733,2023-04-15,386,3,Middle East & Africa,Retail,2,946.42,0.1,1703.56,Completed
103319,2023-04-15,251,13,Asia Pacific,Online,25,24.87,0.0,621.75,Completed
104335,2023-04-15,562,21,North America,Retail,2,299.73,0.05,569.49,Completed
104346,2023-04-15,217,1,North America,Online,2,1160.39,0.15,1972.66,Completed
100583,2023-04-16,41,2,Europe,Online,1,1464.44,0.0,1464.44,Completed
102823,2023-04-16,387,15,Asia Pacific,Retail,2,80.35,0.05,152.66,Completed
100168,2023-04-17,49,12,Asia Pacific,Retail,5,97.0,0.15,412.25,Completed
100363,2023-04-17,334,15,Latin America,Retail,4,76.52,0.0,306.08,Completed
100563,2023-04-17,363,4,North America,Online,2,2027.5,0.0,4055.0,Completed
100834,2023-04-17,369,9,North America,Online,1,148.86,0.0,148.86,Completed
101010,2023-04-17,390,2,Latin America,Retail,4,1498.31,0.0,5993.24,Completed
103320,2023-04-17,417,10,North America,Retail,4,45.03,0.05,171.11,Completed
103449,2023-04-17,478,21,Europe,Online,2,300.39,0.0,600.78,Completed
104246,2023-04-17,516,1,North America,Online,1,1228.22,0.0,1228.22,Returned
104625,2023-04-17,47,7,Europe,Retail,1,558.91,0.0,558.91,Completed
106782,2023-04-17,204,16,North America,Partner,1,203.87,,193.68,Completed
100058,2023-04-18,331,10,Asia Pacific,Online,1,46.82,0.0,46.82,Completed
100857,2023-04-18,538,14,North America,Online,1,57.99,0.1,52.19,Completed
100918,2023-04-18,255,13,North America,Online,5,24.24,0.0,121.2,Completed
101691,2023-04-18,437,18,North America,Online,2,737.72,0.0,1475.44,Returned
101931,2023-04-18,179,2,Latin America,Online,2,1416.33,0.0,2832.66,Completed
103111,2023-04-18,128,6,North America,Partner,2,841.97,0.1,1515.55,Completed
103163,2023-04-18,65,14,Europe,Online,1,60.64,0.0,60.64,Completed
106362,2023-04-18,192,16,North America,Retail,2,196.26,0.0,392.52,Completed
106897,2023-04-18,370,12,Latin America,Online,2,95.92,0.1,172.66,Completed
101800,2023-04-19,357,7,Asia Pacific,Online,2,549.65,0.15,934.4,Completed
102821,2023-04-19,97,21,North America,Online,1,287.55,0.0,287.55,Completed
102824,2023-04-19,437,21,North America,Online,2,292.73,0.15,497.64,Completed
102849,2023-04-19,171,19,North America,Retail,2,99.54,0.0,199.08,Completed
104637,2023-04-19,137,8,Middle East & Africa,Online,2,1048.3,0.05,1991.77,Completed
105690,2023-04-19,539,2,North America,Retail,1,1526.61,,1297.62,Completed
106371,2023-04-19,396,7,Europe,Online,1,540.03,0.0,540.03,Completed
106886,2023-04-19,156,20,Asia Pacific,Partner,4,190.25,0.15,646.85,Completed
100382,2023-04-20,565,14,Europe,Retail,3,59.47,0.0,178.41,Completed
100944,2023-04-20,153,8,North America,Online,1,1120.56,0.0,1120.56,Completed
102590,2023-04-20,400,24,Europe,Online,2,57.74,0.05,109.71,Completed
105493,2023-04-20,323,15,North America,Retail,3,78.43,0.0,235.29,Completed
100464,2023-04-21,298,20,Asia Pacific,Retail,1,181.18,0.0,181.18,Completed
101787,2023-04-21,427,18,North America,Online,2,771.45,0.0,1542.9,Returned
103315,2023-04-21,532,12,Asia Pacific,Partner,3,101.98,0.0,305.94,Completed
103512,2023-04-21,572,6,Asia Pacific,Online,1,787.55,,787.55,Completed
104826,2023-04-21,539,4,North America,Online,1,2034.14,0.0,2034.14,Completed
105559,2023-04-21,574,11,Asia Pacific,Online,2,29.09,0.0,58.18,Completed
100083,2023-04-22,298,10,Asia Pacific,Retail,3,47.6,0.0,142.8,Completed
100259,2023-04-22,405,13,Middle East & Africa,Partner,1,24.46,0.0,24.46,Completed
100880,2023-04-22,435,7,North America,Retail,1,564.92,0.1,508.43,Returned
101559,2023-04-22,246,1,Latin America,Online,1,1177.03,0.0,1177.03,Returned
101803,2023-04-22,179,16,Latin America,Online,1,202.31,0.15,171.96,Completed
103292,2023-04-22,539,7,North America,Online,2,533.66,0.1,960.59,Completed
104206,2023-04-22,176,10,North America,Online,5,42.48,0.0,212.4,Completed
104414,2023-04-22,587,7,North America,Retail,4,558.97,0.1,2012.29,Completed
105021,2023-04-22,157,10,North America,Online,1,41.59,0.1,37.43,Returned
105885,2023-04-22,492,10,Europe,Online,4,46.58,0.05,177.0,Completed
106120,2023-04-22,408,7,Asia Pacific,Online,1,532.04,0.0,532.04,Completed
101231,2023-04-23,36,11,North America,Online,1,27.91,0.15,23.72,Completed
102094,2023-04-23,113,16,North America,Retail,10,199.7,0.0,1997.0,Completed
102209,2023-04-23,30,14,Asia Pacific,Retail,5,57.54,0.15,244.54,Completed
103063,2023-04-23,133,18,Europe,Online,1,756.6,0.15,643.11,Completed
105223,2023-04-23,151,21,Asia Pacific,Online,6,306.34,0.0,1838.04,Completed
105445,2023-04-23,114,2,Europe,Online,1,1522.71,0.15,1294.3,Completed
100016,2023-04-24,473,15,North America,Retail,4,75.52,0.1,271.87,Completed
100489,2023-04-24,526,7,North America,Online,8,557.06,0.05,4233.66,Completed
102258,2023-04-24,539,24,North America,Online,5,58.08,0.05,275.88,Completed
102838,2023-04-24,530,20,North America,Partner,2,174.27,0.05,331.11,Completed
103591,2023-04-24,376,10,North America,Retail,5,43.73,0.0,218.65,Completed
105094,2023-04-24,315,11,North America,Retail,2,28.36,0.1,51.05,Completed
106235,2023-04-24,364,3,North America,Online,1,969.01,0.0,969.01,Completed
106758,2023-04-24,361,2,Latin America,Online,1,1512.14,0.0,1512.14,Completed
101127,2023-04-25,146,13,North America,Online,6,26.37,0.05,150.31,Completed
102225,2023-04-25,23,15,Middle East & Africa,Partner,1,78.41,0.05,74.49,Completed
102487,2023-04-25,84,15,North America,Partner,1,79.56,0.0,79.56,Cancelled
104033,2023-04-25,527,7,Middle East & Africa,Retail,2,553.14,0.0,1106.28,Completed
104209,2023-04-25,363,20,North America,Online,1,186.48,0.15,158.51,Completed
104480,2023-04-25,119,7,Europe,Online,2,527.45,0.0,1054.9,Completed
105983,2023-04-25,16,10,North America,Partner,5,44.5,0.1,200.25,Completed
106814,2023-04-25,161,1,North America,Online,2,1202.74,0.15,2044.66,Completed
100809,2023-04-26,144,15,Europe,Retail,5,80.14,0.15,340.6,Completed
100998,2023-04-26,118,10,Asia Pacific,Online,2,47.28,0.0,94.56,Completed
101123,2023-04-26,231,11,North America,Online,3,28.83,0.0,86.49,Completed
102045,2023-04-26,564,14,Europe,Online,2,63.04,0.0,126.08,Completed
103115,2023-04-26,176,6,North America,Online,2,793.48,0.1,1428.26,Completed
103924,2023-04-26,207,10,North America,Online,2,45.75,0.0,91.5,Completed
105836,2023-04-26,139,7,Asia Pacific,Online,1,542.25,0.15,460.91,Completed
105938,2023-04-26,25,12,Asia Pacific,Online,4,99.26,0.15,337.48,Completed
106049,2023-04-26,115,12,North America,Retail,4,100.68,0.05,382.58,Completed
100089,2023-04-27,223,3,Asia Pacific,Partner,1,1008.12,0.0,1008.12,Completed
100608,2023-04-27,36,7,North America,Online,1,548.99,0.1,494.09,Completed
101473,2023-04-27,239,8,North America,Online,1,1131.88,0.0,1131.88,Completed
102277,2023-04-27,573,1,Europe,Online,1,1249.17,0.05,1186.71,Completed
102350,2023-04-27,219,17,Latin America,Retail,1,465.06,0.0,465.06,Completed
103062,2023-04-27,101,14,Latin America,Online,4,60.02,0.1,216.07,Cancelled
103858,2023-04-27,401,3,North America,Online,1,1009.19,0.15,857.81,Completed
105131,2023-04-27,344,4,Europe,Retail,1,1971.23,0.0,1971.23,Completed
105299,2023-04-27,13,10,Europe,Retail,5,44.84,0.15,190.57,Completed
106137,2023-04-27,298,13,Asia Pacific,Online,2,24.99,0.0,49.98,Completed
106641,2023-04-27,221,19,North America,Retail,1,103.75,0.1,93.38,Completed
100832,2023-04-28,516,3,North America,Online,1,951.25,0.0,951.25,Completed
102088,2023-04-28,596,13,North America,Retail,10,25.45,0.05,241.77,Completed
102886,2023-04-28,548,8,North America,Online,2,1138.36,0.1,2049.05,Completed
104214,2023-04-28,411,18,Asia Pacific,Retail,5,717.99,0.1,3230.96,Completed
104460,2023-04-28,155,2,North America,Retail,4,1495.52,0.0,5982.08,Completed
105149,2023-04-28,34,22,North America,Retail,1,78.3,0.1,70.47,Completed
106139,2023-04-28,216,12,Asia Pacific,Online,4,97.4,0.05,370.12,Completed
101814,2023-04-29,218,16,North America,Online,2,200.64,0.05,381.22,Returned
103103,2023-04-29,367,12,Asia Pacific,Online,3,94.59,0.1,255.39,Completed
103235,2023-04-29,277,16,North America,Online,3,197.21,0.0,591.63,Completed
103826,2023-04-29,27,6,Europe,Retail,2,787.11,0.15,1338.09,Completed
105059,2023-04-29,353,12,Europe,Retail,1,98.53,0.1,88.68,Completed
106300,2023-04-29,234,15,Europe,Online,1,77.9,0.15,66.22,Completed
106750,2023-04-29,516,1,North America,Online,2,1239.8,0.05,2355.62,Completed
106862,2023-04-29,65,11,Europe,Online,5,30.01,0.05,142.55,Completed
100682,2023-04-30,581,8,Europe,Retail,2,1089.79,0.0,2179.58,Completed
101149,2023-04-30,281,4,North America,Partner,2,2120.44,0.0,4240.88,Returned
102115,2023-04-30,253,12,Europe,Online,4,100.13,0.05,380.49,Completed
103394,2023-04-30,504,10,Europe,Online,4,45.27,0.05,172.03,Completed
104027,2023-04-30,576,8,Europe,Online,2,1064.97,0.0,2129.94,Completed
104202,2023-04-30,93,7,Europe,Partner,1,563.99,0.0,563.99,Completed
105793,2023-04-30,192,8,North America,Partner,2,1132.25,0.0,2264.5,Completed
100845,2023-05-01,24,1,Latin America,Online,1,1171.51,0.1,1054.36,Completed
102466,2023-05-01,44,10,North America,Online,12,45.76,0.0,549.12,Completed
104075,2023-05-01,435,7,North America,Online,2,560.19,0.0,1120.38,Completed
104679,2023-05-01,176,18,North America,Online,2,755.92,0.0,1511.84,Completed
104777,2023-05-01,290,15,North America,Online,1,75.43,0.0,75.43,Completed
105958,2023-05-01,79,3,Europe,Online,1,995.17,0.15,845.89,Completed
106215,2023-05-01,64,18,Asia Pacific,Retail,1,770.0,0.0,770.0,Completed
100381,2023-05-02,281,12,North America,Online,5,101.69,0.1,457.6,Completed
100952,2023-05-02,64,9,Asia Pacific,Retail,1,148.7,0.15,126.39,Completed
102715,2023-05-02,193,19,North America,Online,1,100.57,0.1,90.51,Completed
103497,2023-05-02,335,16,North America,Retail,1,199.68,0.1,179.71,Completed
103628,2023-05-02,429,17,North America,Online,1,452.79,0.05,430.15,Completed
103692,2023-05-02,253,7,Europe,Online,1,545.87,0.1,491.28,Completed
103730,2023-05-02,363,4,North America,Retail,2,2007.16,0.0,4014.32,Completed
104888,2023-05-02,77,10,North America,Retail,4,44.94,0.0,179.76,Completed
105235,2023-05-02,187,8,North America,Online,1,1101.18,0.0,1101.18,Completed
106835,2023-05-02,102,7,Asia Pacific,Online,2,521.4,0.0,1042.8,Completed
101797,2023-05-03,278,3,Europe,Partner,2,960.44,0.1,1728.79,Completed
101966,2023-05-03,422,8,North America,Online,2,1102.18,0.0,2204.36,Returned
104163,2023-05-03,561,16,North America,Partner,2,195.15,0.0,390.3,Completed
105327,2023-05-03,315,20,North America,Partner,1,176.18,0.1,158.56,Completed
105970,2023-05-03,535,18,North America,Retail,1,754.31,0.1,678.88,Completed
106542,2023-05-03,91,3,North America,Online,2,1033.11,0.05,1962.91,Completed
106683,2023-05-03,231,2,North America,Retail,1,1550.7,0.15,1318.1,Completed
100405,2023-05-04,530,23,North America,Online,1,132.72,0.15,112.81,Completed
100475,2023-05-04,404,11,North America,Online,5,28.19,0.0,140.95,Completed
101665,2023-05-04,124,15,Europe,Online,1,83.61,0.05,79.43,Completed
101972,2023-05-04,591,14,Latin America,Online,5,60.27,0.05,286.28,Completed
103602,2023-05-04,266,15,North America,Online,6,80.23,0.0,481.38,Completed
104553,2023-05-04,71,16,North America,Online,2,192.9,0.1,347.22,Completed
104985,2023-05-04,91,7,North America,Online,1,545.36,0.0,545.36,Completed
106607,2023-05-04,415,12,North America,Online,9,101.97,0.1,825.96,Completed
100113,2023-05-05,119,13,Europe,Online,5,24.09,0.1,108.4,Completed
101474,2023-05-05,429,6,North America,Retail,1,780.2,0.05,741.19,Completed
102654,2023-05-05,540,14,Asia Pacific,Online,1,59.12,0.15,50.25,Completed
103473,2023-05-05,275,1,Asia Pacific,Retail,2,1148.35,0.0,2296.7,Completed
105163,2023-05-05,390,19,Latin America,Online,4,99.42,0.15,338.03,Completed
105906,2023-05-05,586,10,Europe,Retail,2,43.21,0.05,82.1,Completed
105967,2023-05-05,221,18,North America,Online,1,742.37,0.05,705.25,Completed
106254,2023-05-05,13,6,Europe,Partner,1,804.56,0.15,683.88,Completed
106496,2023-05-05,43,6,Asia Pacific,Online,1,793.8,0.1,714.42,Completed
102511,2023-05-06,538,8,North America,Online,2,1085.86,0.05,2063.13,Completed
103615,2023-05-06,134,3,North America,Online,2,944.32,0.0,1888.64,Completed
105357,2023-05-06,72,3,Europe,Retail,1,970.05,,970.05,Completed
100179,2023-05-07,413,6,North America,Online,2,800.43,0.1,1440.77,Completed
102114,2023-05-07,333,12,Asia Pacific,Retail,4,95.93,0.1,345.35,Completed
102508,2023-05-07,497,17,Europe,Retail,1,480.84,0.1,432.76,Completed
102793,2023-05-07,474,19,North America,Online,2,99.79,0.1,179.62,Completed
102820,2023-05-07,440,6,Europe,Retail,1,800.16,0.05,760.15,Completed
104237,2023-05-07,475,8,North America,Online,1,1050.59,0.1,945.53,Completed
104304,2023-05-07,422,8,North America,Partner,1,1099.78,0.0,1099.78,Completed
100021,2023-05-08,117,12,Asia Pacific,Partner,2,97.59,0.0,195.18,Completed
100754,2023-05-08,340,10,Latin America,Partner,4,42.87,0.1,154.33,Completed
102439,2023-05-08,219,21,Latin America,Online,1,306.13,0.05,290.82,Completed
104137,2023-05-08,80,16,Asia Pacific,Online,1,194.66,0.15,165.46,Returned
104298,2023-05-08,260,17,Europe,Retail,2,432.77,,822.26,Completed
104419,2023-05-08,504,19,Europe,Retail,2,93.67,0.0,187.34,Completed
105476,2023-05-08,124,15,Europe,Online,1,81.07,0.0,81.07,Returned
100194,2023-05-09,376,10,North America,Online,2,44.74,0.05,85.01,Completed
100466,2023-05-09,252,8,Latin America,Online,2,1124.2,0.0,2248.4,Completed
101635,2023-05-09,577,15,Latin America,Retail,2,76.72,0.0,153.44,Completed
101942,2023-05-09,469,11,North America,Retail,4,29.42,0.0,117.68,Completed
102254,2023-05-09,435,10,North America,Online,3,42.82,0.05,122.04,Completed
102769,2023-05-09,535,17,North America,Online,2,441.85,0.0,883.7,Completed
103297,2023-05-09,37,18,North America,Online,1,739.2,0.15,628.32,Completed
103633,2023-05-09,266,12,North America,Retail,20,97.54,0.1,1755.72,Completed
104496,2023-05-09,266,6,North America,Partner,4,763.2,0.0,3052.8,Completed
104634,2023-05-09,85,19,North America,Online,1,96.58,0.0,96.58,Completed
106768,2023-05-09,259,11,North America,Online,1,28.73,0.0,28.73,Completed
101906,2023-05-10,289,4,Europe,Online,2,2035.87,0.05,3868.15,Completed
102454,2023-05-10,108,22,North America,Retail,1,78.88,0.05,74.94,Completed
102763,2023-05-10,485,1,North America,Online,2,1228.53,0.0,2457.06,Cancelled
104216,2023-05-10,100,6,Middle East & Africa,Retail,2,783.07,0.0,1566.14,Completed
104655,2023-05-10,493,3,Asia Pacific,Online,2,929.6,0.1,1673.28,Completed
105669,2023-05-10,422,8,North America,Retail,2,1082.63,0.05,2057.0,Completed
105685,2023-05-10,564,14,Europe,Online,4,56.97,0.05,216.49,Completed
106329,2023-05-10,31,19,Asia Pacific,Online,2,100.1,0.1,180.18,Completed
100490,2023-05-11,547,23,Europe,Online,4,132.4,0.15,450.16,Completed
102253,2023-05-11,157,8,North America,Retail,1,1161.62,0.0,1161.62,Completed
104909,2023-05-11,528,13,Middle East & Africa,Retail,1,25.39,0.05,24.12,Completed
105463,2023-05-11,514,8,North America,Online,1,1040.39,0.0,1040.39,Completed
105715,2023-05-11,538,15,North America,Partner,5,80.49,0.15,342.08,Completed
106676,2023-05-11,75,4,North America,Online,8,2087.76,0.0,16702.08,Completed
100573,2023-05-12,230,14,North America,Partner,4,56.7,0.0,226.8,Completed
101388,2023-05-12,529,14,Asia Pacific,Retail,2,58.81,0.05,111.74,Completed
101782,2023-05-12,264,21,North America,Online,1,301.16,0.05,286.1,Completed
101941,2023-05-12,288,8,North America,Online,2,1057.73,0.1,1903.91,Completed
103076,2023-05-12,449,1,North America,Online,1,1183.77,0.15,1006.2,Completed
103176,2023-05-12,517,13,North America,Online,3,24.93,0.05,71.05,Completed
103469,2023-05-12,523,11,North America,Online,4,28.78,0.0,115.12,Completed
103988,2023-05-12,384,4,Europe,Retail,2,1897.72,0.0,3795.44,Completed
104591,2023-05-12,437,12,North America,Online,1,101.57,0.0,101.57,Completed
105667,2023-05-12,59,18,North America,Online,2,781.8,0.05,1485.42,Completed
106275,2023-05-12,497,11,Europe,Online,1,29.24,0.0,29.24,Completed
106286,2023-05-12,310,14,North America,Retail,5,59.79,0.05,284.0,Completed
106403,2023-05-12,291,7,Asia Pacific,Retail,2,528.54,0.15,898.52,Completed
100728,2023-05-13,46,12,Asia Pacific,Retail,1,99.72,0.0,99.72,Completed
101095,2023-05-13,596,11,North America,Retail,10,28.2,0.1,253.8,Completed
101268,2023-05-13,497,3,Europe,Online,1,996.8,0.05,946.96,Completed
103041,2023-05-13,239,13,North America,Online,1,25.44,0.05,24.17,Completed
103708,2023-05-13,472,1,Europe,Online,1,1187.39,0.15,1009.28,Completed
103964,2023-05-13,209,6,North America,Retail,2,830.88,0.0,1661.76,Completed
104324,2023-05-13,425,3,Europe,Retail,1,986.72,0.05,937.38,Completed
104988,2023-05-13,559,6,Europe,Retail,2,815.37,0.0,1630.74,Completed
105139,2023-05-13,599,9,Middle East & Africa,Online,1,150.24,0.0,150.24,Completed
106307,2023-05-13,375,12,North America,Online,4,102.99,0.1,370.76,Completed
101202,2023-05-14,37,3,North America,Online,2,980.83,0.1,1765.49,Completed
101562,2023-05-14,97,21,North America,Retail,1,288.89,0.0,288.89,Completed
101884,2023-05-14,329,16,Europe,Retail,2,194.61,0.0,389.22,Returned
102105,2023-05-14,340,6,Latin America,Partner,1,775.17,0.15,658.89,Completed
103264,2023-05-14,16,14,North America,Online,1,57.3,0.0,57.3,Completed
104733,2023-05-14,176,10,North America,Online,1,40.28,0.0,40.28,Completed
104797,2023-05-14,548,11,North America,Online,5,30.35,0.0,151.75,Completed
104950,2023-05-14,218,20,North America,Retail,1,181.65,0.05,172.57,Completed
102339,2023-05-15,549,15,Asia Pacific,Partner,3,78.53,0.0,235.59,Completed
103718,2023-05-15,472,18,Europe,Online,1,731.39,0.1,658.25,Completed
103895,2023-05-15,353,1,Europe,Online,2,1130.02,0.1,2034.04,Completed
106312,2023-05-15,114,7,Europe,Online,1,543.19,0.0,543.19,Completed
106693,2023-05-15,335,20,North America,Partner,1,179.43,0.0,179.43,Completed
100836,2023-05-16,418,14,Asia Pacific,Online,6,59.32,0.0,355.92,Completed
102278,2023-05-16,71,13,North America,Online,5,25.64,0.0,128.2,Completed
103393,2023-05-16,324,12,Europe,Online,2,100.14,0.0,200.28,Completed
103623,2023-05-16,552,8,North America,Partner,1,1044.22,0.05,992.01,Completed
104884,2023-05-16,571,15,North America,Online,3,80.75,0.0,242.25,Completed
104939,2023-05-16,72,17,Europe,Retail,1,446.18,0.0,446.18,Completed
105411,2023-05-16,466,3,Asia Pacific,Online,2,997.7,0.0,1995.4,Completed
101012,2023-05-17,596,12,North America,Retail,4,94.95,0.05,360.81,Completed
101499,2023-05-17,245,14,Europe,Partner,12,59.5,0.0,714.0,Completed
101788,2023-05-17,288,15,North America,Retail,4,78.32,0.0,313.28,Completed
102305,2023-05-17,156,11,Asia Pacific,Retail,15,28.59,0.0,428.85,Completed
103259,2023-05-17,246,16,Latin America,Online,1,191.72,0.1,172.55,Completed
103510,2023-05-17,520,20,Asia Pacific,Partner,2,179.09,0.15,304.45,Completed
103994,2023-05-17,431,7,Latin America,Online,2,563.53,0.1,1014.35,Completed
100380,2023-05-18,502,4,Latin America,Online,2,2021.64,0.0,4043.28,Completed
100969,2023-05-18,212,1,Europe,Retail,2,1223.35,0.05,2324.36,Completed
103657,2023-05-18,563,13,Asia Pacific,Partner,5,24.03,0.05,114.14,Completed
105034,2023-05-18,246,10,Latin America,Partner,2,43.5,0.0,87.0,Completed
106813,2023-05-18,492,14,Europe,Retail,2,59.86,0.0,119.72,Returned
101643,2023-05-19,414,1,Latin America,Online,1,1221.06,0.1,1098.95,Completed
102217,2023-05-19,362,18,North America,Online,1,701.36,0.1,631.22,Completed
103792,2023-05-19,423,11,North America,Partner,2,29.59,0.0,59.18,Completed
104263,2023-05-19,166,13,North America,Online,2,25.2,0.0,50.4,Completed
104737,2023-05-19,76,21,North America,Retail,2,303.73,0.0,607.46,Completed
104824,2023-05-19,242,7,Asia Pacific,Online,1,540.84,0.0,540.84,Completed
105597,2023-05-19,171,7,North America,Online,1,544.08,0.0,544.08,Completed
106125,2023-05-19,591,8,Latin America,Retail,2,1062.88,0.0,2125.76,Completed
106281,2023-05-19,96,17,Europe,Partner,1,455.89,0.05,433.1,Completed
106399,2023-05-19,69,21,North America,Retail,1,309.03,,309.03,Completed
106453,2023-05-19,180,8,Asia Pacific,Retail,2,1165.85,0.0,2331.7,Completed
106923,2023-05-19,273,13,North America,Online,5,24.26,0.0,121.3,Completed
100328,2023-05-20,179,19,Latin America,Online,2,100.59,0.05,191.12,Completed
101412,2023-05-20,290,8,North America,Partner,2,1051.9,0.15,1788.23,Completed
102389,2023-05-20,563,10,Asia Pacific,Online,2,45.76,0.1,82.37,Completed
102449,2023-05-20,37,17,North America,Online,2,443.62,0.15,754.15,Completed
103670,2023-05-20,431,11,Latin America,Retail,5,29.22,0.0,146.1,Completed
103991,2023-05-20,205,19,North America,Partner,2,99.47,0.0,198.94,Returned
104030,2023-05-20,432,3,Asia Pacific,Retail,1,1043.59,0.1,939.23,Completed
104276,2023-05-20,156,20,Asia Pacific,Retail,3,177.85,0.15,453.52,Completed
105826,2023-05-20,573,20,Europe,Online,2,178.16,0.15,302.87,Completed
106355,2023-05-20,127,4,North America,Retail,2,2004.01,0.0,4008.02,Completed
106442,2023-05-20,407,4,North America,Online,1,2054.76,0.0,2054.76,Completed
100991,2023-05-21,550,12,Europe,Partner,2,94.58,0.0,189.16,Completed
102028,2023-05-21,118,4,Asia Pacific,Online,2,2090.52,0.15,3553.88,Completed
102447,2023-05-21,238,4,Asia Pacific,Retail,1,2010.13,0.05,1909.62,Returned
102827,2023-05-21,264,17,North America,Retail,1,444.98,0.1,400.48,Completed
102841,2023-05-21,302,12,North America,Online,4,94.18,0.1,339.05,Completed
103503,2023-05-21,175,12,North America,Online,5,102.65,0.05,487.59,Completed
103862,2023-05-21,560,19,Europe,Online,2,100.64,0.15,171.09,Completed
105224,2023-05-21,573,12,Europe,Online,5,97.78,0.1,440.01,Completed
105852,2023-05-21,163,14,North America,Retail,3,58.99,0.15,150.42,Completed
106541,2023-05-21,77,20,North America,Online,2,176.63,0.0,353.26,Completed
100314,2023-05-22,123,20,North America,Online,2,196.67,0.0,393.34,Completed
100825,2023-05-22,31,17,Asia Pacific,Online,1,450.2,0.15,382.67,Completed
101529,2023-05-22,259,14,North America,Online,2,58.17,0.1,104.71,Completed
101578,2023-05-22,143,12,Latin America,Online,1,99.11,0.1,89.2,Completed
103700,2023-05-22,538,20,North America,Retail,2,175.74,0.05,333.91,Completed
104455,2023-05-22,445,20,North America,Retail,2,179.6,0.0,359.2,Completed
106642,2023-05-22,309,3,North America,Online,2,1026.63,0.1,1847.93,Completed
100870,2023-05-23,254,21,North America,Online,1,300.09,0.0,300.09,Completed
101172,2023-05-23,267,16,North America,Online,1,197.7,0.0,197.7,Returned
104658,2023-05-23,401,8,North America,Retail,1,1134.14,0.15,964.02,Completed
105512,2023-05-23,580,7,North America,Partner,2,561.21,0.1,1010.18,Completed
105948,2023-05-23,230,6,North America,Online,2,820.59,0.0,1641.18,Completed
106187,2023-05-23,528,12,Middle East & Africa,Retail,4,99.35,0.0,397.4,Completed
100626,2023-05-24,134,10,North America,Online,1,47.24,0.05,44.88,Completed
102139,2023-05-24,424,10,North America,Online,2,44.75,0.15,76.08,Completed
103068,2023-05-24,100,2,Middle East & Africa,Retail,1,1483.63,0.05,1409.45,Completed
104958,2023-05-24,252,12,Latin America,Retail,4,98.52,0.05,374.38,Completed
105561,2023-05-24,376,21,North America,Online,2,301.14,0.0,602.28,Completed
106533,2023-05-24,437,23,North America,Retail,5,127.39,0.0,636.95,Completed
106593,2023-05-24,150,17,North America,Partner,6,447.47,0.0,2684.82,Completed
100077,2023-05-25,592,7,Europe,Online,2,547.44,0.0,1094.88,Completed
100763,2023-05-25,100,16,Middle East & Africa,Online,2,187.07,0.0,374.14,Completed
100789,2023-05-25,212,6,Europe,Retail,2,791.87,0.0,1583.74,Completed
101207,2023-05-25,156,15,Asia Pacific,Retail,12,79.08,0.1,854.06,Completed
101491,2023-05-25,502,2,Latin America,Online,1,1523.98,0.0,1523.98,Completed
102276,2023-05-25,134,13,North America,Partner,4,23.22,0.0,92.88,Completed
102963,2023-05-25,557,13,North America,Online,5,26.06,0.0,130.3,Completed
103088,2023-05-25,490,14,Europe,Online,5,57.49,0.15,244.33,Completed
103357,2023-05-25,31,15,Asia Pacific,Retail,5,78.26,0.1,352.17,Completed
105259,2023-05-25,334,13,Latin America,Online,6,25.44,0.0,152.64,Returned
100206,2023-05-26,435,6,North America,Retail,1,763.08,0.0,763.08,Completed
101501,2023-05-26,131,8,North America,Online,2,1113.2,0.0,2226.4,Completed
101570,2023-05-26,216,14,Asia Pacific,Online,2,59.99,0.15,101.98,Completed
104894,2023-05-26,290,15,North America,Retail,3,78.25,0.0,234.75,Cancelled
101572,2023-05-27,414,8,Latin America,Partner,2,1088.13,0.0,2176.26,Completed
102664,2023-05-27,407,7,North America,Retail,2,562.12,0.0,1124.24,Completed
102925,2023-05-27,580,11,North America,Online,5,29.31,0.15,124.57,Completed
102971,2023-05-27,11,18,North America,Online,1,729.6,0.15,620.16,Completed
103119,2023-05-27,395,17,North America,Online,2,439.96,0.0,879.92,Completed
104158,2023-05-27,437,15,North America,Retail,3,78.15,0.0,234.45,Completed
105265,2023-05-27,172,3,Europe,Partner,2,1018.5,0.0,2037.0,Completed
106156,2023-05-27,435,12,North America,Online,3,95.65,0.05,272.6,Completed
100117,2023-05-28,376,3,North America,Retail,2,951.72,0.0,1903.44,Completed
100491,2023-05-28,277,11,North America,Retail,3,30.42,0.0,91.26,Completed
100815,2023-05-28,388,7,Middle East & Africa,Retail,1,557.52,0.15,473.89,Completed
101969,2023-05-28,328,19,Europe,Online,1,98.93,0.1,89.04,Completed
102926,2023-05-28,406,15,Latin America,Partner,2,77.64,0.0,155.28,Completed
103004,2023-05-28,171,9,North America,Retail,2,148.91,0.05,282.93,Completed
103824,2023-05-28,21,13,Asia Pacific,Online,20,24.37,0.1,438.66,Completed
104976,2023-05-28,443,1,Asia Pacific,Online,1,1176.37,0.0,1176.37,Completed
105187,2023-05-28,24,21,Latin America,Retail,1,288.89,0.0,288.89,Returned
105428,2023-05-28,280,23,Latin America,Retail,2,125.36,0.1,225.65,Completed
106740,2023-05-28,409,14,North America,Retail,1,56.7,0.0,56.7,Completed
106796,2023-05-28,421,12,Asia Pacific,Partner,4,97.55,0.05,370.69,Completed
103019,2023-05-29,344,24,Europe,Online,2,56.78,0.0,113.56,Completed
103543,2023-05-29,37,20,North America,Online,2,177.72,0.15,302.12,Completed
103805,2023-05-29,57,13,Europe,Online,5,24.43,0.0,122.15,Completed
104710,2023-05-29,198,8,Latin America,Online,2,1074.32,0.0,2148.64,Completed
106443,2023-05-29,67,6,Europe,Partner,4,778.67,0.05,2958.95,Completed
100553,2023-05-30,440,17,Europe,Online,2,467.28,0.0,934.56,Completed
102057,2023-05-30,234,10,Europe,Online,1,45.19,0.0,45.19,Completed
102320,2023-05-30,133,1,Europe,Online,1,1224.22,0.15,1040.59,Returned
103171,2023-05-30,171,14,North America,Online,2,58.76,0.0,117.52,Completed
103798,2023-05-30,212,18,Europe,Online,1,759.79,0.1,683.81,Completed
104112,2023-05-30,252,16,Latin America,Online,1,208.11,0.0,208.11,Completed
100503,2023-05-31,93,14,Europe,Retail,1,56.04,0.0,56.04,Completed
100512,2023-05-31,171,10,North America,Online,5,46.36,0.0,231.8,Cancelled
101852,2023-05-31,139,18,Asia Pacific,Online,1,793.7,0.1,714.33,Completed
102481,2023-05-31,332,1,North America,Retail,2,1208.21,0.0,2416.42,Completed
102678,2023-05-31,348,16,North America,Online,5,209.47,0.0,1047.35,Completed
103160,2023-05-31,198,21,Latin America,Retail,1,288.91,0.15,245.57,Completed
104115,2023-05-31,330,6,North America,Online,1,797.66,0.0,797.66,Completed
105494,2023-05-31,226,13,Latin America,Online,2,26.71,0.1,48.08,Completed
105572,2023-05-31,337,7,North America,Online,2,579.89,0.0,1159.78,Completed
106297,2023-05-31,568,12,North America,Online,3,104.63,0.0,313.89,Completed
106452,2023-05-31,585,20,Latin America,Retail,1,182.98,0.0,182.98,Completed
100126,2023-06-01,348,6,North America,Online,3,775.04,0.1,2092.61,Completed
102014,2023-06-01,208,19,Asia Pacific,Partner,2,98.43,0.0,196.86,Completed
102066,2023-06-01,294,6,North America,Retail,1,814.9,0.05,774.16,Returned
102642,2023-06-01,599,10,Middle East & Africa,Partner,2,42.91,0.0,85.82,Completed
103939,2023-06-01,437,11,North America,Online,5,28.33,0.1,127.48,Completed
106865,2023-06-01,348,19,North America,Retail,10,100.65,0.1,905.85,Cancelled
100658,2023-06-02,342,15,Middle East & Africa,Online,4,82.54,0.0,330.16,Completed
103627,2023-06-02,243,10,North America,Partner,2,45.88,0.0,91.76,Completed
105330,2023-06-02,532,10,Asia Pacific,Retail,5,45.89,0.05,217.98,Completed
100283,2023-06-03,166,10,North America,Online,2,43.53,0.15,74.0,Completed
101306,2023-06-03,595,1,North America,Retail,1,1152.56,0.0,1152.56,Completed
101394,2023-06-03,485,7,North America,Online,1,563.72,0.0,563.72,Cancelled
101608,2023-06-03,546,1,Europe,Online,1,1200.67,0.1,1080.6,Completed
101726,2023-06-03,13,14,Europe,Online,5,60.44,0.05,287.09,Completed
101824,2023-06-03,138,15,Europe,Online,1,76.62,0.0,76.62,Completed
103914,2023-06-03,563,17,Asia Pacific,Partner,2,430.34,0.1,774.61,Completed
104046,2023-06-03,134,18,North America,Partner,1,764.14,0.1,687.73,Completed
106053,2023-06-03,232,8,Europe,Retail,2,1043.24,0.0,2086.48,Completed
106486,2023-06-03,74,1,North America,Retail,4,1157.28,0.15,3934.75,Completed
100551,2023-06-04,106,17,Asia Pacific,Online,1,436.21,0.0,436.21,Returned
100799,2023-06-04,476,11,North America,Retail,3,30.02,0.0,90.06,Completed
101025,2023-06-04,275,7,Asia Pacific,Retail,2,515.15,0.0,1030.3,Completed
101128,2023-06-04,23,10,Middle East & Africa,Online,5,43.8,0.0,219.0,Completed
101139,2023-06-04,375,14,North America,Partner,1,56.56,0.0,56.56,Completed
101988,2023-06-04,397,16,Asia Pacific,Retail,2,196.55,0.15,334.14,Completed
102536,2023-06-04,118,19,Asia Pacific,Online,2,102.85,0.05,195.42,Completed
103663,2023-06-04,29,19,North America,Retail,8,99.21,0.05,754.0,Completed
104495,2023-06-04,35,20,Europe,Partner,1,190.49,0.0,190.49,Completed
105044,2023-06-04,102,14,Asia Pacific,Retail,3,58.54,0.05,166.84,Completed
106211,2023-06-04,23,14,Middle East & Africa,Retail,2,57.89,0.0,115.78,Completed
100516,2023-06-05,564,15,Europe,Online,5,77.34,0.0,386.7,Completed
102260,2023-06-05,421,6,Asia Pacific,Online,1,781.09,0.0,781.09,Completed
102863,2023-06-05,228,5,Europe,Online,2,466.96,0.0,933.92,Cancelled
103040,2023-06-05,207,8,North America,Retail,2,1107.55,0.0,2215.1,Completed
103474,2023-06-05,181,7,Latin America,Online,1,550.83,0.15,468.21,Completed
103562,2023-06-05,144,2,Europe,Retail,2,1488.43,0.0,2976.86,Completed
103816,2023-06-05,162,20,Latin America,Retail,1,176.33,0.0,176.33,Completed
103998,2023-06-05,560,11,Europe,Online,1,29.17,0.15,24.79,Completed
104311,2023-06-05,532,4,Asia Pacific,Retail,2,1995.88,0.15,3393.0,Completed
105847,2023-06-05,79,3,Europe,Online,1,969.55,0.15,824.12,Completed
106717,2023-06-05,470,11,Europe,Online,2,28.55,0.15,48.54,Completed
101679,2023-06-06,348,20,North America,Retail,8,181.53,0.0,1452.24,Completed
101886,2023-06-06,273,15,North America,Online,5,79.54,0.0,397.7,Completed
102440,2023-06-06,89,4,North America,Online,1,1973.75,0.1,1776.38,Completed
103168,2023-06-06,584,25,Europe,Retail,1,95.41,0.1,85.87,Completed
103335,2023-06-06,489,18,Europe,Retail,2,713.16,0.1,1283.69,Completed
103604,2023-06-06,153,11,North America,Retail,5,28.0,0.0,140.0,Returned
103617,2023-06-06,414,11,Latin America,Online,3,27.05,0.0,81.15,Completed
103742,2023-06-06,36,4,North America,Online,2,1821.83,0.0,3643.66,Returned
103911,2023-06-06,97,14,North America,Retail,3,57.72,0.0,173.16,Completed
104740,2023-06-06,138,13,Europe,Online,4,24.51,0.05,93.14,Completed
105666,2023-06-06,584,12,Europe,Online,5,99.24,0.05,471.39,Completed
106180,2023-06-06,16,10,North America,Retail,3,46.75,0.0,140.25,Completed
100557,2023-06-07,85,1,North America,Partner,1,1184.51,0.0,1184.51,Completed
100943,2023-06-07,252,8,Latin America,Retail,1,1044.1,0.0,1044.1,Completed
101406,2023-06-07,259,14,North America,Retail,2,58.81,0.05,111.74,Completed
101999,2023-06-07,91,18,North America,Retail,2,797.11,0.15,1355.09,Completed
102271,2023-06-07,182,1,Latin America,Online,2,1161.71,0.0,2323.42,Completed
104016,2023-06-07,294,13,North America,Online,3,25.91,0.05,73.84,Completed
104310,2023-06-07,206,13,North America,Online,1,24.4,0.15,20.74,Completed
104952,2023-06-07,397,13,Asia Pacific,Retail,2,25.06,0.0,50.12,Completed
105872,2023-06-07,395,13,North America,Retail,1,25.57,0.15,21.73,Completed
106382,2023-06-07,512,10,Asia Pacific,Partner,2,45.83,0.1,82.49,Completed
106550,2023-06-07,157,18,North America,Retail,2,739.81,0.1,1331.66,Completed
101257,2023-06-08,179,10,Latin America,Online,5,44.34,0.05,210.62,Completed
101568,2023-06-08,48,19,North America,Online,2,97.45,0.05,185.16,Completed
102561,2023-06-08,315,6,North America,Retail,2,844.32,0.0,1688.64,Completed
103426,2023-06-08,334,16,Latin America,Online,3,196.07,0.0,588.21,Completed
103488,2023-06-08,278,12,Europe,Partner,5,98.26,0.0,491.3,Completed
104400,2023-06-08,213,6,North America,Retail,2,796.56,0.1,1433.81,Completed
104883,2023-06-08,576,15,Europe,Partner,3,79.23,0.05,225.81,Completed
100717,2023-06-09,372,4,North America,Online,2,2099.74,0.0,4199.48,Completed
101218,2023-06-09,344,3,Europe,Online,2,990.38,0.15,1683.65,Completed
102562,2023-06-09,546,13,Europe,,1,25.18,0.1,22.66,Completed
102649,2023-06-09,258,7,North America,Online,2,567.58,0.0,1135.16,Completed
104155,2023-06-09,181,15,Latin America,Retail,4,83.61,0.0,334.44,Completed
104204,2023-06-09,445,14,North America,Partner,1,59.6,0.0,59.6,Completed
105301,2023-06-09,158,13,Asia Pacific,Online,1,23.86,0.0,23.86,Completed
106097,2023-06-09,52,12,North America,Online,2,103.61,0.0,207.22,Completed
106895,2023-06-09,196,10,North America,Online,2,43.84,0.0,87.68,Completed
100042,2023-06-10,591,7,Latin America,Retail,1,552.03,0.0,552.03,Completed
100523,2023-06-10,49,15,Asia Pacific,Online,3,79.92,0.0,239.76,Completed
100589,2023-06-10,259,13,North America,Online,4,23.72,0.1,85.39,Completed
102165,2023-06-10,29,13,North America,Online,8,24.46,0.0,195.68,Completed
102522,2023-06-10,147,10,North America,Retail,1,44.3,0.15,37.65,Completed
102584,2023-06-10,323,17,North America,Online,1,467.06,0.0,467.06,Completed
102662,2023-06-10,205,6,North America,Retail,1,736.13,0.0,736.13,Completed
102934,2023-06-10,176,11,North America,Retail,1,28.45,0.15,24.18,Completed
103579,2023-06-10,16,12,North America,Retail,3,100.08,0.0,300.24,Completed
104001,2023-06-10,540,11,Asia Pacific,Online,1,28.78,0.0,28.78,Completed
104094,2023-06-10,290,14,North America,Partner,4,59.06,0.1,212.62,Completed
105089,2023-06-10,217,7,North America,Online,2,550.84,0.0,1101.68,Completed
105183,2023-06-10,481,15,Europe,Online,3,78.08,0.0,234.24,Completed
105565,2023-06-10,136,12,North America,Online,1,99.17,0.0,99.17,Completed
105960,2023-06-10,179,7,Latin America,Retail,2,525.92,0.0,1051.84,Completed
106774,2023-06-10,377,21,Latin America,Retail,1,304.78,0.15,259.06,Completed
100371,2023-06-11,91,13,North America,Retail,1,24.51,0.0,24.51,Completed
100481,2023-06-11,60,22,North America,Retail,1,71.67,0.05,68.09,Completed
100721,2023-06-11,375,1,North America,Retail,1,1110.65,0.1,999.59,Completed
101609,2023-06-11,422,8,North America,Online,2,1052.51,0.1,1894.52,Returned
101663,2023-06-11,552,2,North America,Online,2,1477.11,0.1,2658.8,Completed
103904,2023-06-11,37,14,North America,Online,4,59.96,0.0,239.84,Completed
104436,2023-06-11,462,7,North America,Partner,2,524.94,0.1,944.89,Completed
105028,2023-06-11,105,7,Asia Pacific,Online,1,595.13,0.05,565.37,Completed
106103,2023-06-11,132,21,Latin America,Retail,2,290.55,0.15,493.94,Completed
106820,2023-06-11,224,20,Middle East & Africa,Online,1,176.41,0.1,158.77,Returned
100121,2023-06-12,481,7,Europe,Retail,1,530.69,0.05,504.16,Completed
100974,2023-06-12,217,16,North America,Retail,2,198.59,0.15,337.6,Completed
102010,2023-06-12,437,4,North America,Partner,1,1946.72,0.05,1849.38,Completed
102173,2023-06-12,128,20,North America,Partner,1,173.69,0.0,173.69,Completed
103008,2023-06-12,119,11,Europe,Partner,2,28.82,0.15,48.99,Completed
104789,2023-06-12,218,8,North America,Retail,2,1078.93,0.15,1834.18,Completed
105828,2023-06-12,475,6,North America,Online,1,786.09,0.05,746.79,Completed
106118,2023-06-12,595,17,North America,Online,1,431.86,0.0,431.86,Completed
106210,2023-06-12,465,11,Europe,Retail,1,28.25,0.05,26.84,Completed
106769,2023-06-12,82,21,Europe,Online,2,296.33,0.1,533.39,Completed
106801,2023-06-12,334,16,Latin America,Online,6,199.29,0.05,1135.95,Completed
100835,2023-06-13,85,11,North America,Online,2,27.8,0.0,55.6,Completed
101134,2023-06-13,309,21,North America,Online,2,298.93,0.0,597.86,Completed
105941,2023-06-13,480,6,Europe,Retail,2,789.15,0.0,1578.3,Completed
101360,2023-06-14,548,13,North America,Retail,4,25.32,0.05,96.22,Completed
101974,2023-06-14,474,14,North America,Online,4,57.97,0.0,231.88,Completed
102067,2023-06-14,100,3,Middle East & Africa,Online,2,1014.94,0.15,1725.4,Completed
102707,2023-06-14,485,2,North America,Partner,1,1484.13,0.05,1409.92,Completed
103277,2023-06-14,398,13,North America,Retail,5,24.85,0.0,124.25,Completed
103475,2023-06-14,241,12,Asia Pacific,Online,4,101.99,0.1,367.16,Completed
104760,2023-06-14,112,14,North America,Retail,2,59.41,0.0,118.82,Completed
106299,2023-06-14,550,6,Europe,Online,1,786.73,0.05,747.39,Completed
100188,2023-06-15,56,17,Asia Pacific,Online,5,446.82,0.0,2234.1,Completed
100296,2023-06-15,267,6,North America,Retail,2,788.39,0.0,1576.78,Completed
100410,2023-06-15,165,10,Europe,Online,1,43.14,0.05,40.98,Completed
102604,2023-06-15,14,20,Asia Pacific,Retail,2,174.0,0.15,295.8,Completed
104635,2023-06-15,572,12,Asia Pacific,Retail,1,96.16,0.05,91.35,Completed
106358,2023-06-15,127,7,North America,Online,2,537.89,0.05,1021.99,Completed
101335,2023-06-16,266,1,North America,Retail,8,1250.3,0.0,10002.4,Completed
102309,2023-06-16,171,2,North America,Retail,2,1538.76,0.15,2615.89,Completed
103845,2023-06-16,536,20,North America,Retail,2,178.61,0.0,357.22,Completed
104307,2023-06-16,437,3,North America,Online,2,983.17,0.05,1868.02,Completed
105124,2023-06-16,3,2,Latin America,Retail,1,1538.14,0.15,1307.42,Completed
105541,2023-06-16,573,12,Europe,Online,1,100.93,0.1,90.84,Completed
105846,2023-06-16,397,22,Asia Pacific,Retail,2,77.85,0.05,147.92,Returned
105886,2023-06-16,544,15,Middle East & Africa,Retail,4,74.5,0.0,298.0,Completed
106566,2023-06-16,572,8,Asia Pacific,Online,1,1055.49,0.0,1055.49,Completed
100325,2023-06-17,551,7,Europe,Online,1,531.18,0.05,504.62,Completed
100544,2023-06-17,85,3,North America,Online,1,993.85,0.15,844.77,Completed
102597,2023-06-17,193,15,North America,Retail,2,79.24,0.1,142.63,Completed
102661,2023-06-17,99,19,North America,Partner,2,97.24,0.15,165.31,Completed
103107,2023-06-17,186,13,Asia Pacific,Online,6,24.66,0.0,147.96,Completed
104411,2023-06-17,535,14,North America,Online,3,57.74,0.15,147.24,Completed
100700,2023-06-18,37,15,North America,Online,3,75.97,0.1,205.12,Completed
101976,2023-06-18,347,3,Latin America,Online,1,1015.84,0.0,1015.84,Completed
103526,2023-06-18,328,19,Europe,Partner,1,96.22,0.05,91.41,Completed
104526,2023-06-18,516,1,North America,Partner,2,1234.56,0.1,2222.21,Completed
104967,2023-06-18,361,15,Latin America,Online,3,78.9,0.0,236.7,Completed
106002,2023-06-18,584,7,Europe,Online,1,556.13,0.0,556.13,Completed
100309,2023-06-19,573,14,Europe,Partner,2,59.28,0.05,112.63,Completed
101282,2023-06-19,508,9,Asia Pacific,Retail,1,146.19,0.0,146.19,Completed
102803,2023-06-19,248,16,Europe,Retail,1,202.61,0.15,172.22,Completed
102805,2023-06-19,229,2,Europe,Online,1,1561.71,0.0,1561.71,Completed
103101,2023-06-19,110,14,Latin America,Retail,3,59.8,0.05,170.43,Completed
104661,2023-06-19,379,20,Europe,Online,1,177.11,0.1,159.4,Returned
105534,2023-06-19,441,6,Latin America,Online,2,810.23,0.0,1620.46,Completed
105641,2023-06-19,32,6,Middle East & Africa,Partner,3,809.78,0.05,2307.87,Completed
106343,2023-06-19,248,14,Europe,Online,1,58.39,0.0,58.39,Completed
106771,2023-06-19,35,13,Europe,Online,4,26.08,0.15,88.67,Completed
101118,2023-06-20,47,12,Europe,Online,2,99.87,0.1,179.77,Completed
101836,2023-06-20,493,18,Asia Pacific,Online,1,740.05,0.05,703.05,Completed
102711,2023-06-20,250,7,Europe,Retail,1,564.94,0.05,536.69,Completed
102802,2023-06-20,41,8,Europe,Retail,1,1099.89,0.1,989.9,Completed
104136,2023-06-20,497,15,Europe,Online,2,82.29,0.05,156.35,Completed
105961,2023-06-20,23,14,Middle East & Africa,Retail,5,59.81,0.1,269.15,Completed
105985,2023-06-20,21,24,Asia Pacific,Retail,10,61.15,0.15,519.78,Completed
106040,2023-06-20,173,8,North America,Online,1,1036.34,0.0,1036.34,Completed
106479,2023-06-20,210,6,Europe,Online,2,795.46,0.1,1431.83,Completed
106915,2023-06-20,535,13,North America,Online,5,24.6,0.0,123.0,Completed
106980,2023-06-20,539,11,North America,Online,2,27.55,0.15,46.84,Completed
100148,2023-06-21,330,12,North America,Online,1,98.66,0.05,93.73,Completed
100742,2023-06-21,191,17,Latin America,Partner,2,436.75,0.15,742.48,Completed
101612,2023-06-21,465,6,Europe,Partner,1,817.22,0.1,735.5,Completed
103283,2023-06-21,518,15,Asia Pacific,Online,4,78.0,0.0,312.0,Completed
103985,2023-06-21,512,15,Asia Pacific,Retail,3,77.91,0.1,210.36,Completed
104568,2023-06-21,266,14,North America,Retail,12,57.73,0.0,692.76,Completed
104916,2023-06-21,556,3,North America,Retail,2,949.23,0.0,1898.46,Completed
105130,2023-06-21,595,13,North America,Online,3,23.12,0.0,69.36,Returned
105688,2023-06-21,210,8,Europe,Online,1,1082.3,0.0,1082.3,Returned
100784,2023-06-22,29,12,North America,Online,5,101.31,0.05,481.22,Completed
102681,2023-06-22,46,16,Asia Pacific,Retail,1,190.38,0.0,190.38,Cancelled
102775,2023-06-22,595,15,North America,Retail,1,78.14,0.0,78.14,Completed
103424,2023-06-22,413,2,North America,Online,1,1513.95,0.1,1362.56,Completed
103630,2023-06-22,114,7,Europe,Partner,1,546.87,0.1,492.18,Completed
104809,2023-06-22,473,3,North America,Online,1,989.06,0.0,989.06,Completed
105272,2023-06-22,544,4,Middle East & Africa,Online,2,2049.33,0.0,4098.66,Completed
106082,2023-06-22,497,2,Europe,Online,2,1485.68,0.0,2971.36,Completed
106439,2023-06-22,280,8,Latin America,Online,2,1099.98,0.1,1979.96,Completed
100343,2023-06-23,360,1,Europe,Online,1,1184.84,0.1,1066.36,Completed
101674,2023-06-23,248,10,Europe,Retail,1,46.1,0.15,39.18,Completed
101799,2023-06-23,398,7,North America,Online,1,557.15,0.0,557.15,Completed
102065,2023-06-23,392,13,North America,Retail,5,25.98,0.15,110.42,Completed
102732,2023-06-23,527,11,Middle East & Africa,Online,5,28.84,0.0,144.2,Completed
103054,2023-06-23,197,21,Europe,Retail,2,300.24,0.0,600.48,Completed
103164,2023-06-23,422,19,North America,Online,1,94.68,0.05,89.95,Completed
106500,2023-06-23,230,12,North America,Online,2,95.78,0.05,181.98,Completed
106978,2023-06-23,424,3,North America,Online,1,927.14,0.1,834.43,Completed
101244,2023-06-24,100,13,Middle East & Africa,Online,4,25.1,0.0,100.4,Completed
101828,2023-06-24,412,18,Asia Pacific,Partner,1,724.54,0.15,615.86,Completed
102239,2023-06-24,207,8,North America,Retail,2,1126.63,0.0,2253.26,Completed
103117,2023-06-24,390,3,Latin America,Partner,6,1058.69,0.05,6034.53,Completed
103154,2023-06-24,469,24,North America,Retail,4,61.01,0.15,207.43,Completed
103478,2023-06-24,568,17,North America,Partner,1,447.67,0.15,380.52,Completed
104562,2023-06-24,451,15,North America,Online,5,77.38,0.1,348.21,Completed
101545,2023-06-25,62,10,Europe,Partner,2,42.89,0.0,85.78,Completed
102879,2023-06-25,440,17,Europe,Online,2,433.64,0.0,867.28,Completed
103842,2023-06-25,67,20,Europe,Retail,2,169.52,0.15,288.18,Completed
105071,2023-06-25,279,7,Latin America,Retail,1,551.55,0.0,551.55,Completed
105393,2023-06-25,580,6,North America,Online,1,821.5,0.0,821.5,Completed
106401,2023-06-25,235,8,Latin America,Online,2,1148.77,0.0,2297.54,Completed
106884,2023-06-25,457,10,Middle East & Africa,Retail,10,44.88,0.1,403.92,Completed
101404,2023-06-26,93,4,Europe,Online,1,2100.18,0.15,1785.15,Completed
101690,2023-06-26,296,20,Latin America,Online,1,182.76,0.0,182.76,Completed
102427,2023-06-26,18,4,North America,Retail,2,1974.68,0.15,3356.96,Completed
103057,2023-06-26,85,14,North America,Online,1,58.26,0.15,49.52,Completed
104184,2023-06-26,333,20,Asia Pacific,Retail,3,183.49,0.05,522.95,Cancelled
106219,2023-06-26,239,15,North America,Retail,1,78.41,0.0,78.41,Returned
106429,2023-06-26,47,14,Europe,Retail,4,60.56,0.05,230.13,Completed
102503,2023-06-27,440,11,Europe,Retail,4,28.95,0.0,115.8,Completed
103232,2023-06-27,207,6,North America,Retail,1,788.59,0.05,749.16,Completed
104113,2023-06-27,231,8,North America,Online,1,1066.49,0.1,959.84,Completed
105702,2023-06-27,229,6,Europe,Online,2,835.79,0.1,1504.42,Completed
106376,2023-06-27,481,8,Europe,Retail,1,1130.03,0.05,1073.53,Completed
106441,2023-06-27,296,5,Latin America,Online,1,441.51,0.05,419.43,Completed
101600,2023-06-28,417,12,North America,Online,2,104.66,0.0,209.32,Completed
101670,2023-06-28,313,4,North America,Partner,2,1955.64,0.15,3324.59,Completed
101997,2023-06-28,249,1,North America,Online,2,1220.31,0.0,2440.62,Returned
102022,2023-06-28,539,1,North America,Online,2,1214.12,0.05,2306.83,Returned
104689,2023-06-28,365,8,Asia Pacific,Partner,2,1086.11,0.0,2172.22,Completed
105068,2023-06-28,193,12,North America,Retail,4,96.01,0.15,326.43,Returned
105307,2023-06-28,252,12,Latin America,Online,4,99.25,0.1,357.3,Completed
106592,2023-06-28,12,7,Latin America,Online,1,538.7,0.0,538.7,Completed
100337,2023-06-29,425,13,Europe,Retail,3,24.09,0.0,72.27,Completed
100668,2023-06-29,143,14,Latin America,Partner,3,57.92,0.15,147.7,Completed
101821,2023-06-29,159,14,Asia Pacific,Online,3,60.69,0.0,182.07,Completed
102198,2023-06-29,314,8,North America,Partner,2,1056.08,0.15,1795.34,Completed
102396,2023-06-29,432,3,Asia Pacific,Online,2,1005.26,0.0,2010.52,Completed
106274,2023-06-29,413,16,North America,Online,2,210.37,0.15,357.63,Completed
100570,2023-06-30,231,4,North America,Partner,2,1978.06,0.0,3956.12,Completed
101951,2023-06-30,386,12,Middle East & Africa,Online,2,98.98,0.15,168.27,Completed
103250,2023-06-30,216,13,Asia Pacific,Partner,2,25.68,0.1,46.22,Completed
103347,2023-06-30,233,10,Middle East & Africa,Retail,3,44.41,0.1,119.91,Completed
103674,2023-06-30,413,10,North America,Retail,2,47.43,0.0,94.86,Completed
103739,2023-06-30,314,16,North America,Online,1,202.85,0.1,182.56,Completed
106141,2023-06-30,445,4,North America,Online,2,2019.31,0.15,3432.83,Completed
100409,2023-07-01,138,2,Europe,Retail,1,1547.87,0.0,1547.87,Completed
100639,2023-07-01,581,11,Europe,Online,2,26.78,0.0,53.56,Completed
100750,2023-07-01,429,11,North America,Online,4,30.27,0.15,102.92,Completed
101164,2023-07-01,272,15,North America,Online,1,77.81,0.1,70.03,Completed
101285,2023-07-01,93,13,Europe,Online,4,24.51,0.05,93.14,Completed
101606,2023-07-01,23,10,Middle East & Africa,Retail,1,48.66,0.0,48.66,Completed
102837,2023-07-01,239,16,North America,Retail,2,189.26,0.0,378.52,Returned
102909,2023-07-01,309,1,North America,Retail,1,1220.29,0.0,1220.29,Completed
103926,2023-07-01,148,7,Europe,Online,4,580.03,0.15,1972.1,Completed
104965,2023-07-01,291,10,Asia Pacific,Online,5,46.55,0.0,232.75,Completed
105468,2023-07-01,248,21,Europe,Retail,2,292.24,0.05,555.26,Completed
106456,2023-07-01,594,10,Europe,Online,4,44.42,0.1,159.91,Completed
101816,2023-07-02,56,2,Asia Pacific,Retail,5,1483.29,0.0,7416.45,Completed
105527,2023-07-02,552,13,North America,Partner,5,25.61,0.0,128.05,Completed
100755,2023-07-03,106,3,Asia Pacific,Retail,1,1038.0,0.05,986.1,Completed
101542,2023-07-03,84,12,North America,Online,3,98.77,0.0,296.31,Completed
101694,2023-07-03,572,12,Asia Pacific,Online,1,97.1,0.0,97.1,Completed
103804,2023-07-03,550,3,Europe,Partner,2,964.12,0.0,1928.24,Completed
105430,2023-07-03,218,21,North America,Online,1,296.12,0.0,296.12,Completed
100348,2023-07-04,504,2,Europe,Online,1,1473.6,0.15,1252.56,Completed
100709,2023-07-04,298,1,Asia Pacific,Retail,2,1214.46,0.15,2064.58,Completed
101853,2023-07-04,440,20,Europe,Online,1,191.67,0.0,191.67,Returned
102027,2023-07-04,198,15,Latin America,Online,4,77.5,,279.0,Completed
102397,2023-07-04,581,8,Europe,Online,1,1050.44,0.0,1050.44,Completed
104890,2023-07-04,29,7,North America,Partner,4,502.86,0.0,2011.44,Completed
105026,2023-07-04,314,15,North America,Partner,1,81.0,0.0,81.0,Completed
105506,2023-07-04,280,18,Latin America,Retail,1,786.09,0.0,786.09,Completed
106257,2023-07-04,172,20,Europe,Retail,8,182.98,0.0,1463.84,Completed
100768,2023-07-05,450,11,Europe,Partner,1,28.99,0.05,27.54,Completed
101042,2023-07-05,392,2,North America,Online,1,1484.49,0.05,1410.27,Completed
102108,2023-07-05,480,13,Europe,Online,1,24.42,0.0,24.42,Returned
102540,2023-07-05,68,11,North America,Online,2,29.35,0.05,55.76,Completed
103014,2023-07-05,327,8,Asia Pacific,Online,2,1086.27,0.1,1955.29,Completed
105103,2023-07-05,36,17,North America,Partner,2,447.37,0.0,894.74,Completed
106501,2023-07-05,153,6,North America,Online,1,779.27,0.0,779.27,Completed
100867,2023-07-06,171,10,North America,Online,5,45.89,0.0,229.45,Completed
101230,2023-07-06,31,2,Asia Pacific,Retail,2,1382.01,0.0,2764.02,Completed
101342,2023-07-06,398,3,North America,Retail,2,1034.0,0.1,1861.2,Completed
102588,2023-07-06,135,13,Europe,Online,4,26.14,0.0,104.56,Completed
102984,2023-07-06,521,12,Latin America,Online,5,96.5,0.15,410.12,Completed
103741,2023-07-06,211,17,Asia Pacific,Retail,2,433.22,0.0,866.44,Completed
105125,2023-07-06,404,7,North America,Online,1,559.93,0.0,559.93,Completed
106007,2023-07-06,63,13,Europe,Online,8,24.7,0.05,187.72,Completed
100725,2023-07-07,88,21,Europe,Online,1,290.49,0.1,261.44,Completed
100885,2023-07-07,37,2,North America,Online,1,1431.42,0.1,1288.28,Completed
101543,2023-07-07,389,20,North America,Online,1,179.45,0.1,161.5,Completed
101807,2023-07-07,309,12,North America,Online,1,107.01,0.0,107.01,Completed
102176,2023-07-07,382,17,Latin America,Retail,4,442.1,0.0,1768.4,Completed
102638,2023-07-07,389,8,North America,Retail,2,1108.61,0.05,2106.36,Completed
102988,2023-07-07,138,14,Europe,Online,1,61.15,0.1,55.04,Completed
103738,2023-07-07,381,7,Europe,Online,1,549.76,0.0,549.76,Completed
104398,2023-07-07,539,2,North America,Online,2,1479.58,0.0,2959.16,Completed
104418,2023-07-07,384,11,Europe,Partner,2,28.38,0.0,56.76,Completed
103059,2023-07-08,40,14,Asia Pacific,Online,2,59.72,0.15,101.52,Completed
103681,2023-07-08,584,11,Europe,Online,1,28.64,0.0,28.64,Completed
104829,2023-07-08,206,13,North America,Partner,5,25.18,0.15,107.02,Completed
105931,2023-07-08,267,7,North America,Online,2,551.93,0.0,1103.86,Completed
100078,2023-07-09,599,14,Middle East & Africa,Retail,4,55.59,0.05,211.24,Completed
100726,2023-07-09,580,10,North America,Online,2,44.59,0.05,84.72,Completed
101500,2023-07-09,470,18,Europe,Online,1,716.55,0.15,609.07,Completed
102777,2023-07-09,266,16,North America,Retail,5,208.11,0.0,1040.55,Completed
102829,2023-07-09,267,21,North America,Online,2,296.22,0.0,592.44,Completed
103118,2023-07-09,368,23,Asia Pacific,Online,3,130.49,0.0,391.47,Completed
104269,2023-07-09,472,11,Europe,Online,5,29.71,0.15,126.27,Completed
104416,2023-07-09,115,4,North America,Online,2,2093.91,0.0,4187.82,Completed
101622,2023-07-10,95,1,North America,Online,1,1227.64,0.0,1227.64,Returned
102316,2023-07-10,466,21,Asia Pacific,Partner,2,282.46,0.0,564.92,Completed
102860,2023-07-10,475,11,North America,Online,2,28.55,0.0,57.1,Completed
104759,2023-07-10,156,15,Asia Pacific,Online,12,78.61,0.1,848.99,Completed
105526,2023-07-10,47,11,Europe,Online,2,29.22,0.15,49.67,Returned
106360,2023-07-10,273,17,North America,Partner,2,443.64,0.0,887.28,Completed
100184,2023-07-11,32,4,Middle East & Africa,Online,8,1936.1,0.1,13939.92,Completed
100791,2023-07-11,457,6,Middle East & Africa,Partner,5,833.63,0.1,3751.33,Completed
100828,2023-07-11,23,6,Middle East & Africa,Online,2,797.21,0.0,1594.42,Completed
102229,2023-07-11,481,21,Europe,Online,1,304.62,0.0,304.62,Completed
103169,2023-07-11,288,16,North America,Partner,2,197.16,0.15,335.17,Completed
103470,2023-07-11,23,8,Middle East & Africa,Online,1,1043.96,0.0,1043.96,Completed
103793,2023-07-11,137,1,Middle East & Africa,Online,2,1209.44,0.0,2418.88,Completed
104005,2023-07-11,258,4,North America,Retail,1,1913.77,0.0,1913.77,Returned
105401,2023-07-11,545,16,North America,Online,1,198.61,0.0,198.61,Completed
105868,2023-07-11,361,1,Latin America,Online,2,1183.46,0.0,2366.92,Completed
106317,2023-07-11,353,13,Europe,Retail,4,24.68,0.0,98.72,Completed
106665,2023-07-11,129,10,North America,Online,5,45.2,0.15,192.1,Completed
100702,2023-07-12,584,8,Europe,Online,1,1091.71,0.05,1037.12,Completed
101849,2023-07-12,267,2,North America,Partner,1,1501.66,0.05,1426.58,Completed
101978,2023-07-12,347,2,Latin America,Retail,1,1460.66,0.05,1387.63,Completed
103288,2023-07-12,249,13,North America,Online,2,24.94,0.05,47.39,Completed
103819,2023-07-12,89,15,North America,Online,5,78.88,0.0,394.4,Completed
104820,2023-07-12,32,1,Middle East & Africa,Online,4,1179.53,0.05,4482.21,Completed
105321,2023-07-12,37,1,North America,Partner,2,1160.78,0.0,2321.56,Completed
105621,2023-07-12,497,11,Europe,Retail,2,29.36,0.15,49.91,Completed
105724,2023-07-12,382,11,Latin America,Online,2,27.95,0.0,55.9,Completed
106223,2023-07-12,571,12,North America,Online,3,103.57,0.0,310.71,Completed
101574,2023-07-13,296,1,Latin America,Retail,2,1128.22,0.1,2030.8,Completed
102351,2023-07-13,513,14,North America,Online,1,61.65,0.05,58.57,Completed
102615,2023-07-13,145,7,Europe,Online,1,528.7,0.05,502.27,Completed
104578,2023-07-13,204,7,North America,Partner,2,568.75,0.0,1137.5,Completed
104768,2023-07-13,93,15,Europe,Online,3,78.09,0.0,234.27,Completed
104833,2023-07-13,70,19,Europe,Retail,2,101.07,0.15,171.82,Completed
104848,2023-07-13,401,15,North America,Online,5,79.56,0.0,397.8,Completed
105457,2023-07-13,361,4,Latin America,Online,2,2026.09,0.0,4052.18,Completed
106133,2023-07-13,361,14,Latin America,Retail,1,59.67,0.0,59.67,Returned
100022,2023-07-14,73,14,Latin America,Online,4,58.1,0.05,220.78,Completed
100217,2023-07-14,321,20,Latin America,Online,2,189.7,0.15,322.49,Completed
102636,2023-07-14,156,2,Asia Pacific,Retail,2,1452.41,0.0,2904.82,Completed
103128,2023-07-14,229,19,Europe,Online,2,100.46,0.0,200.92,Completed
103316,2023-07-14,279,3,Latin America,Retail,1,904.16,0.0,904.16,Completed
103702,2023-07-14,526,6,North America,Online,8,771.64,0.0,6173.12,Completed
104642,2023-07-14,244,18,Europe,Online,4,756.04,0.0,3024.16,Completed
104822,2023-07-14,118,12,Asia Pacific,Online,4,98.94,0.0,395.76,Completed
105022,2023-07-14,211,13,Asia Pacific,Online,5,23.64,0.1,106.38,Completed
106055,2023-07-14,72,12,Europe,Retail,4,99.71,0.1,358.96,Completed
100240,2023-07-15,518,14,Asia Pacific,Online,5,60.5,0.05,287.38,Completed
101209,2023-07-15,144,12,Europe,Partner,3,98.63,0.1,266.3,Completed
103440,2023-07-15,60,7,North America,Online,1,567.73,0.0,567.73,Completed
103785,2023-07-15,487,3,Europe,Online,2,1002.21,0.1,1803.98,Completed
105701,2023-07-15,599,2,Middle East & Africa,Retail,1,1453.84,0.1,1308.46,Completed
101350,2023-07-16,243,11,North America,Retail,4,27.46,0.05,104.35,Completed
102885,2023-07-16,134,10,North America,Online,3,44.47,0.15,113.4,Completed
105377,2023-07-16,583,11,North America,Partner,2,29.6,0.1,53.28,Completed
105856,2023-07-16,437,10,North America,Online,5,46.65,0.0,233.25,Completed
105954,2023-07-16,155,13,North America,Online,3,26.04,0.0,78.12,Completed
106944,2023-07-16,279,2,Latin America,Online,2,1538.27,0.05,2922.71,Completed
101925,2023-07-17,373,18,North America,Retail,2,749.06,0.0,1498.12,Completed
101991,2023-07-17,305,10,Latin America,Online,1,42.97,0.1,38.67,Completed
102241,2023-07-17,539,7,North America,,1,522.25,0.0,522.25,Completed
102848,2023-07-17,255,17,North America,Online,1,445.09,0.0,445.09,Completed
103002,2023-07-17,267,1,North America,Retail,1,1220.81,0.15,1037.69,Completed
105379,2023-07-17,482,6,North America,Retail,2,813.98,0.0,1627.96,Completed
106707,2023-07-17,362,21,North America,Online,1,293.25,0.15,249.26,Completed
100043,2023-07-18,530,1,North America,Partner,1,1229.94,0.0,1229.94,Completed
101576,2023-07-18,435,13,North America,Online,5,23.44,0.1,105.48,Cancelled
101810,2023-07-18,242,20,Asia Pacific,Online,1,183.44,,183.44,Completed
102451,2023-07-18,475,3,North America,Online,2,1028.84,0.15,1749.03,Completed
103418,2023-07-18,353,15,Europe,Online,4,78.94,0.1,284.18,Completed
103990,2023-07-18,329,15,Europe,Online,1,80.48,0.15,68.41,Returned
104229,2023-07-18,560,14,Europe,Online,3,59.11,0.0,177.33,Completed
104449,2023-07-18,425,7,Europe,Retail,1,531.86,0.1,478.67,Completed
105586,2023-07-18,252,10,Latin America,Partner,3,45.69,0.0,137.07,Completed
105769,2023-07-18,277,1,North America,Online,6,1259.28,0.0,7555.68,Completed
100985,2023-07-19,147,14,North America,Partner,4,59.47,0.0,237.88,Completed
101254,2023-07-19,252,7,Latin America,Online,1,550.3,0.0,550.3,Completed
101472,2023-07-19,215,7,Asia Pacific,Online,2,541.28,0.15,920.18,Completed
102194,2023-07-19,246,24,Latin America,Online,2,56.77,0.0,113.54,Completed
103256,2023-07-19,290,15,North America,Online,5,76.28,0.0,381.4,Completed
104018,2023-07-19,278,5,Europe,Online,1,457.49,0.0,457.49,Completed
105800,2023-07-19,75,10,North America,Retail,10,44.85,0.05,426.08,Completed
100498,2023-07-20,407,7,North America,Online,1,545.23,0.15,463.45,Completed
102613,2023-07-20,223,15,Asia Pacific,Online,4,79.52,0.15,270.37,Completed
102950,2023-07-20,499,11,North America,Online,5,30.73,0.0,153.65,Completed
103038,2023-07-20,110,8,Latin America,Online,2,1120.04,0.0,2240.08,Completed
103852,2023-07-20,549,12,Asia Pacific,Retail,2,94.51,0.0,189.02,Completed
103901,2023-07-20,62,10,Europe,Online,4,42.83,0.0,171.32,Completed
103976,2023-07-20,449,20,North America,Online,1,178.74,0.0,178.74,Completed
105915,2023-07-20,46,10,Asia Pacific,Partner,3,45.44,0.1,122.69,Completed
100687,2023-07-21,77,7,North America,Online,1,561.96,,477.67,Completed
101801,2023-07-21,493,21,Asia Pacific,Retail,2,302.4,0.1,544.32,Completed
103968,2023-07-21,34,7,North America,Online,1,539.76,0.0,539.76,Completed
100347,2023-07-22,517,4,North America,Retail,1,2081.11,0.15,1768.94,Completed
101402,2023-07-22,422,12,North America,Online,3,97.7,0.0,293.1,Completed
104243,2023-07-22,597,3,Asia Pacific,Online,2,1021.71,0.15,1736.91,Completed
105017,2023-07-22,118,2,Asia Pacific,Online,2,1508.35,0.15,2564.19,Completed
105426,2023-07-22,206,10,North America,Retail,4,43.97,0.1,158.29,Completed
105748,2023-07-22,176,12,North America,Retail,3,103.7,0.0,311.1,Completed
105973,2023-07-22,417,6,North America,Online,1,857.71,0.0,857.71,Completed
106460,2023-07-22,3,8,Latin America,Retail,2,1073.38,0.0,2146.76,Completed
100532,2023-07-23,353,17,Europe,Online,2,485.45,0.05,922.35,Cancelled
101525,2023-07-23,187,7,North America,Online,1,571.28,0.15,485.59,Completed
101760,2023-07-23,135,4,Europe,Retail,1,1978.35,0.05,1879.43,Completed
103074,2023-07-23,154,11,Europe,Online,6,29.86,0.15,152.29,Completed
104002,2023-07-23,387,18,Asia Pacific,Online,2,723.4,0.15,1229.78,Completed
106091,2023-07-23,517,2,North America,Online,2,1511.32,0.05,2871.51,Completed
106256,2023-07-23,525,19,North America,Partner,2,96.99,0.15,164.88,Returned
106684,2023-07-23,207,21,North America,Online,2,302.96,0.05,575.62,Completed
101089,2023-07-24,499,6,North America,Retail,2,847.95,0.0,1695.9,Cancelled
102402,2023-07-24,49,13,Asia Pacific,Partner,5,25.55,0.15,108.59,Completed
102578,2023-07-24,219,17,Latin America,Retail,1,440.64,0.0,440.64,Completed
104008,2023-07-24,80,7,Asia Pacific,Online,1,540.17,0.0,540.17,Completed
104684,2023-07-24,407,8,North America,Partner,1,1123.7,0.05,1067.52,Completed
105832,2023-07-24,226,17,Latin America,Partner,1,450.6,0.0,450.6,Completed
100238,2023-07-25,148,11,Europe,Retail,8,28.74,0.0,229.92,Completed
100445,2023-07-25,405,8,Middle East & Africa,Online,2,1174.38,0.15,1996.45,Completed
100598,2023-07-25,269,15,North America,Retail,1,74.13,0.0,74.13,Completed
101547,2023-07-25,159,20,Asia Pacific,Online,2,182.7,0.0,365.4,Completed
102341,2023-07-25,372,12,North America,Online,5,102.48,0.0,512.4,Completed
103077,2023-07-25,518,12,Asia Pacific,Online,1,100.83,0.05,95.79,Completed
103265,2023-07-25,530,11,North America,Online,3,30.25,0.1,81.68,Completed
104494,2023-07-25,571,18,North America,Retail,1,732.53,0.0,732.53,Completed
104633,2023-07-25,492,15,Europe,Online,4,80.5,0.0,322.0,Completed
105646,2023-07-25,386,8,Middle East & Africa,Online,2,1073.38,0.15,1824.75,Completed
106303,2023-07-25,530,1,North America,Online,1,1136.08,0.15,965.67,Completed
106856,2023-07-25,334,22,Latin America,Partner,8,78.34,0.1,564.05,Completed
101252,2023-07-26,574,13,Asia Pacific,Online,3,25.63,0.15,65.36,Completed
101267,2023-07-26,591,15,Latin America,Online,2,75.28,0.05,143.03,Completed
101341,2023-07-26,567,11,Asia Pacific,Online,3,28.87,0.15,73.62,Completed
103877,2023-07-26,584,15,Europe,Online,5,76.08,0.0,380.4,Completed
104119,2023-07-26,53,8,Asia Pacific,Online,2,1113.68,0.0,2227.36,Completed
105681,2023-07-26,96,4,Europe,Partner,1,1954.38,0.0,1954.38,Completed
106994,2023-07-26,573,19,Europe,Online,2,96.62,0.0,193.24,Completed
100098,2023-07-27,297,13,Middle East & Africa,Retail,5,24.49,0.0,122.45,Completed
101875,2023-07-27,567,1,Asia Pacific,Online,2,1231.88,0.0,2463.76,Completed
102195,2023-07-27,563,21,Asia Pacific,Online,2,301.98,0.0,603.96,Completed
104010,2023-07-27,211,11,Asia Pacific,Online,5,29.08,0.15,123.59,Cancelled
104931,2023-07-27,345,1,Asia Pacific,Online,1,1183.87,0.15,1006.29,Completed
105010,2023-07-27,475,8,North America,Retail,2,1114.34,0.1,2005.81,Completed
101261,2023-07-28,243,4,North America,Online,1,1954.76,0.0,1954.76,Completed
105067,2023-07-28,355,14,Europe,Retail,1,58.39,0.15,49.63,Cancelled
105798,2023-07-28,382,8,Latin America,Online,5,1110.0,0.0,5550.0,Completed
105935,2023-07-28,16,8,North America,Online,1,1101.85,0.0,1101.85,Completed
106404,2023-07-28,179,24,Latin America,Online,5,61.82,,278.19,Completed
102369,2023-07-29,413,11,North America,Online,2,27.97,0.0,55.94,Completed
102728,2023-07-29,548,7,North America,Retail,1,555.92,0.0,555.92,Completed
104821,2023-07-29,87,3,Asia Pacific,Online,2,1026.86,0.0,2053.72,Completed
105255,2023-07-29,513,4,North America,Online,1,1988.37,0.0,1988.37,Completed
105926,2023-07-29,99,14,North America,Online,2,56.5,0.0,113.0,Completed
106461,2023-07-29,258,14,North America,Online,2,57.68,0.1,103.82,Completed
100120,2023-07-30,254,13,North America,Online,3,25.52,0.0,-4999.0,Completed
102221,2023-07-30,100,20,Middle East & Africa,Online,2,166.73,0.05,316.79,Completed
102248,2023-07-30,348,17,North America,Retail,4,447.51,0.05,1700.54,Completed
104459,2023-07-30,268,12,North America,Retail,12,97.98,0.0,1175.76,Completed
105449,2023-07-30,239,17,North America,Partner,2,442.29,0.0,884.58,Completed
105537,2023-07-30,24,14,Latin America,Online,5,59.52,0.0,297.6,Completed
105539,2023-07-30,352,3,North America,Online,1,945.24,0.0,945.24,Completed
105758,2023-07-30,193,9,North America,Online,2,148.61,0.15,252.64,Completed
100659,2023-07-31,166,13,North America,Partner,5,25.01,0.0,125.05,Cancelled
101888,2023-07-31,576,18,Europe,Retail,1,737.76,0.0,737.76,Returned
102527,2023-07-31,88,12,Europe,Retail,1,94.14,0.1,84.73,Cancelled
102979,2023-07-31,429,2,North America,Partner,2,1538.75,0.0,3077.5,Completed
103822,2023-07-31,565,3,Europe,Online,1,1069.85,0.05,1016.36,Completed
104993,2023-07-31,29,17,North America,Partner,10,445.58,0.0,4455.8,Completed
106671,2023-07-31,234,14,Europe,Online,1,58.88,0.05,55.94,Completed
100385,2023-08-01,597,6,Asia Pacific,Retail,2,824.33,0.0,1648.66,Completed
100476,2023-08-01,54,6,Asia Pacific,Partner,2,795.31,0.0,1590.62,Completed
101238,2023-08-01,241,14,Asia Pacific,Online,5,58.79,0.0,293.95,Completed
102510,2023-08-01,260,15,Europe,Online,4,82.71,0.0,330.84,Cancelled
102754,2023-08-01,272,13,North America,Retail,1,25.06,0.1,22.55,Completed
104461,2023-08-01,270,16,North America,Online,2,202.96,0.0,405.92,Completed
104672,2023-08-01,69,13,North America,Online,3,24.67,0.05,70.31,Completed
106976,2023-08-01,405,13,Middle East & Africa,Retail,5,24.3,0.0,121.5,Completed
101521,2023-08-02,176,17,North America,Partner,1,433.95,0.0,433.95,Completed
101825,2023-08-02,138,10,Europe,Online,4,42.12,,151.63,Completed
102208,2023-08-02,375,6,North America,Online,1,771.52,0.0,771.52,Completed
102601,2023-08-02,535,2,North America,Partner,1,1481.15,0.15,1258.98,Completed
106537,2023-08-02,323,2,North America,Online,2,1513.55,0.0,3027.1,Completed
100428,2023-08-03,204,16,North America,Online,1,208.27,0.0,208.27,Completed
101456,2023-08-03,353,14,Europe,Online,3,58.97,0.0,176.91,Completed
101695,2023-08-03,72,10,Europe,Online,5,46.9,0.1,211.05,Completed
102733,2023-08-03,166,13,North America,Online,4,24.38,0.15,82.89,Completed
102981,2023-08-03,539,15,North America,Retail,3,81.3,0.15,207.31,Completed
103448,2023-08-03,233,2,Middle East & Africa,Online,2,1546.19,0.0,3092.38,Completed
104124,2023-08-03,423,8,North America,Retail,2,1075.1,0.0,2150.2,Completed
105488,2023-08-03,425,8,Europe,Retail,1,1067.39,0.0,1067.39,Completed
105903,2023-08-03,148,6,Europe,Retail,4,775.82,0.0,3103.28,Completed
106518,2023-08-03,418,4,Asia Pacific,Online,4,2043.36,0.0,8173.44,Completed
101204,2023-08-04,162,11,Latin America,Online,5,29.17,0.05,138.56,Completed
101587,2023-08-04,555,21,North America,Partner,1,295.41,0.05,280.64,Completed
102240,2023-08-04,153,13,North America,Retail,2,24.7,0.0,49.4,Completed
102497,2023-08-04,243,2,North America,Online,1,1438.76,0.1,1294.88,Completed
103576,2023-08-04,576,21,Europe,Online,2,298.92,0.0,597.84,Completed
103639,2023-08-04,328,15,Europe,Retail,3,78.3,0.0,234.9,Completed
104208,2023-08-04,361,17,Latin America,Retail,1,437.23,0.0,437.23,Returned
105154,2023-08-04,334,14,Latin America,Online,10,56.92,0.05,540.74,Completed
100065,2023-08-05,284,21,North America,Online,2,285.28,0.05,542.03,Completed
100431,2023-08-05,147,6,North America,Retail,2,817.85,0.1,1472.13,Completed
100486,2023-08-05,587,8,North America,Online,6,1087.0,0.0,6522.0,Completed
100681,2023-08-05,505,7,Europe,Online,1,559.38,0.0,559.38,Completed
101391,2023-08-05,435,13,North America,Online,4,26.33,0.1,94.79,Completed
101621,2023-08-05,35,12,Europe,Online,5,100.13,0.05,475.62,Completed
102477,2023-08-05,564,15,Europe,Online,1,80.76,0.1,72.68,Completed
103872,2023-08-05,365,19,Asia Pacific,Online,2,100.12,0.05,190.23,Completed
104447,2023-08-05,340,15,Latin America,Partner,5,79.27,0.0,396.35,Completed
104652,2023-08-05,589,8,North America,Partner,1,1111.94,0.0,1111.94,Completed
104832,2023-08-05,193,11,North America,Retail,5,28.48,0.15,121.04,Completed
100542,2023-08-06,219,17,Latin America,Online,2,456.33,0.15,775.76,Completed
100930,2023-08-06,141,2,Europe,Online,1,1487.85,0.0,1487.85,Completed
102676,2023-08-06,591,11,Latin America,Online,5,28.04,0.15,119.17,Completed
103375,2023-08-06,425,3,Europe,,2,975.31,0.05,1853.09,Completed
104285,2023-08-06,505,15,Europe,Retail,3,78.87,0.15,201.12,Completed
105252,2023-08-06,281,11,North America,Online,1,28.8,0.0,28.8,Completed
105384,2023-08-06,505,16,Europe,Online,2,192.28,0.0,384.56,Completed
105405,2023-08-06,589,15,North America,Online,5,75.03,0.0,375.15,Completed
105764,2023-08-06,462,12,North America,Retail,15,96.85,0.15,1234.84,Completed
106207,2023-08-06,479,1,Europe,Partner,1,1148.13,0.0,1148.13,Completed
106331,2023-08-06,547,4,Europe,Online,1,1937.57,0.0,1937.57,Completed
106694,2023-08-06,230,2,North America,Online,2,1501.91,0.0,3003.82,Completed
106695,2023-08-06,148,20,Europe,Retail,6,173.32,0.0,1039.92,Completed
102582,2023-08-07,438,10,Europe,Retail,5,44.28,0.0,221.4,Completed
102596,2023-08-07,100,13,Middle East & Africa,Online,2,23.87,0.05,45.35,Completed
103482,2023-08-07,189,1,Asia Pacific,Online,8,1208.73,0.05,9186.35,Completed
104990,2023-08-07,157,11,North America,Online,4,27.89,0.1,100.4,Completed
105039,2023-08-07,572,11,Asia Pacific,Online,2,29.08,0.1,52.34,Completed
100351,2023-08-08,319,18,North America,Online,2,760.61,0.0,1521.22,Completed
101144,2023-08-08,370,20,Latin America,Online,1,173.01,0.0,173.01,Completed
101983,2023-08-08,211,15,Asia Pacific,Online,5,77.63,0.0,388.15,Completed
102342,2023-08-08,139,10,Asia Pacific,Retail,1,45.71,0.0,45.71,Completed
102491,2023-08-08,193,13,North America,Partner,1,24.38,0.0,24.38,Completed
102651,2023-08-08,295,25,Asia Pacific,Retail,4,97.02,0.1,349.27,Completed
103654,2023-08-08,393,10,Europe,Partner,3,47.06,0.1,127.06,Completed
103834,2023-08-08,404,15,North America,Partner,4,74.14,0.05,281.73,Completed
104045,2023-08-08,437,16,North America,Online,2,202.56,0.0,405.12,Completed
104061,2023-08-08,310,4,North America,Online,2,1858.6,0.15,3159.62,Returned
105294,2023-08-08,384,1,Europe,Retail,1,1192.52,0.05,1132.89,Completed
100118,2023-08-09,192,8,North America,Retail,2,1119.93,0.0,2239.86,Completed
100260,2023-08-09,23,13,Middle East & Africa,Partner,5,25.5,0.0,127.5,Completed
100316,2023-08-09,412,19,Asia Pacific,Partner,2,101.06,0.1,181.91,Completed
101210,2023-08-09,320,21,Latin America,Retail,1,286.59,0.15,243.6,Completed
101384,2023-08-09,370,15,Latin America,Online,2,81.29,0.0,162.58,Completed
103009,2023-08-09,576,15,Europe,Partner,2,76.67,0.0,153.34,Completed
103216,2023-08-09,260,3,Europe,Online,2,980.53,0.0,1961.06,Completed
103668,2023-08-09,60,14,North America,Partner,3,59.53,0.1,160.73,Completed
104475,2023-08-09,96,18,Europe,Retail,1,750.73,0.0,750.73,Returned
106911,2023-08-09,2,21,Europe,Retail,1,297.35,0.0,297.35,Completed
102551,2023-08-10,12,12,Latin America,Online,5,98.35,0.05,467.16,Completed
102555,2023-08-10,313,19,North America,Partner,1,106.26,0.0,106.26,Completed
102739,2023-08-10,159,21,Asia Pacific,Retail,2,291.28,0.15,495.18,Completed
103246,2023-08-10,277,18,North America,Retail,10,744.77,0.0,7447.7,Cancelled
104677,2023-08-10,561,13,North America,Retail,2,25.62,0.1,46.12,Completed
105673,2023-08-10,485,11,North America,Retail,1,29.4,0.1,26.46,Completed
106743,2023-08-10,320,7,Latin America,Online,2,539.93,0.0,1079.86,Completed
100223,2023-08-11,267,20,North America,Retail,1,168.24,0.1,151.42,Completed
100866,2023-08-11,85,6,North America,Online,2,790.42,0.0,1580.84,Completed
101137,2023-08-11,379,7,Europe,Online,2,537.6,0.15,913.92,Completed
102024,2023-08-11,560,8,Europe,Online,2,1088.0,0.0,2176.0,Completed
104632,2023-08-11,588,22,North America,Retail,1,79.9,0.15,67.92,Completed
105538,2023-08-11,93,7,Europe,Partner,1,547.59,0.15,465.45,Completed
100308,2023-08-12,587,6,North America,Retail,4,816.44,0.05,3102.47,Completed
100634,2023-08-12,354,8,Europe,Retail,1,1063.46,0.0,1063.46,Completed
102647,2023-08-12,13,2,Europe,Online,2,1435.92,0.05,2728.25,Completed
104160,2023-08-12,8,11,Asia Pacific,Online,3,29.01,0.05,82.68,Returned
104719,2023-08-12,490,10,Europe,Online,4,45.76,0.15,155.58,Completed
105126,2023-08-12,85,1,North America,Retail,1,1233.67,0.15,1048.62,Completed
106759,2023-08-12,158,7,Asia Pacific,Retail,1,549.72,0.05,522.23,Completed
103921,2023-08-13,173,13,North America,Retail,3,25.81,0.0,77.43,Completed
105831,2023-08-13,443,7,Asia Pacific,Online,2,545.79,0.0,1091.58,Completed
106136,2023-08-13,102,24,Asia Pacific,Retail,4,59.79,0.0,239.16,Completed
106386,2023-08-13,317,11,North America,Online,4,27.6,0.0,110.4,Completed
100208,2023-08-14,175,7,North America,Online,2,552.8,0.05,1050.32,Completed
106076,2023-08-14,101,12,Latin America,Retail,4,99.21,0.0,396.84,Completed
102129,2023-08-16,210,7,Europe,Retail,1,547.75,0.15,465.59,Completed
104699,2023-08-16,252,14,Latin America,Online,4,58.03,0.0,232.12,Completed
106028,2023-08-16,557,14,North America,Retail,2,60.64,0.15,103.09,Returned
102191,2023-08-17,287,11,North America,Online,4,28.21,0.15,95.91,Completed
102565,2023-08-17,281,1,North America,Retail,2,1254.47,0.0,2508.94,Completed
102417,2023-08-18,218,11,North America,Retail,5,28.23,0.0,141.15,Completed
102556,2023-08-18,166,18,North America,Online,1,711.92,0.0,711.92,Completed
102468,2023-08-19,510,10,North America,Online,3,43.15,0.0,129.45,Completed
101265,2023-08-21,557,23,North America,Retail,1,134.0,0.0,134.0,Completed
103359,2023-08-21,530,7,North America,Retail,2,576.82,0.1,1038.28,Completed
103537,2023-08-21,558,12,Europe,Online,5,98.98,0.15,420.66,Completed
103566,2023-08-21,172,1,Europe,Online,4,1198.83,0.15,4076.02,Completed
104152,2023-08-21,353,8,Europe,Online,2,1073.88,0.05,2040.37,Returned
105051,2023-08-21,365,4,Asia Pacific,Online,1,2067.36,0.05,1963.99,Completed
106108,2023-08-21,284,18,North America,Partner,1,756.7,0.15,643.2,Completed
106989,2023-08-21,130,10,Europe,Partner,4,44.9,0.0,179.6,Cancelled
100230,2023-08-22,282,20,North America,Retail,1,180.09,0.0,180.09,Completed
100586,2023-08-22,502,15,Latin America,Retail,5,85.06,0.15,361.5,Completed
101604,2023-08-22,85,7,North America,Retail,2,557.74,0.05,1059.71,Completed
101647,2023-08-22,390,4,Latin America,Online,5,2061.79,0.0,10308.95,Completed
102084,2023-08-22,71,6,North America,Retail,2,785.86,0.05,1493.13,Completed
102641,2023-08-22,334,15,Latin America,Online,3,81.05,0.0,243.15,Completed
102898,2023-08-22,485,11,North America,Online,5,28.36,0.0,141.8,Completed
103688,2023-08-22,85,19,North America,Online,2,99.51,0.1,179.12,Completed
104531,2023-08-22,332,4,North America,Retail,2,2035.27,0.0,4070.54,Completed
105334,2023-08-22,135,14,Europe,Partner,5,61.16,0.15,259.93,Completed
105616,2023-08-22,33,8,North America,Online,1,1123.14,0.0,1123.14,Completed
105759,2023-08-22,196,15,North America,Online,3,79.87,0.0,239.61,Completed
106851,2023-08-22,78,10,Asia Pacific,Partner,2,47.12,0.0,94.24,Completed
100934,2023-08-23,465,15,Europe,Retail,2,82.76,0.15,140.69,Completed
101961,2023-08-23,204,6,North America,Online,1,774.92,0.0,774.92,Cancelled
102162,2023-08-23,191,11,Latin America,Partner,4,29.0,0.05,110.2,Completed
102558,2023-08-23,251,15,Asia Pacific,Online,12,79.81,0.0,957.72,Completed
103373,2023-08-23,420,14,Latin America,Retail,1,60.66,0.0,60.66,Completed
105458,2023-08-23,164,12,North America,Online,3,95.82,0.0,287.46,Completed
105678,2023-08-23,284,10,North America,Online,4,44.17,0.1,159.01,Completed
100517,2023-08-24,502,7,Latin America,Partner,1,532.87,,506.23,Completed
101302,2023-08-24,259,15,North America,Online,1,80.06,0.0,80.06,Returned
102564,2023-08-24,218,14,North America,Online,4,60.84,0.0,243.36,Completed
103385,2023-08-24,156,2,Asia Pacific,Online,8,1567.12,0.0,12536.96,Completed
104360,2023-08-24,576,20,Europe,Online,2,184.11,0.05,349.81,Completed
104615,2023-08-24,280,15,Latin America,Retail,1,76.29,0.1,68.66,Completed
105397,2023-08-24,480,14,Europe,Online,5,55.71,0.0,278.55,Completed
106162,2023-08-24,223,21,Asia Pacific,Partner,1,300.29,0.1,270.26,Completed
106561,2023-08-24,530,6,North America,Online,2,831.34,0.15,1413.28,Completed
100406,2023-08-25,250,1,Europe,Online,1,1234.02,0.05,1172.32,Completed
100539,2023-08-25,568,8,North America,Online,2,1180.58,0.0,2361.16,Completed
100603,2023-08-25,269,7,North America,Retail,1,537.37,0.1,483.63,Completed
100663,2023-08-25,243,7,North America,Retail,1,550.71,0.0,550.71,Completed
102120,2023-08-25,209,8,North America,Online,1,1081.62,0.0,1081.62,Completed
102292,2023-08-25,218,10,North America,Online,1,45.68,0.0,45.68,Completed
102472,2023-08-25,373,4,North America,Online,1,1996.65,0.05,1896.82,Completed
102812,2023-08-25,278,18,Europe,Online,2,736.11,0.1,1325.0,Completed
103727,2023-08-25,110,10,Latin America,Online,1,44.68,0.1,40.21,Completed
104197,2023-08-25,30,15,Asia Pacific,Partner,2,81.36,0.0,162.72,Completed
104219,2023-08-25,260,17,Europe,Online,2,464.54,0.1,836.17,Completed
105625,2023-08-25,53,16,Asia Pacific,Partner,2,197.06,0.0,394.12,Completed
106494,2023-08-25,36,22,North America,Retail,2,77.88,0.0,155.76,Completed
106798,2023-08-25,246,11,Latin America,Online,5,28.71,0.05,136.37,Completed
106903,2023-08-25,237,1,Europe,Online,2,1201.26,0.05,2282.39,Completed
100264,2023-08-26,352,15,North America,Online,2,75.58,,143.6,Completed
100444,2023-08-26,154,13,Europe,Retail,8,25.3,0.15,172.04,Completed
102312,2023-08-26,516,18,North America,Online,1,731.29,0.05,694.73,Completed
102645,2023-08-26,390,10,Latin America,Online,4,44.61,0.1,160.6,Completed
103860,2023-08-26,47,13,Europe,Retail,4,25.76,0.0,103.04,Completed
106285,2023-08-26,214,13,Asia Pacific,Partner,4,24.24,0.0,96.96,Completed
106602,2023-08-26,496,6,Europe,Retail,1,845.3,0.0,845.3,Completed
106809,2023-08-26,440,17,Europe,Retail,1,431.44,0.05,409.87,Completed
100006,2023-08-27,95,17,North America,Retail,2,444.37,0.0,888.74,Completed
100312,2023-08-27,594,13,Europe,Retail,2,24.41,0.0,48.82,Completed
101208,2023-08-27,206,11,North America,Retail,4,29.22,0.0,116.88,Completed
101249,2023-08-27,215,15,Asia Pacific,Partner,1,78.83,0.05,74.89,Completed
102933,2023-08-27,230,3,North America,Online,1,958.33,0.15,814.58,Completed
103166,2023-08-27,400,8,Europe,Online,2,1078.46,0.0,2156.92,Returned
103736,2023-08-27,72,4,Europe,Retail,2,1955.46,0.15,3324.28,Completed
104079,2023-08-27,311,17,Europe,Online,2,452.24,0.0,904.48,Cancelled
104142,2023-08-27,329,20,Europe,Online,1,176.01,0.0,176.01,Completed
105295,2023-08-27,161,6,North America,Online,2,781.57,0.0,1563.14,Completed
106164,2023-08-27,565,16,Europe,Online,2,198.68,0.0,397.36,Completed
100559,2023-08-28,290,17,North America,Online,1,454.44,0.15,386.27,Completed
100650,2023-08-28,532,8,Asia Pacific,Partner,2,1112.63,0.0,2225.26,Completed
101034,2023-08-28,266,14,North America,Online,20,59.88,0.0,1197.6,Completed
101364,2023-08-28,37,14,North America,Online,4,61.26,0.0,245.04,Completed
103428,2023-08-28,241,4,Asia Pacific,Online,2,1951.79,0.05,3708.4,Completed
103532,2023-08-28,58,16,Europe,Retail,1,190.23,0.0,190.23,Completed
103815,2023-08-28,393,8,Europe,Retail,2,1112.52,0.05,2113.79,Completed
104573,2023-08-28,118,7,Asia Pacific,Online,1,531.89,0.15,452.11,Completed
106248,2023-08-28,467,11,Europe,Online,1,29.46,0.1,26.51,Completed
100144,2023-08-29,497,1,Europe,Online,2,1258.84,0.0,2517.68,Completed
100313,2023-08-29,139,11,Asia Pacific,Partner,1,28.6,0.05,27.17,Completed
100474,2023-08-29,323,8,North America,Online,1,1139.64,0.15,968.69,Completed
101328,2023-08-29,156,5,Asia Pacific,Online,5,458.06,0.1,2061.27,Completed
101766,2023-08-29,573,12,Europe,Online,2,96.23,0.0,192.46,Completed
103122,2023-08-29,218,16,North America,Online,1,186.06,0.15,158.15,Completed
103534,2023-08-29,512,1,Asia Pacific,Partner,2,1249.24,0.15,2123.71,Completed
103930,2023-08-29,51,15,North America,Partner,1,77.14,0.0,77.14,Completed
104067,2023-08-29,393,15,Europe,Online,1,78.08,0.15,66.37,Completed
105858,2023-08-29,478,15,Europe,Online,2,79.76,0.05,151.54,Completed
105890,2023-08-29,536,1,North America,Online,2,1202.28,0.0,2404.56,Completed
101347,2023-08-30,95,10,North America,Retail,4,45.57,0.1,164.05,Completed
101617,2023-08-30,432,3,Asia Pacific,Online,1,998.51,0.0,998.51,Cancelled
101751,2023-08-30,67,18,Europe,Partner,10,758.86,0.1,6829.74,Returned
102155,2023-08-30,74,13,North America,Online,3,24.65,0.1,66.55,Returned
102534,2023-08-30,562,15,North America,Retail,2,74.91,0.0,149.82,Completed
102912,2023-08-30,427,8,North America,Retail,2,1088.46,0.0,2176.92,Completed
103096,2023-08-30,426,4,Asia Pacific,Online,2,1999.63,0.05,3799.3,Completed
104628,2023-08-30,536,20,North America,Online,2,183.47,0.0,366.94,Completed
105414,2023-08-30,127,12,North America,Online,4,99.67,0.0,398.68,Completed
105546,2023-08-30,475,11,North America,Retail,2,28.16,0.0,56.32,Completed
101008,2023-08-31,353,13,Europe,Online,1,25.34,0.0,25.34,Completed
102148,2023-08-31,375,4,North America,Online,2,2023.67,0.0,4047.34,Completed
103454,2023-08-31,156,10,Asia Pacific,Retail,12,45.62,0.0,547.44,Completed
106384,2023-08-31,35,8,Europe,Retail,2,1091.09,0.0,2182.18,Completed
103460,2023-09-01,143,11,Latin America,Online,4,29.95,0.0,119.8,Completed
105424,2023-09-01,254,20,North America,Online,2,185.1,0.0,370.2,Completed
106459,2023-09-01,530,6,North America,Retail,1,798.55,0.15,678.77,Completed
106844,2023-09-01,435,3,North America,Online,2,986.89,0.05,1875.09,Completed
100633,2023-09-02,65,3,Europe,Partner,2,988.57,0.0,1977.14,Completed
101490,2023-09-02,451,17,North America,Retail,1,448.43,0.0,448.43,Completed
104087,2023-09-02,402,18,Latin America,Retail,4,669.18,0.05,2542.88,Completed
104191,2023-09-02,308,13,Europe,Online,12,23.73,0.0,284.76,Completed
105002,2023-09-02,110,4,Latin America,Online,2,1987.92,0.05,3777.05,Completed
105246,2023-09-02,407,13,North America,Online,2,24.77,0.15,42.11,Completed
105363,2023-09-02,218,6,North America,Online,2,818.13,0.15,1390.82,Completed
105781,2023-09-02,85,11,North America,Retail,1,27.83,0.0,27.83,Completed
106913,2023-09-02,67,12,Europe,Retail,4,92.0,0.1,331.2,Completed
100289,2023-09-03,475,3,North America,Online,2,977.56,0.05,1857.36,Returned
100712,2023-09-03,78,3,Asia Pacific,Online,2,997.13,0.1,1794.83,Completed
100903,2023-09-03,91,14,North America,Online,4,59.74,0.1,215.06,Completed
101337,2023-09-03,117,16,Asia Pacific,Partner,1,195.13,0.1,175.62,Completed
101746,2023-09-03,37,11,North America,Online,1,27.47,0.0,27.47,Completed
101830,2023-09-03,335,11,North America,Online,2,30.73,0.15,52.24,Completed
102977,2023-09-03,35,12,Europe,Online,1,97.36,0.1,87.62,Completed
103100,2023-09-03,261,5,North America,Retail,10,448.13,0.0,4481.3,Completed
104265,2023-09-03,362,11,North America,Online,5,30.57,0.0,152.85,Completed
105747,2023-09-03,49,7,Asia Pacific,Partner,1,559.56,0.0,559.56,Completed
100565,2023-09-04,202,6,Middle East & Africa,Online,1,796.72,0.1,717.05,Completed
100782,2023-09-04,538,11,North America,Online,2,29.06,0.05,55.21,Completed
101178,2023-09-04,184,12,North America,Online,4,97.38,0.0,389.52,Completed
101468,2023-09-04,198,2,Latin America,Retail,2,1555.84,0.0,3111.68,Completed
102015,2023-09-04,329,11,Europe,Retail,3,27.66,0.05,78.83,Completed
102801,2023-09-04,537,17,Europe,Retail,2,463.14,0.0,926.28,Completed
103267,2023-09-04,599,10,Middle East & Africa,Retail,3,43.66,0.05,124.43,Completed
104186,2023-09-04,151,7,Asia Pacific,Partner,2,563.58,0.0,1127.16,Completed
104212,2023-09-04,275,21,Asia Pacific,Online,2,297.4,0.1,535.32,Completed
104702,2023-09-04,179,14,Latin America,Online,1,62.17,0.0,62.17,Completed
105558,2023-09-04,311,13,Europe,Retail,1,25.69,0.0,25.69,Completed
106140,2023-09-04,24,21,Latin America,Online,2,317.23,0.0,634.46,Completed
106288,2023-09-04,352,11,North America,Retail,3,29.39,0.05,83.76,Completed
106727,2023-09-04,251,17,Asia Pacific,Online,4,447.57,0.0,1790.28,Completed
100699,2023-09-05,440,14,Europe,Online,2,57.76,0.1,103.97,Completed
101913,2023-09-05,172,2,Europe,Partner,3,1481.74,0.15,3778.44,Completed
102853,2023-09-05,505,21,Europe,Retail,1,319.33,0.05,303.36,Completed
104433,2023-09-05,228,14,Europe,Partner,1,60.71,,54.64,Completed
104592,2023-09-05,184,3,North America,Retail,2,979.23,0.0,1958.46,Completed
105181,2023-09-05,429,11,North America,Partner,3,30.05,0.0,90.15,Completed
105735,2023-09-05,525,8,North America,Partner,2,1105.87,0.05,2101.15,Completed
106794,2023-09-05,156,6,Asia Pacific,Online,3,796.8,0.0,2390.4,Completed
100379,2023-09-06,22,13,North America,Retail,2,24.95,0.0,49.9,Completed
101646,2023-09-06,373,1,North America,Retail,2,1182.82,0.15,2010.79,Completed
102328,2023-09-06,47,8,Europe,Online,1,1114.98,0.15,947.73,Completed
104145,2023-09-06,538,15,North America,Online,2,81.61,0.0,163.22,Completed
104781,2023-09-06,30,13,Asia Pacific,Retail,5,24.46,0.0,122.3,Completed
105562,2023-09-06,1,16,Asia Pacific,Online,1,206.11,0.0,206.11,Cancelled
105707,2023-09-06,425,17,Europe,Retail,2,434.07,0.0,868.14,Completed
105742,2023-09-06,281,17,North America,Online,2,443.71,0.05,843.05,Completed
105803,2023-09-06,466,14,Asia Pacific,Online,1,58.26,0.1,52.43,Completed
103487,2023-09-07,434,15,Asia Pacific,Online,6,78.88,0.05,449.62,Completed
103713,2023-09-07,101,4,Latin America,Partner,1,1911.38,0.05,1815.81,Completed
104091,2023-09-07,218,1,North America,Partner,1,1217.84,,1096.06,Completed
104527,2023-09-07,37,1,North America,Online,2,1175.33,0.0,2350.66,Returned
104787,2023-09-07,141,10,Europe,Online,4,45.28,0.05,172.06,Completed
104991,2023-09-07,254,10,North America,Online,5,44.35,0.15,188.49,Completed
105437,2023-09-07,459,2,Asia Pacific,Retail,1,1552.4,0.0,1552.4,Completed
105712,2023-09-07,560,10,Europe,Partner,5,46.86,0.15,199.16,Completed
106178,2023-09-07,324,13,Europe,Retail,3,24.78,0.15,63.19,Completed
106209,2023-09-07,157,11,North America,Retail,4,28.56,0.0,114.24,Completed
106237,2023-09-07,313,16,North America,Online,2,208.11,0.0,416.22,Completed
100158,2023-09-08,347,25,Latin America,Online,1,90.65,0.0,90.65,Completed
101357,2023-09-08,115,12,North America,Online,4,104.86,0.05,398.47,Completed
102844,2023-09-08,473,12,North America,Online,5,98.88,0.05,469.68,Returned
102899,2023-09-08,591,13,Latin America,Online,2,25.66,0.05,48.75,Completed
103788,2023-09-08,471,17,Europe,Partner,2,433.64,0.0,867.28,Completed
105455,2023-09-08,198,15,Latin America,,3,80.42,0.0,241.26,Completed
105473,2023-09-08,192,21,North America,Online,2,295.36,0.0,590.72,Completed
101536,2023-09-09,375,11,North America,Online,4,28.8,0.0,115.2,Completed
101611,2023-09-09,201,20,Asia Pacific,Retail,2,172.63,0.05,328.0,Completed
101846,2023-09-09,498,8,Europe,Retail,2,1118.23,0.0,2236.46,Completed
103237,2023-09-09,288,14,North America,Online,5,59.83,0.05,284.19,Returned
103734,2023-09-09,252,13,Latin America,Partner,5,24.66,0.05,117.14,Completed
104236,2023-09-09,77,17,North America,Online,1,447.53,0.05,425.15,Completed
104696,2023-09-09,106,17,Asia Pacific,Online,1,472.87,0.15,401.94,Completed
105622,2023-09-09,514,21,North America,Partner,2,300.56,0.0,601.12,Completed
106966,2023-09-09,356,7,Europe,Partner,2,571.04,0.0,1142.08,Completed
101041,2023-09-10,352,11,North America,Online,5,28.57,0.0,142.85,Completed
101648,2023-09-10,465,7,Europe,Online,2,529.04,0.15,899.37,Returned
102230,2023-09-10,117,13,Asia Pacific,Online,2,24.44,0.05,46.44,Completed
103515,2023-09-10,517,11,North America,Online,1,29.94,0.0,29.94,Completed
103546,2023-09-10,541,11,Middle East & Africa,Retail,1,28.68,0.0,28.68,Completed
104488,2023-09-10,333,3,Asia Pacific,Online,6,1006.76,0.05,5738.53,Completed
104949,2023-09-10,29,1,North America,Online,8,1243.48,0.0,9947.84,Completed
105087,2023-09-10,511,21,North America,Retail,4,298.07,0.1,1073.05,Returned
105693,2023-09-10,314,14,North America,Online,4,58.72,0.15,199.65,Completed
106130,2023-09-10,257,13,Asia Pacific,Retail,15,25.59,0.0,383.85,Completed
106516,2023-09-10,37,8,North America,Online,1,1094.5,0.15,930.32,Completed
106647,2023-09-10,12,12,Latin America,Online,3,100.63,0.1,271.7,Completed
103649,2023-09-11,91,10,North America,Partner,5,44.78,0.05,212.7,Completed
105277,2023-09-11,367,12,Asia Pacific,Partner,3,97.47,0.0,292.41,Completed
105328,2023-09-11,371,13,Asia Pacific,Online,1,24.57,0.05,23.34,Completed
106687,2023-09-11,24,14,Latin America,Retail,1,58.37,0.0,58.37,Completed
100627,2023-09-12,42,6,Asia Pacific,Online,2,828.0,0.0,1656.0,Completed
100680,2023-09-12,33,12,North America,Online,4,98.35,0.15,334.39,Completed
102323,2023-09-12,41,19,Europe,Online,2,96.56,0.0,193.12,Completed
103011,2023-09-12,358,3,Asia Pacific,Partner,2,1057.69,0.0,2115.38,Completed
103535,2023-09-12,337,15,North America,Online,5,78.82,0.05,374.39,Completed
104064,2023-09-12,353,16,Europe,Partner,1,183.97,0.0,183.97,Completed
104198,2023-09-12,109,15,North America,Online,3,77.34,0.0,232.02,Completed
104220,2023-09-12,3,15,Latin America,Partner,5,81.77,0.0,408.85,Completed
104892,2023-09-12,564,22,Europe,Online,1,81.74,0.15,69.48,Completed
105352,2023-09-12,264,15,North America,Online,5,83.6,0.15,355.3,Completed
105875,2023-09-12,497,6,Europe,Retail,2,818.07,0.0,1636.14,Completed
100990,2023-09-13,424,16,North America,Partner,2,202.45,0.15,344.16,Completed
101716,2023-09-13,368,6,Asia Pacific,Partner,2,804.0,0.1,1447.2,Completed
102494,2023-09-13,9,1,North America,Retail,2,1200.52,0.0,2401.04,Completed
103882,2023-09-13,100,13,Middle East & Africa,Online,1,24.91,0.0,24.91,Completed
105140,2023-09-13,211,10,Asia Pacific,Online,4,44.26,0.1,159.34,Completed
105442,2023-09-13,188,6,North America,Partner,1,806.57,0.0,806.57,Completed
105825,2023-09-13,138,24,Europe,Online,5,59.16,0.0,295.8,Cancelled
100660,2023-09-14,531,7,Asia Pacific,Retail,1,557.92,0.0,557.92,Completed
106357,2023-09-14,290,7,North America,Online,1,566.3,0.0,566.3,Completed
106363,2023-09-14,37,21,North America,Online,1,290.3,0.0,290.3,Completed
100215,2023-09-15,193,1,North America,Online,2,1215.13,0.0,2430.26,Cancelled
100438,2023-09-15,599,4,Middle East & Africa,Online,2,1977.47,0.0,3954.94,Completed
100719,2023-09-15,113,23,North America,Online,12,127.5,0.0,1530.0,Completed
100853,2023-09-15,298,8,Asia Pacific,Retail,1,1136.97,0.1,1023.27,Completed
101427,2023-09-15,328,4,Europe,Online,1,2010.15,0.05,1909.64,Completed
102095,2023-09-15,135,3,Europe,Online,1,1053.59,0.0,1053.59,Completed
102234,2023-09-15,410,7,Middle East & Africa,Retail,1,543.73,0.0,543.73,Completed
102463,2023-09-15,249,19,North America,Retail,2,97.23,0.05,184.74,Completed
103046,2023-09-15,141,18,Europe,Retail,2,727.05,0.05,1381.39,Completed
103443,2023-09-15,282,19,North America,Retail,1,94.08,0.0,94.08,Completed
104352,2023-09-15,522,10,North America,Online,4,45.73,0.05,173.77,Cancelled
104540,2023-09-15,497,11,Europe,Partner,2,29.67,0.05,56.37,Completed
104688,2023-09-15,17,10,Europe,Retail,3,44.69,0.05,127.37,Completed
104705,2023-09-15,541,8,Middle East & Africa,Online,1,1105.59,0.1,995.03,Completed
104792,2023-09-15,363,10,North America,Online,3,43.02,0.1,116.15,Completed
105400,2023-09-15,210,10,Europe,Online,3,44.39,0.05,126.51,Completed
100335,2023-09-16,99,20,North America,Partner,1,181.09,0.0,181.09,Completed
100720,2023-09-16,481,12,Europe,Retail,5,93.77,0.0,468.85,Completed
102366,2023-09-16,167,11,Asia Pacific,Partner,5,30.03,0.1,135.14,Completed
103514,2023-09-16,369,10,North America,Online,5,44.93,0.0,224.65,Returned
104203,2023-09-16,353,19,Europe,Online,2,98.57,0.05,187.28,Completed
106261,2023-09-16,266,10,North America,Online,16,45.96,0.0,735.36,Completed
100059,2023-09-17,589,12,North America,Retail,1,98.66,0.1,88.79,Completed
101400,2023-09-17,234,7,Europe,Partner,2,551.97,0.0,1103.94,Completed
101564,2023-09-17,37,6,North America,Online,1,822.97,0.15,699.52,Completed
102004,2023-09-17,463,7,Latin America,Online,2,561.81,0.0,1123.62,Completed
102231,2023-09-17,386,4,Middle East & Africa,Online,2,1959.91,0.1,3527.84,Completed
102245,2023-09-17,178,17,Middle East & Africa,Online,6,442.26,0.0,2653.56,Completed
102270,2023-09-17,512,20,Asia Pacific,Retail,1,184.32,0.0,184.32,Completed
103955,2023-09-17,330,18,North America,Online,1,715.37,0.0,715.37,Completed
104054,2023-09-17,392,15,North America,Retail,4,81.03,0.15,275.5,Completed
104131,2023-09-17,555,15,North America,Online,1,81.84,0.0,81.84,Completed
104222,2023-09-17,192,11,North America,Online,4,28.48,0.15,96.83,Completed
104663,2023-09-17,353,14,Europe,Retail,3,59.38,0.15,151.42,Completed
105315,2023-09-17,368,10,Asia Pacific,Online,5,44.33,0.15,188.4,Completed
105481,2023-09-17,239,7,North America,Partner,1,545.31,,463.51,Completed
106336,2023-09-17,37,20,North America,Partner,1,174.74,0.05,166.0,Cancelled
100477,2023-09-18,576,11,Europe,Online,2,28.58,0.1,51.44,Completed
100821,2023-09-18,497,18,Europe,Online,1,745.28,0.0,745.28,Completed
100932,2023-09-18,327,8,Asia Pacific,Online,1,1097.4,0.1,987.66,Completed
101682,2023-09-18,330,24,North America,Online,2,59.52,0.0,119.04,Completed
102146,2023-09-18,2,2,Europe,Online,1,1529.5,0.0,1529.5,Completed
102163,2023-09-18,429,10,North America,Retail,1,44.82,0.0,44.82,Completed
102393,2023-09-18,587,18,North America,Online,5,774.51,0.15,3291.67,Cancelled
102422,2023-09-18,370,1,Latin America,Online,2,1206.06,0.1,2170.91,Returned
102443,2023-09-18,218,15,North America,Retail,3,77.86,0.0,233.58,Completed
102656,2023-09-18,539,21,North America,Retail,1,295.74,0.0,295.74,Returned
104328,2023-09-18,451,15,North America,Online,3,78.88,0.05,224.81,Completed
104583,2023-09-18,390,15,Latin America,Retail,12,77.94,0.0,935.28,Completed
104819,2023-09-18,535,16,North America,Retail,1,195.89,0.0,195.89,Completed
105078,2023-09-18,152,12,Latin America,Online,4,101.73,0.0,406.92,Completed
100883,2023-09-19,342,21,Middle East & Africa,Retail,2,304.31,0.0,608.62,Completed
101241,2023-09-19,479,14,Europe,Retail,5,59.79,0.0,298.95,Completed
102379,2023-09-19,228,8,Europe,Retail,1,1111.45,0.0,1111.45,Completed
102523,2023-09-19,596,14,North America,Online,3,58.24,0.15,148.51,Completed
102669,2023-09-19,207,19,North America,Partner,2,103.37,0.05,196.4,Completed
103331,2023-09-19,587,11,North America,Online,5,26.68,0.15,113.39,Completed
103987,2023-09-19,104,7,Middle East & Africa,Online,1,557.54,0.1,501.79,Completed
104959,2023-09-19,156,6,Asia Pacific,Retail,4,787.75,0.1,2835.9,Completed
105446,2023-09-19,27,10,Europe,Retail,3,45.32,0.15,115.57,Completed
106301,2023-09-19,147,1,North America,Online,1,1215.21,0.15,1032.93,Completed
100105,2023-09-20,407,21,North America,Retail,2,292.26,0.0,584.52,Completed
101222,2023-09-20,138,3,Europe,Partner,2,1006.12,0.05,1911.63,Completed
101452,2023-09-20,360,7,Europe,Online,1,526.94,0.0,526.94,Completed
102750,2023-09-20,239,21,North America,Retail,2,290.23,0.1,522.41,Completed
102940,2023-09-20,475,13,North America,Online,2,24.39,0.0,48.78,Returned
104929,2023-09-20,595,10,North America,Online,1,46.83,0.0,46.83,Completed
105603,2023-09-20,114,8,Europe,Online,1,1092.17,0.1,982.95,Completed
105898,2023-09-20,284,14,North America,Retail,3,58.21,0.0,174.63,Completed
100582,2023-09-21,449,14,North America,Online,4,59.02,0.15,200.67,Completed
100615,2023-09-21,319,13,North America,Online,4,24.75,0.0,99.0,Completed
101110,2023-09-21,217,7,North America,Retail,1,525.93,0.0,525.93,Completed
101279,2023-09-21,239,20,North America,Retail,1,179.97,0.1,161.97,Completed
101358,2023-09-21,165,15,Europe,Online,2,76.4,0.15,129.88,Completed
101860,2023-09-21,289,13,Europe,Online,4,25.17,0.1,90.61,Completed
102072,2023-09-21,152,7,Latin America,Online,2,556.42,0.0,1112.84,Completed
102460,2023-09-21,215,14,Asia Pacific,Online,1,61.24,0.15,52.05,Completed
103899,2023-09-21,288,21,North America,Partner,1,300.62,0.0,300.62,Cancelled
106262,2023-09-21,435,18,North America,Retail,2,709.98,0.1,1277.96,Completed
106961,2023-09-21,419,10,North America,Online,10,44.28,0.15,376.38,Completed
100819,2023-09-22,255,7,North America,Partner,1,580.19,0.15,493.16,Completed
101418,2023-09-22,258,14,North America,Online,2,58.73,0.1,105.71,Completed
101762,2023-09-22,349,18,Europe,Retail,1,748.39,0.0,748.39,Completed
101795,2023-09-22,255,8,North America,Online,1,1129.84,0.1,1016.86,Completed
102086,2023-09-22,525,21,North America,Online,1,299.92,0.0,299.92,Completed
102492,2023-09-22,502,11,Latin America,Retail,5,29.1,0.0,145.5,Completed
104150,2023-09-22,85,14,North America,Online,3,55.93,0.1,151.01,Completed
104296,2023-09-22,117,12,Asia Pacific,Online,5,96.89,0.1,436.0,Returned
104519,2023-09-22,128,13,North America,Online,1,24.3,0.0,24.3,Completed
104912,2023-09-22,583,21,North America,Online,1,293.55,0.0,293.55,Completed
106021,2023-09-22,281,13,North America,Online,3,24.31,0.0,72.93,Cancelled
106079,2023-09-22,552,13,North America,Online,3,23.77,0.15,60.61,Completed
106106,2023-09-22,404,11,North America,Partner,5,28.03,0.05,133.14,Completed
106402,2023-09-22,18,6,North America,Partner,2,825.73,0.1,1486.31,Completed
101667,2023-09-23,404,10,North America,Partner,2,45.78,0.0,91.56,Returned
102274,2023-09-23,560,18,Europe,Retail,2,734.27,0.0,1468.54,Completed
102910,2023-09-23,596,15,North America,Online,4,78.12,0.05,296.86,Completed
103125,2023-09-23,357,16,Asia Pacific,Online,2,201.32,0.05,382.51,Completed
103480,2023-09-23,347,12,Latin America,Online,5,101.9,0.0,509.5,Completed
105364,2023-09-23,260,1,Europe,Partner,2,1142.51,0.0,2285.02,Completed
106532,2023-09-23,25,13,Asia Pacific,Partner,4,25.88,0.1,93.17,Completed
106587,2023-09-23,297,8,Middle East & Africa,Online,2,1129.19,0.05,2145.46,Completed
106729,2023-09-23,561,3,North America,Online,2,989.21,0.0,1978.42,Completed
100417,2023-09-24,143,15,Latin America,Online,1,77.96,0.05,74.06,Completed
101440,2023-09-24,100,12,Middle East & Africa,Online,4,98.6,0.15,335.24,Completed
101863,2023-09-24,6,8,Middle East & Africa,Online,2,1094.45,0.05,2079.46,Completed
103754,2023-09-24,179,12,Latin America,Retail,1,101.37,0.05,96.3,Completed
105023,2023-09-24,499,8,North America,Retail,2,1081.5,0.15,1838.55,Completed
105741,2023-09-24,387,10,Asia Pacific,Online,1,42.37,0.0,42.37,Completed
106075,2023-09-24,239,7,North America,Partner,1,600.03,0.05,570.03,Completed
106922,2023-09-24,401,15,North America,Online,3,80.01,0.0,240.03,Completed
100545,2023-09-25,394,6,Asia Pacific,Retail,2,814.22,0.15,1384.17,Completed
100568,2023-09-25,65,18,Europe,Online,2,736.09,0.0,1472.18,Completed
101450,2023-09-25,84,11,North America,Online,1,28.72,0.0,28.72,Returned
101971,2023-09-25,176,6,North America,Online,2,791.83,0.15,1346.11,Completed
102150,2023-09-25,36,4,North America,Partner,1,1987.46,0.0,1987.46,Completed
103945,2023-09-25,471,1,Europe,Retail,1,1262.7,0.0,1262.7,Completed
103975,2023-09-25,589,2,North America,Partner,2,1446.25,0.05,2747.88,Completed
105743,2023-09-25,516,10,North America,Online,4,45.73,0.05,173.77,Completed
100155,2023-09-26,351,10,Europe,Retail,5,42.59,0.0,212.95,Completed
100285,2023-09-26,435,2,North America,Online,2,1469.98,0.15,2498.97,Returned
100838,2023-09-26,298,8,Asia Pacific,Online,2,1085.19,0.05,2061.86,Returned
102287,2023-09-26,595,14,North America,Partner,5,59.37,0.0,296.85,Completed
103638,2023-09-26,100,3,Middle East & Africa,Partner,1,1028.19,0.1,925.37,Completed
104052,2023-09-26,319,10,North America,Online,4,45.95,0.1,165.42,Completed
104412,2023-09-26,83,15,Asia Pacific,Online,5,75.49,0.1,339.7,Completed
104942,2023-09-26,480,11,Europe,Online,4,29.28,0.05,111.26,Completed
106241,2023-09-26,62,14,Europe,Retail,25,57.22,0.0,1430.5,Completed
100981,2023-09-27,206,4,North America,Retail,2,2044.05,0.0,4088.1,Completed
101201,2023-09-27,115,21,North America,Online,2,295.53,0.0,591.06,Returned
102216,2023-09-27,102,21,Asia Pacific,Online,2,295.48,0.0,590.96,Completed
102344,2023-09-27,252,2,Latin America,Online,1,1447.21,0.0,1447.21,Completed
102530,2023-09-27,219,16,Latin America,Partner,2,199.25,0.0,398.5,Completed
103213,2023-09-27,266,8,North America,Partner,4,1120.03,0.1,4032.11,Completed
103568,2023-09-27,206,15,North America,Retail,5,77.97,0.0,389.85,Returned
105448,2023-09-27,197,18,Europe,Partner,1,717.79,0.1,646.01,Completed
105549,2023-09-27,332,8,North America,Retail,2,1065.7,0.1,1918.26,Completed
100421,2023-09-28,249,20,North America,Online,1,174.8,0.0,174.8,Completed
100790,2023-09-28,155,20,North America,Online,10,187.83,0.05,1784.38,Completed
101064,2023-09-28,37,11,North America,Online,3,29.65,,88.95,Completed
102089,2023-09-28,204,13,North America,Online,3,25.77,0.0,77.31,Completed
102708,2023-09-28,327,2,Asia Pacific,Online,2,1422.34,0.05,2702.45,Completed
103151,2023-09-28,114,11,Europe,Partner,2,29.56,0.05,56.16,Completed
103731,2023-09-28,547,11,Europe,Partner,5,28.89,0.05,137.23,Completed
104557,2023-09-28,138,3,Europe,Online,1,1016.63,0.1,914.97,Completed
105349,2023-09-28,577,1,Latin America,Retail,2,1186.76,0.05,2254.84,Cancelled
106111,2023-09-28,268,7,North America,Retail,4,561.11,0.1,2020.0,Completed
100229,2023-09-29,151,2,Asia Pacific,Online,3,1475.52,0.05,4205.23,Completed
101879,2023-09-29,427,5,North America,Online,1,446.34,0.1,401.71,Completed
102502,2023-09-29,159,20,Asia Pacific,Retail,2,172.81,0.0,345.62,Completed
103255,2023-09-29,385,3,North America,Online,1,959.35,0.0,959.35,Completed
103472,2023-09-29,175,15,North America,Partner,5,77.77,0.0,388.85,Completed
103669,2023-09-29,363,8,North America,Retail,1,1119.7,0.15,951.74,Completed
106636,2023-09-29,8,4,Asia Pacific,Retail,2,2018.79,0.0,4037.58,Completed
100245,2023-09-30,530,21,North America,Retail,1,299.2,0.15,254.32,Completed
101435,2023-09-30,207,15,North America,Online,3,74.52,0.15,190.03,Completed
102690,2023-09-30,528,4,Middle East & Africa,Online,2,2053.87,0.0,4107.74,Completed
103146,2023-09-30,377,15,Latin America,Retail,4,78.68,0.05,298.98,Completed
103808,2023-09-30,138,17,Europe,Retail,2,452.73,0.0,905.46,Returned
104725,2023-09-30,569,11,North America,Retail,5,28.92,0.1,130.14,Completed
104842,2023-09-30,543,15,Asia Pacific,Retail,3,75.74,0.0,227.22,Completed
100915,2023-10-01,260,8,Europe,Partner,2,1114.35,0.05,2117.26,Completed
100939,2023-10-01,472,2,Europe,Online,1,1458.41,0.0,1458.41,Completed
102616,2023-10-01,213,17,North America,Online,1,451.92,0.05,429.32,Completed
103296,2023-10-01,135,15,Europe,Online,4,76.54,0.15,260.24,Completed
103509,2023-10-01,445,7,North America,Partner,1,530.24,0.15,450.7,Completed
103979,2023-10-01,463,10,Latin America,Online,3,43.23,0.1,116.72,Completed
104650,2023-10-01,131,18,North America,Partner,2,744.24,0.1,1339.63,Completed
100611,2023-10-02,280,8,Latin America,Online,1,1116.83,0.0,1116.83,Completed
101155,2023-10-02,422,4,North America,Partner,1,2007.51,0.15,1706.38,Completed
101190,2023-10-02,560,12,Europe,Partner,1,102.07,0.05,96.97,Completed
101657,2023-10-02,399,22,Europe,Online,1,74.18,0.0,74.18,Completed
102467,2023-10-02,75,14,North America,Online,12,60.2,0.1,650.16,Completed
102819,2023-10-02,136,14,North America,Retail,5,60.96,0.0,304.8,Completed
102842,2023-10-02,595,12,North America,Partner,2,102.63,0.0,205.26,Completed
103520,2023-10-02,456,17,North America,Online,1,452.78,0.0,452.78,Completed
105085,2023-10-02,112,4,North America,Retail,1,1991.51,0.0,1991.51,Completed
105162,2023-10-02,132,11,Latin America,Partner,1,30.55,0.05,29.02,Completed
105217,2023-10-02,389,10,North America,Retail,3,44.42,0.0,133.26,Completed
106792,2023-10-02,532,2,Asia Pacific,Online,2,1482.43,0.1,2668.37,Completed
106799,2023-10-02,217,16,North America,Partner,2,197.04,0.0,394.08,Completed
100150,2023-10-03,197,9,Europe,Retail,2,143.7,0.15,244.29,Completed
101701,2023-10-03,559,16,Europe,Retail,6,202.82,0.1,1095.23,Completed
101774,2023-10-03,192,16,North America,Retail,2,195.83,0.05,372.08,Completed
102671,2023-10-03,462,12,North America,Online,10,102.99,0.0,1029.9,Completed
102702,2023-10-03,435,2,North America,Partner,1,1500.9,0.0,1500.9,Completed
102908,2023-10-03,85,13,North America,Online,5,23.64,0.0,118.2,Completed
103188,2023-10-03,476,14,North America,Partner,5,59.49,0.0,297.45,Completed
105382,2023-10-03,284,7,North America,Online,2,559.31,0.1,1006.76,Completed
106014,2023-10-03,591,15,Latin America,Online,4,78.04,0.1,280.94,Completed
106551,2023-10-03,239,1,North America,Online,2,1187.65,0.15,2019.0,Completed
100195,2023-10-04,157,15,North America,Online,1,76.93,0.15,65.39,Completed
101273,2023-10-04,443,20,Asia Pacific,Online,2,171.95,0.0,343.9,Completed
101550,2023-10-04,165,13,Europe,Retail,3,25.94,0.05,73.93,Completed
102039,2023-10-04,446,11,Asia Pacific,,1,28.89,0.1,26.0,Completed
103977,2023-10-04,591,20,Latin America,Online,1,182.81,0.0,182.81,Completed
104051,2023-10-04,268,13,North America,Online,10,24.34,0.05,231.23,Returned
105165,2023-10-04,208,13,Asia Pacific,Retail,2,24.88,0.0,49.76,Completed
105531,2023-10-04,184,20,North America,Online,1,167.7,0.05,159.31,Completed
105711,2023-10-04,301,11,Asia Pacific,Online,1,29.83,0.15,25.36,Completed
106841,2023-10-04,332,21,North America,Retail,1,301.66,0.0,301.66,Completed
100008,2023-10-05,172,15,Europe,Online,20,78.21,0.0,1564.2,Completed
101251,2023-10-05,234,23,Europe,Online,3,128.18,0.1,346.09,Completed
102306,2023-10-05,313,24,North America,Online,5,60.99,0.0,304.95,Completed
103137,2023-10-05,513,13,North America,Online,3,25.3,0.1,68.31,Completed
100332,2023-10-06,343,3,Asia Pacific,Retail,2,1002.72,0.0,2005.44,Completed
102118,2023-10-06,87,19,Asia Pacific,Online,2,97.58,0.1,175.64,Completed
102945,2023-10-06,382,12,Latin America,Retail,8,96.36,0.1,693.79,Completed
103330,2023-10-06,570,13,Europe,Retail,2,23.69,0.15,40.27,Completed
103432,2023-10-06,344,11,Europe,Retail,3,27.7,0.0,83.1,Completed
104971,2023-10-06,136,1,North America,Partner,1,1216.18,0.1,1094.56,Completed
105153,2023-10-06,429,6,North America,Online,1,759.64,0.1,683.68,Completed
105157,2023-10-06,440,6,Europe,Online,2,829.96,0.0,1659.92,Completed
105197,2023-10-06,562,14,North America,Retail,1,62.14,0.0,62.14,Completed
105487,2023-10-06,246,12,Latin America,Retail,1,94.92,0.15,80.68,Completed
106203,2023-10-06,472,1,Europe,Online,1,1191.33,0.15,1012.63,Completed
106575,2023-10-06,156,16,Asia Pacific,Online,10,192.35,0.1,1731.15,Completed
106614,2023-10-06,206,17,North America,Online,2,448.28,0.0,896.56,Completed
100844,2023-10-07,24,19,Latin America,Retail,2,97.51,0.15,165.77,Completed
101015,2023-10-07,193,12,North America,Online,1,98.3,0.15,83.56,Completed
101297,2023-10-07,119,10,Europe,Online,5,44.79,0.0,223.95,Returned
102116,2023-10-07,430,18,Asia Pacific,Retail,1,742.94,0.0,742.94,Completed
102432,2023-10-07,596,2,North America,Online,6,1542.72,0.1,8330.69,Completed
102731,2023-10-07,478,12,Europe,Online,3,100.73,0.0,302.19,Completed
103417,2023-10-07,258,8,North America,Online,2,1144.81,0.1,2060.66,Completed
105805,2023-10-07,135,1,Europe,Online,2,1225.8,0.1,2206.44,Completed
106159,2023-10-07,370,16,Latin America,Retail,1,199.2,0.05,189.24,Completed
100711,2023-10-08,133,3,Europe,Online,2,1007.08,0.05,1913.45,Completed
101068,2023-10-08,530,19,North America,Partner,1,94.93,0.0,94.93,Completed
102040,2023-10-08,192,10,North America,Online,4,44.16,0.0,176.64,Completed
102446,2023-10-08,463,1,Latin America,Online,2,1263.68,0.0,2527.36,Completed
102760,2023-10-08,357,14,Asia Pacific,Partner,1,59.92,0.0,59.92,Completed
100741,2023-10-09,110,16,Latin America,Retail,2,201.0,0.15,341.7,Returned
101987,2023-10-09,71,15,North America,Partner,3,77.84,0.15,198.49,Completed
102663,2023-10-09,340,1,Latin America,Online,2,1220.07,0.0,2440.14,Completed
102882,2023-10-09,352,24,North America,Online,2,58.53,0.05,111.21,Completed
103157,2023-10-09,351,6,Europe,Online,1,786.49,0.0,786.49,Completed
103524,2023-10-09,171,17,North America,Online,2,432.85,0.0,865.7,Completed
104127,2023-10-09,505,10,Europe,Retail,1,44.55,0.15,37.87,Completed
104831,2023-10-09,79,10,Europe,Online,2,43.77,0.0,87.54,Completed
106227,2023-10-09,412,10,Asia Pacific,Online,1,42.3,0.1,38.07,Completed
106498,2023-10-09,565,14,Europe,Online,3,58.56,0.05,166.9,Completed
106621,2023-10-09,474,10,North America,Online,3,43.52,0.1,117.5,Completed
106770,2023-10-09,475,7,North America,Online,1,544.2,0.1,489.78,Completed
101140,2023-10-10,207,1,North America,Online,2,1172.72,0.1,2110.9,Completed
102171,2023-10-10,192,15,North America,Online,3,81.96,0.0,245.88,Completed
102212,2023-10-10,334,7,Latin America,Retail,6,541.16,0.0,3246.96,Returned
103230,2023-10-10,174,20,Latin America,Online,2,176.34,0.0,352.68,Completed
104120,2023-10-10,281,8,North America,Online,1,1073.27,0.05,1019.61,Completed
104673,2023-10-10,435,16,North America,Retail,2,195.84,0.15,332.93,Completed
104730,2023-10-10,30,17,Asia Pacific,Online,2,439.91,0.15,747.85,Completed
105658,2023-10-10,462,15,North America,Online,5,79.44,0.05,377.34,Completed
106161,2023-10-10,393,2,Europe,Online,2,1482.13,0.0,2964.26,Completed
106476,2023-10-10,593,20,North America,Online,2,184.08,0.0,368.16,Completed
101516,2023-10-11,430,3,Asia Pacific,Online,2,1025.22,0.05,1947.92,Completed
101704,2023-10-11,288,1,North America,Partner,2,1198.47,0.0,2396.94,Completed
102021,2023-10-11,249,15,North America,,4,76.56,0.05,290.93,Completed
102843,2023-10-11,124,4,Europe,Retail,2,1921.99,0.0,3843.98,Completed
105146,2023-10-11,125,11,North America,Partner,1,29.11,0.0,29.11,Completed
105500,2023-10-11,132,15,Latin America,Partner,3,82.32,0.0,246.96,Completed
105536,2023-10-11,35,18,Europe,Online,2,745.58,0.1,1342.04,Completed
105919,2023-10-11,101,1,Latin America,Retail,2,1227.24,0.0,2454.48,Completed
106836,2023-10-11,357,8,Asia Pacific,Retail,2,1030.42,0.05,1957.8,Completed
101170,2023-10-12,154,3,Europe,Online,3,1003.02,0.0,3009.06,Completed
101173,2023-10-12,475,7,North America,Retail,1,534.18,0.0,534.18,Completed
102272,2023-10-12,375,20,North America,Online,2,173.7,0.0,347.4,Completed
102585,2023-10-12,401,13,North America,Partner,2,24.25,0.0,48.5,Completed
102722,2023-10-12,376,10,North America,Online,3,46.62,0.0,139.86,Completed
102889,2023-10-12,449,11,North America,Online,3,29.47,0.05,83.99,Completed
103098,2023-10-12,531,24,Asia Pacific,Online,5,58.25,0.0,291.25,Completed
103127,2023-10-12,532,15,Asia Pacific,Online,2,81.29,0.05,154.45,Completed
100858,2023-10-13,193,14,North America,Retail,2,58.37,0.0,116.74,Completed
102031,2023-10-13,152,13,Latin America,Online,5,24.41,0.0,122.05,Completed
102381,2023-10-13,157,14,North America,Online,4,56.82,0.05,215.92,Completed
103560,2023-10-13,584,14,Europe,Retail,2,60.12,0.0,120.24,Completed
105914,2023-10-13,220,16,Europe,Retail,2,186.48,0.15,317.02,Completed
106042,2023-10-13,435,13,North America,Retail,4,25.48,0.0,101.92,Completed
106645,2023-10-13,596,6,North America,Online,4,806.12,0.0,3224.48,Completed
100593,2023-10-14,478,11,Europe,Retail,2,30.07,0.1,54.13,Completed
101253,2023-10-14,72,14,Europe,Online,5,59.7,0.0,298.5,Completed
101349,2023-10-14,37,11,North America,Online,4,29.46,0.1,106.06,Completed
101684,2023-10-14,379,13,Europe,Online,3,25.69,0.0,77.07,Completed
102249,2023-10-14,173,14,North America,Online,5,59.36,0.0,296.8,Completed
103533,2023-10-14,280,13,Latin America,Online,4,25.2,0.15,85.68,Completed
104529,2023-10-14,172,16,Europe,Online,10,200.76,0.0,2007.6,Completed
104735,2023-10-14,544,11,Middle East & Africa,Online,5,30.02,0.0,150.1,Completed
100920,2023-10-15,437,7,North America,Partner,2,538.21,0.0,1076.42,Completed
101069,2023-10-15,200,11,North America,Online,2,28.79,0.15,48.94,Completed
101497,2023-10-15,237,14,Europe,Online,6,58.94,0.15,300.59,Completed
102583,2023-10-15,267,3,North America,Retail,1,987.65,0.15,839.5,Completed
103481,2023-10-15,545,10,North America,Retail,1,45.8,0.1,41.22,Completed
103564,2023-10-15,299,6,Asia Pacific,Retail,2,784.46,0.15,1333.58,Completed
103828,2023-10-15,480,4,Europe,Online,2,2004.26,0.15,3407.24,Completed
104250,2023-10-15,79,20,Europe,Online,1,181.04,0.0,181.04,Completed
104313,2023-10-15,153,6,North America,Retail,2,791.7,0.0,1583.4,Completed
104915,2023-10-15,361,10,Latin America,Retail,2,44.97,0.05,85.44,Completed
105821,2023-10-15,221,15,North America,Online,5,81.98,0.1,368.91,Completed
106956,2023-10-15,82,11,Europe,Online,5,29.0,0.05,137.75,Completed
100760,2023-10-16,230,11,North America,Retail,4,28.52,0.0,114.08,Completed
101403,2023-10-16,288,10,North America,Online,4,45.84,0.15,155.86,Completed
102997,2023-10-16,148,15,Europe,Online,8,79.44,0.05,603.74,Completed
103091,2023-10-16,572,15,Asia Pacific,Online,2,75.88,0.0,151.76,Cancelled
103222,2023-10-16,549,24,Asia Pacific,Retail,5,61.46,0.0,307.3,Completed
105984,2023-10-16,101,14,Latin America,Retail,5,58.01,0.0,290.05,Completed
106940,2023-10-16,48,2,North America,Online,2,1480.63,0.0,2961.26,Completed
100625,2023-10-17,580,4,North America,Online,2,1854.28,0.0,3708.56,Completed
101637,2023-10-17,373,6,North America,Retail,1,774.43,0.1,696.99,Completed
101958,2023-10-17,456,12,North America,Online,3,101.52,0.0,304.56,Completed
104038,2023-10-17,558,21,Europe,Online,1,296.53,0.05,281.7,Completed
104945,2023-10-17,319,1,North America,Online,2,1241.72,0.15,2110.92,Completed
105052,2023-10-17,84,19,North America,Online,1,101.07,0.1,90.96,Completed
106143,2023-10-17,383,16,Asia Pacific,Online,2,197.55,0.1,355.59,Completed
106416,2023-10-17,334,6,Latin America,Online,5,763.59,0.1,3436.16,Completed
106701,2023-10-17,96,4,Europe,Partner,1,1942.73,0.1,1748.46,Completed
106879,2023-10-17,569,7,North America,Retail,2,560.13,0.0,1120.26,Completed
100364,2023-10-18,520,18,Asia Pacific,Online,8,762.06,,5791.66,Completed
100965,2023-10-18,149,10,Europe,Online,5,45.15,0.1,203.18,Completed
101561,2023-10-18,210,7,Europe,Online,2,544.0,0.0,1088.0,Completed
101561,2023-10-18,210,7,Europe,Online,2,544.0,0.0,1088.0,Completed
101623,2023-10-18,530,2,North America,Online,2,1487.81,0.0,2975.62,Completed
102042,2023-10-18,381,11,Europe,Online,5,27.57,0.0,137.85,Completed
102970,2023-10-18,596,20,North America,Online,4,172.72,0.15,587.25,Completed
106739,2023-10-18,442,8,North America,Retail,1,1111.84,0.05,1056.25,Completed
100686,2023-10-19,249,21,North America,Retail,2,311.57,0.05,591.98,Completed
102132,2023-10-19,466,4,Asia Pacific,Online,1,2039.2,0.05,1937.24,Completed
102331,2023-10-19,98,14,North America,Partner,2,56.95,0.1,102.51,Completed
102395,2023-10-19,78,21,Asia Pacific,Retail,1,302.93,0.05,287.78,Completed
102573,2023-10-19,326,1,Asia Pacific,Online,1,1231.01,0.15,1046.36,Completed
102643,2023-10-19,466,16,Asia Pacific,Online,1,203.5,0.1,183.15,Completed
104504,2023-10-19,589,17,North America,Online,2,442.6,0.0,885.2,Cancelled
104585,2023-10-19,166,18,North America,Online,1,748.64,0.05,711.21,Completed
104727,2023-10-19,441,7,Latin America,Online,1,564.81,0.05,536.57,Returned
105249,2023-10-19,117,8,Asia Pacific,Online,1,1112.8,0.05,1057.16,Completed
105912,2023-10-19,16,8,North America,Online,1,1101.33,0.05,1046.26,Completed
100463,2023-10-20,235,15,Latin America,Online,3,80.73,0.0,242.19,Completed
100961,2023-10-20,65,21,Europe,Online,2,293.07,,586.14,Completed
101255,2023-10-20,267,7,North America,Retail,2,545.17,0.0,1090.34,Completed
101719,2023-10-20,561,6,North America,Retail,1,812.41,0.0,812.41,Completed
102568,2023-10-20,123,10,North America,Partner,1,44.5,0.15,37.82,Completed
103726,2023-10-20,85,4,North America,Online,2,1956.59,0.0,3913.18,Completed
104365,2023-10-20,497,13,Europe,Online,4,23.97,0.0,95.88,Completed
105297,2023-10-20,152,14,Latin America,Online,4,58.84,0.0,235.36,Completed
105416,2023-10-20,229,15,Europe,Online,3,70.96,0.15,180.95,Completed
105423,2023-10-20,31,15,Asia Pacific,Retail,1,79.52,0.15,67.59,Completed
100149,2023-10-21,118,20,Asia Pacific,Retail,1,170.67,0.15,145.07,Completed
100902,2023-10-21,388,14,Middle East & Africa,Online,2,61.2,0.1,110.16,Completed
102387,2023-10-21,7,14,Asia Pacific,Retail,4,54.88,0.0,219.52,Completed
102743,2023-10-21,478,12,Europe,Online,3,102.89,0.1,277.8,Completed
103993,2023-10-21,382,15,Latin America,Retail,10,78.89,0.05,749.46,Completed
104828,2023-10-21,312,11,Europe,Partner,4,27.99,0.15,95.17,Completed
104998,2023-10-21,95,24,North America,Online,5,59.13,0.05,280.87,Completed
105221,2023-10-21,241,14,Asia Pacific,Online,4,59.81,0.15,203.35,Completed
105634,2023-10-21,490,10,Europe,Retail,5,46.18,0.05,219.36,Completed
106244,2023-10-21,210,4,Europe,Retail,1,2078.31,0.05,1974.39,Completed
106499,2023-10-21,505,8,Europe,Online,1,1106.91,0.0,1106.91,Completed
106568,2023-10-21,288,1,North America,Online,2,1215.85,0.15,2066.94,Completed
100454,2023-10-22,67,13,Europe,Retail,10,25.46,0.0,254.6,Completed
100567,2023-10-22,100,19,Middle East & Africa,Online,1,100.46,0.15,85.39,Completed
101219,2023-10-22,218,3,North America,Online,1,988.81,0.0,988.81,Completed
101982,2023-10-22,440,15,Europe,Online,1,77.1,0.15,65.54,Completed
104272,2023-10-22,272,21,North America,Partner,1,307.08,0.15,261.02,Completed
104867,2023-10-22,104,11,Middle East & Africa,Online,4,28.81,0.15,97.95,Completed
105003,2023-10-22,364,16,North America,Online,2,210.12,0.05,399.23,Completed
100034,2023-10-23,505,10,Europe,Online,4,42.44,0.1,152.78,Completed
100537,2023-10-23,46,13,Asia Pacific,Partner,5,24.78,0.0,123.9,Completed
100840,2023-10-23,530,6,North America,Partner,2,793.28,0.1,1427.9,Completed
101038,2023-10-23,514,6,North America,Retail,1,805.91,0.0,805.91,Cancelled
101175,2023-10-23,475,17,North America,Retail,1,481.92,0.0,481.92,Completed
101277,2023-10-23,125,5,North America,Retail,2,436.98,0.15,742.87,Completed
101711,2023-10-23,559,15,Europe,Retail,16,75.8,0.0,1212.8,Completed
102110,2023-10-23,192,7,North America,Online,2,531.17,0.05,1009.22,Completed
102206,2023-10-23,158,17,Asia Pacific,Online,1,440.25,0.15,374.21,Completed
102628,2023-10-23,573,3,Europe,Online,2,1032.56,0.0,2065.12,Completed
103328,2023-10-23,497,16,Europe,Retail,1,191.73,0.0,191.73,Completed
104492,2023-10-23,248,8,Europe,Online,2,1067.39,0.1,1921.3,Completed
105158,2023-10-23,489,8,Europe,Online,1,1120.75,0.0,1120.75,Completed
105209,2023-10-23,462,3,North America,Retail,10,1046.44,0.05,9941.18,Completed
105880,2023-10-23,64,10,Asia Pacific,Retail,3,45.31,0.0,135.93,Completed
106043,2023-10-23,101,10,Latin America,Online,4,44.19,0.0,176.76,Completed
106245,2023-10-23,220,11,Europe,Retail,5,29.69,0.0,148.45,Completed
106251,2023-10-23,565,7,Europe,Online,1,541.39,0.0,541.39,Completed
106672,2023-10-23,585,7,Latin America,Online,1,560.1,0.0,560.1,Completed
100879,2023-10-24,53,3,Asia Pacific,Retail,1,971.84,0.0,971.84,Completed
101594,2023-10-24,144,17,Europe,Online,2,458.19,0.15,778.92,Completed
101696,2023-10-24,535,18,North America,Online,2,766.23,0.0,1532.46,Completed
102215,2023-10-24,156,18,Asia Pacific,Online,6,775.07,0.0,4650.42,Cancelled
102515,2023-10-24,502,10,Latin America,Online,2,45.76,0.05,86.94,Completed
103094,2023-10-24,353,23,Europe,Partner,4,133.84,0.0,535.36,Completed
105740,2023-10-24,230,8,North America,Online,1,1111.25,0.1,1000.12,Completed
100547,2023-10-25,385,7,North America,Online,2,570.49,0.0,1140.98,Completed
101392,2023-10-25,342,15,Middle East & Africa,Online,2,80.53,0.0,161.06,Completed
101466,2023-10-25,107,11,Europe,Retail,5,27.98,0.05,132.9,Completed
102757,2023-10-25,52,7,North America,Retail,3,548.67,0.0,1646.01,Completed
103183,2023-10-25,150,9,North America,Online,4,144.59,0.15,491.61,Completed
104464,2023-10-25,228,15,Europe,Online,1,75.43,0.0,75.43,Completed
104780,2023-10-25,432,19,Asia Pacific,Online,1,96.33,0.0,96.33,Completed
104788,2023-10-25,233,7,Middle East & Africa,Retail,1,547.91,0.15,465.72,Cancelled
106761,2023-10-25,563,17,Asia Pacific,Partner,2,464.69,0.05,882.91,Completed
100619,2023-10-26,330,10,North America,Online,2,42.75,0.0,85.5,Completed
102233,2023-10-26,75,3,North America,Retail,4,1018.38,0.0,4073.52,Completed
102998,2023-10-26,478,2,Europe,Online,2,1469.59,0.0,2939.18,Completed
103175,2023-10-26,196,14,North America,Partner,4,59.46,0.1,214.06,Completed
103748,2023-10-26,142,4,Europe,Partner,1,1978.25,0.0,1978.25,Completed
104648,2023-10-26,124,11,Europe,Online,4,30.28,0.0,121.12,Completed
106292,2023-10-26,60,8,North America,Retail,1,1108.29,0.1,997.46,Completed
101049,2023-10-27,437,7,North America,Retail,1,537.31,0.0,537.31,Completed
101192,2023-10-27,17,12,Europe,Online,2,100.11,0.05,190.21,Completed
101212,2023-10-27,311,16,Europe,Online,2,208.1,0.15,353.77,Completed
101362,2023-10-27,267,14,North America,Retail,1,61.45,0.0,61.45,Completed
101428,2023-10-27,596,1,North America,Online,10,1232.0,0.0,12320.0,Completed
102063,2023-10-27,395,8,North America,Online,1,1103.49,0.15,937.97,Completed
102867,2023-10-27,133,18,Europe,Online,1,746.58,0.1,671.92,Completed
102920,2023-10-27,95,12,North America,Retail,1,105.47,0.0,105.47,Completed
103114,2023-10-27,298,19,Asia Pacific,Partner,2,98.27,0.0,196.54,Completed
103957,2023-10-27,538,10,North America,Online,5,43.46,0.1,195.57,Completed
104102,2023-10-27,542,12,Europe,Online,2,97.48,0.15,165.72,Completed
104392,2023-10-27,481,20,Europe,Retail,1,184.2,0.0,184.2,Completed
104458,2023-10-27,387,16,Asia Pacific,Partner,2,197.62,0.0,395.24,Completed
104478,2023-10-27,334,5,Latin America,Partner,10,460.62,0.15,3915.27,Completed
104690,2023-10-27,134,8,North America,Retail,2,1133.02,0.0,2266.04,Completed
104920,2023-10-27,305,6,Latin America,Partner,2,802.43,0.1,1444.37,Completed
105243,2023-10-27,217,12,North America,Retail,5,91.8,0.0,459.0,Completed
105440,2023-10-27,8,14,Asia Pacific,Online,5,56.46,0.1,254.07,Completed
105823,2023-10-27,232,6,Europe,Online,1,800.94,0.0,800.94,Completed
106822,2023-10-27,137,14,Middle East & Africa,Retail,4,58.08,0.0,232.32,Completed
100407,2023-10-28,205,3,North America,Online,1,979.71,0.0,979.71,Completed
100484,2023-10-28,181,1,Latin America,Online,1,1200.76,0.05,1140.72,Completed
100954,2023-10-28,87,7,Asia Pacific,Retail,2,567.19,0.0,1134.38,Completed
101037,2023-10-28,516,19,North America,Partner,2,102.37,0.0,204.74,Completed
103735,2023-10-28,423,7,North America,Online,1,528.18,0.0,528.18,Completed
105483,2023-10-28,24,16,Latin America,Partner,2,194.35,0.15,330.4,Completed
106389,2023-10-28,583,1,North America,Retail,2,1169.24,0.0,2338.48,Completed
106553,2023-10-28,538,20,North America,Online,1,175.76,0.15,149.4,Returned
100009,2023-10-29,417,13,North America,Online,2,24.05,0.05,45.7,Completed
100820,2023-10-29,221,2,North America,Online,1,1467.08,0.15,1247.02,Completed
100966,2023-10-29,473,19,North America,Online,1,99.35,0.15,84.45,Completed
101145,2023-10-29,388,13,Middle East & Africa,Retail,1,26.2,0.15,22.27,Completed
102228,2023-10-29,241,15,Asia Pacific,Online,1,78.29,0.0,78.29,Completed
105619,2023-10-29,396,12,Europe,Online,2,95.66,0.0,191.32,Completed
106393,2023-10-29,267,8,North America,Retail,1,1109.05,0.05,1053.6,Completed
100707,2023-10-30,269,8,North America,Online,1,1131.04,0.0,1131.04,Completed
100722,2023-10-30,496,8,Europe,Online,2,1165.1,0.15,1980.67,Completed
100723,2023-10-30,113,14,North America,Online,6,58.69,0.05,334.53,Completed
100756,2023-10-30,114,2,Europe,Retail,2,1563.93,0.0,3127.86,Completed
101307,2023-10-30,516,14,North America,Online,2,59.39,0.0,118.78,Completed
102199,2023-10-30,253,17,Europe,Online,1,452.44,0.0,452.44,Completed
102435,2023-10-30,181,14,Latin America,Retail,3,60.53,0.0,181.59,Completed
102745,2023-10-30,471,3,Europe,Online,1,997.39,0.15,847.78,Completed
102770,2023-10-30,241,19,Asia Pacific,Retail,1,94.56,0.05,89.83,Completed
102891,2023-10-30,171,12,North America,Retail,3,99.32,0.0,297.96,Completed
103013,2023-10-30,361,8,Latin America,Online,1,1094.82,0.0,1094.82,Completed
103466,2023-10-30,142,13,Europe,Online,3,25.5,0.0,76.5,Completed
103665,2023-10-30,492,18,Europe,Online,2,776.76,0.15,1320.49,Completed
104261,2023-10-30,251,13,Asia Pacific,Partner,20,23.45,0.15,398.65,Completed
104340,2023-10-30,216,3,Asia Pacific,Retail,1,1015.2,0.05,964.44,Returned
105097,2023-10-30,54,20,Asia Pacific,Partner,2,175.82,0.0,351.64,Completed
102586,2023-10-31,389,13,North America,Online,4,24.63,0.05,93.59,Completed
103158,2023-10-31,22,23,North America,Retail,5,131.96,,593.82,Completed
103433,2023-10-31,284,10,North America,Retail,2,48.46,0.05,92.07,Completed
103442,2023-10-31,124,10,Europe,,1,44.84,0.1,40.36,Completed
105135,2023-10-31,282,21,North America,Online,1,300.73,0.05,285.69,Completed
105718,2023-10-31,30,17,Asia Pacific,Online,2,438.95,0.05,834.0,Cancelled
106823,2023-10-31,583,4,North America,Online,1,1965.33,0.05,1867.06,Completed
100187,2023-11-01,210,13,Europe,Retail,3,24.89,0.15,63.47,Completed
100334,2023-11-01,174,12,Latin America,Retail,4,101.76,0.05,386.69,Completed
101823,2023-11-01,437,10,North America,Online,4,43.24,0.0,172.96,Completed
102056,2023-11-01,400,2,Europe,Online,1,1468.81,0.1,1321.93,Completed
102904,2023-11-01,475,12,North America,Online,1,101.88,0.15,86.6,Completed
103889,2023-11-01,222,8,Europe,Retail,1,1073.32,0.15,912.32,Completed
104525,2023-11-01,233,19,Middle East & Africa,Online,1,94.03,0.05,89.33,Completed
104698,2023-11-01,580,18,North America,Partner,1,754.29,0.0,754.29,Cancelled
105333,2023-11-01,28,20,North America,Partner,2,177.26,0.15,301.34,Completed
105808,2023-11-01,429,8,North America,Partner,2,1133.24,0.0,2266.48,Completed
105969,2023-11-01,375,7,North America,Partner,2,539.04,0.0,1078.08,Completed
106019,2023-11-01,441,14,Latin America,Online,2,61.08,0.0,122.16,Completed
106338,2023-11-01,280,8,Latin America,Retail,2,1102.45,0.0,2204.9,Completed
100556,2023-11-02,117,3,Asia Pacific,Online,1,984.5,0.1,886.05,Completed
101046,2023-11-02,171,11,North America,Retail,1,28.86,0.0,28.86,Completed
101368,2023-11-02,37,11,North America,Retail,3,30.38,0.0,91.14,Completed
102326,2023-11-02,516,15,North America,Retail,1,80.42,0.05,76.4,Completed
103584,2023-11-02,140,6,North America,Partner,1,765.2,0.0,765.2,Completed
103938,2023-11-02,198,9,Latin America,Retail,1,151.55,0.05,143.97,Completed
104456,2023-11-02,23,13,Middle East & Africa,Online,4,25.4,0.0,101.6,Completed
106631,2023-11-02,212,23,Europe,Online,4,127.91,0.0,511.64,Completed
106680,2023-11-02,289,17,Europe,Online,1,453.34,0.0,453.34,Completed
106918,2023-11-02,230,1,North America,Online,1,1179.8,0.15,1002.83,Completed
106979,2023-11-02,248,12,Europe,Online,4,107.77,0.0,431.08,Returned
100070,2023-11-03,466,12,Asia Pacific,Partner,3,95.19,0.1,257.01,Completed
100084,2023-11-03,29,2,North America,Retail,8,1527.41,0.0,12219.28,Completed
100677,2023-11-03,98,8,North America,Partner,1,1119.18,0.1,1007.26,Completed
100865,2023-11-03,347,23,Latin America,Online,4,130.02,0.05,494.08,Completed
104413,2023-11-03,191,8,Latin America,Retail,1,1132.73,0.15,962.82,Completed
104623,2023-11-03,206,4,North America,Online,2,2069.23,0.0,4138.46,Completed
104709,2023-11-03,8,14,Asia Pacific,Online,2,61.12,0.1,110.02,Completed
105436,2023-11-03,526,2,North America,Online,5,1514.23,0.0,7571.15,Completed
105744,2023-11-03,547,4,Europe,Retail,1,2041.2,0.05,1939.14,Completed
100143,2023-11-04,567,18,Asia Pacific,Online,1,724.8,0.0,724.8,Completed
100941,2023-11-04,81,3,Asia Pacific,Retail,2,1082.29,0.0,2164.58,Completed
101599,2023-11-04,302,1,North America,Retail,2,1214.6,0.0,2429.2,Completed
101851,2023-11-04,150,6,North America,Online,10,777.34,0.0,7773.4,Completed
102237,2023-11-04,557,8,North America,Retail,2,1095.67,0.1,1972.21,Completed
102268,2023-11-04,565,16,Europe,Retail,1,211.12,0.1,190.01,Completed
102484,2023-11-04,481,14,Europe,Online,5,56.77,0.0,283.85,Completed
102941,2023-11-04,393,1,Europe,Partner,1,1175.55,0.1,1057.99,Completed
104244,2023-11-04,220,16,Europe,Partner,2,196.48,0.0,392.96,Completed
104444,2023-11-04,377,20,Latin America,Retail,2,180.44,0.05,342.84,Completed
104701,2023-11-04,268,18,North America,Online,4,740.76,0.15,2518.58,Completed
104747,2023-11-04,138,15,Europe,Retail,4,79.72,0.0,318.88,Completed
104947,2023-11-04,382,10,Latin America,Online,3,45.11,0.05,128.56,Completed
105408,2023-11-04,580,13,North America,Retail,1,24.05,0.05,22.85,Completed
105596,2023-11-04,16,15,North America,Partner,5,80.1,0.05,380.48,Completed
105691,2023-11-04,285,15,Europe,Retail,5,79.39,0.15,337.41,Completed
100280,2023-11-05,557,20,North America,Partner,2,180.24,0.15,306.41,Completed
101022,2023-11-05,400,12,Europe,Partner,1,99.2,0.15,84.32,Completed
102303,2023-11-05,238,17,Asia Pacific,Online,2,448.36,0.15,762.21,Completed
102526,2023-11-05,273,10,North America,Retail,4,43.93,0.0,175.72,Completed
103724,2023-11-05,215,12,Asia Pacific,Retail,5,98.95,0.05,470.01,Completed
103763,2023-11-05,218,22,North America,Online,1,79.17,0.0,79.17,Completed
104021,2023-11-05,83,6,Asia Pacific,Retail,1,779.79,0.0,779.79,Completed
106145,2023-11-05,255,12,North America,Online,1,97.13,0.0,97.13,Completed
100228,2023-11-06,332,3,North America,Retail,2,984.9,0.15,1674.33,Completed
101153,2023-11-06,465,6,Europe,Online,1,807.1,0.1,726.39,Completed
101356,2023-11-06,595,7,North America,Retail,2,545.18,0.0,1090.36,Completed
101464,2023-11-06,254,8,North America,Online,2,1154.54,0.1,2078.17,Completed
101537,2023-11-06,369,18,North America,Online,1,791.96,0.05,752.36,Completed
102333,2023-11-06,138,4,Europe,Online,1,2134.67,0.0,2134.67,Returned
102672,2023-11-06,31,4,Asia Pacific,Online,2,2079.91,0.0,4159.82,Completed
102693,2023-11-06,84,10,North America,Retail,5,44.19,0.15,187.81,Returned
102930,2023-11-06,591,14,Latin America,Online,5,58.78,0.0,293.9,Completed
103131,2023-11-06,102,8,Asia Pacific,Online,2,1088.11,0.0,2176.22,Completed
104125,2023-11-06,267,10,North America,Online,3,42.84,0.0,128.52,Cancelled
104297,2023-11-06,479,5,Europe,Online,2,436.51,0.05,829.37,Completed
104802,2023-11-06,171,14,North America,Online,5,59.9,0.0,299.5,Completed
106025,2023-11-06,80,14,Asia Pacific,Retail,5,58.13,0.1,261.59,Completed
106225,2023-11-06,270,24,North America,Online,5,57.57,0.05,273.46,Completed
106255,2023-11-06,310,6,North America,Online,2,858.02,0.1,1544.44,Completed
106304,2023-11-06,502,3,Latin America,Retail,1,1032.66,0.0,1032.66,Completed
106852,2023-11-06,157,6,North America,Retail,2,815.69,0.05,1549.81,Completed
106909,2023-11-06,536,3,North America,Retail,2,1002.49,0.0,2004.98,Completed
100847,2023-11-07,415,8,North America,Partner,2,1128.28,0.1,2030.9,Completed
101565,2023-11-07,404,22,North America,Retail,2,78.76,0.15,133.89,Completed
101908,2023-11-07,246,6,Latin America,Retail,1,828.11,0.0,828.11,Completed
102317,2023-11-07,281,6,North America,Partner,2,809.17,0.15,1375.59,Completed
102798,2023-11-07,192,10,North America,Retail,1,44.09,0.05,41.89,Completed
102915,2023-11-07,478,12,Europe,Partner,3,95.01,0.15,242.28,Completed
103578,2023-11-07,587,2,North America,Online,10,1500.68,0.0,15006.8,Completed
103769,2023-11-07,523,14,North America,Retail,4,57.01,0.15,193.83,Completed
105760,2023-11-07,238,10,Asia Pacific,Online,5,44.82,0.15,190.48,Completed
105900,2023-11-07,278,14,Europe,Online,5,56.71,0.15,241.02,Completed
106504,2023-11-07,58,2,Europe,Online,1,1456.53,0.0,1456.53,Cancelled
106524,2023-11-07,429,10,North America,Retail,2,44.11,0.1,79.4,Completed
106751,2023-11-07,483,15,Europe,Retail,3,78.92,0.15,201.25,Completed
100962,2023-11-08,4,20,Asia Pacific,Partner,1,182.43,0.1,164.19,Completed
101274,2023-11-08,418,2,Asia Pacific,Online,3,1452.07,0.15,3702.78,Completed
101523,2023-11-08,298,15,Asia Pacific,Online,3,83.66,0.0,250.98,Completed
102310,2023-11-08,244,6,Europe,Partner,6,818.93,0.1,4422.22,Completed
102913,2023-11-08,22,23,North America,Partner,4,131.83,0.0,527.32,Completed
103134,2023-11-08,591,12,Latin America,Retail,3,98.92,0.05,281.92,Completed
103551,2023-11-08,565,13,Europe,Online,5,25.09,0.05,119.18,Completed
106670,2023-11-08,137,2,Middle East & Africa,Online,2,1497.33,0.0,2994.66,Completed
106953,2023-11-08,320,7,Latin America,Retail,2,557.59,0.0,1115.18,Completed
101287,2023-11-09,538,15,North America,Retail,1,78.07,0.05,74.17,Completed
101389,2023-11-09,289,7,Europe,Retail,1,544.56,0.0,544.56,Completed
102286,2023-11-09,443,3,Asia Pacific,Retail,1,987.45,0.0,987.45,Cancelled
103689,2023-11-09,254,11,North America,Online,3,29.11,0.15,74.23,Completed
103961,2023-11-09,440,11,Europe,Online,3,29.57,0.0,88.71,Completed
104080,2023-11-09,80,21,Asia Pacific,Online,1,288.81,0.1,259.93,Completed
104196,2023-11-09,363,14,North America,Retail,1,56.84,0.05,54.0,Completed
104371,2023-11-09,26,15,North America,Online,5,77.41,0.0,387.05,Completed
105359,2023-11-09,476,16,North America,Online,2,198.8,0.1,357.84,Completed
106724,2023-11-09,261,6,North America,Retail,2,800.35,0.15,1360.6,Completed
101247,2023-11-10,28,19,North America,Partner,2,93.69,0.1,168.64,Completed
101904,2023-11-10,231,2,North America,Retail,1,1550.33,0.15,1317.78,Completed
102679,2023-11-10,548,3,North America,Retail,2,982.7,0.0,1965.4,Completed
103083,2023-11-10,363,16,North America,Retail,1,212.13,0.15,180.31,Completed
103153,2023-11-10,205,2,North America,Retail,1,1517.64,0.1,1365.88,Completed
103419,2023-11-10,580,1,North America,Online,1,1185.39,0.0,1185.39,Completed
103909,2023-11-10,26,4,North America,Retail,2,1955.67,0.0,3911.34,Completed
104474,2023-11-10,336,19,Europe,Online,2,100.52,0.0,201.04,Completed
104517,2023-11-10,290,7,North America,Retail,1,549.44,0.0,549.44,Completed
104926,2023-11-10,455,8,North America,Partner,2,1138.69,0.0,2277.38,Completed
104980,2023-11-10,370,11,Latin America,Online,1,30.21,0.0,30.21,Completed
105870,2023-11-10,316,1,North America,Online,6,1197.51,0.15,6107.3,Completed
105889,2023-11-10,246,1,Latin America,Online,2,1167.83,0.1,2102.09,Completed
106272,2023-11-10,82,11,Europe,Online,4,28.82,0.0,115.28,Completed
106310,2023-11-10,274,12,Europe,Online,3,101.99,0.0,305.97,Completed
106530,2023-11-10,445,14,North America,Retail,5,60.93,0.0,304.65,Completed
106752,2023-11-10,77,14,North America,Partner,1,56.55,0.0,56.55,Completed
100210,2023-11-11,409,13,North America,Partner,4,25.89,0.1,93.2,Completed
100384,2023-11-11,171,21,North America,Retail,2,289.33,0.0,578.66,Completed
100811,2023-11-11,544,17,Middle East & Africa,Online,2,438.62,0.1,789.52,Completed
100936,2023-11-11,234,24,Europe,Online,2,57.9,0.0,115.8,Returned
103048,2023-11-11,210,12,Europe,Retail,4,97.83,0.1,352.19,Completed
103369,2023-11-11,231,10,North America,Retail,3,41.85,0.0,125.55,Completed
103835,2023-11-11,520,7,Asia Pacific,Online,10,554.01,0.05,5263.1,Completed
105122,2023-11-11,431,14,Latin America,Retail,4,59.98,0.15,203.93,Completed
105361,2023-11-11,309,14,North America,Online,3,60.89,0.0,182.67,Completed
106804,2023-11-11,18,17,North America,Retail,1,451.67,0.0,451.67,Completed
100398,2023-11-12,486,3,Europe,Online,1,978.33,0.15,831.58,Completed
100753,2023-11-12,475,15,North America,Retail,5,79.95,0.0,399.75,Completed
100891,2023-11-12,476,14,North America,Online,1,57.13,0.0,57.13,Completed
102599,2023-11-12,583,6,North America,Retail,1,767.36,0.0,767.36,Completed
103020,2023-11-12,561,21,North America,Online,1,287.26,0.1,258.53,Completed
104162,2023-11-12,9,8,North America,Online,1,1116.82,0.1,1005.14,Completed
104286,2023-11-12,69,6,North America,Online,1,846.33,0.15,719.38,Completed
105073,2023-11-12,525,10,North America,Online,1,44.01,0.15,37.41,Completed
105403,2023-11-12,429,10,North America,Online,5,44.93,0.0,224.65,Completed
100323,2023-11-13,323,16,North America,Retail,1,205.08,0.1,184.57,Completed
100376,2023-11-13,466,14,Asia Pacific,Retail,4,55.8,0.15,189.72,Completed
100817,2023-11-13,530,15,North America,Online,1,78.71,0.05,74.77,Completed
100839,2023-11-13,576,18,Europe,Retail,2,715.05,0.0,1430.1,Completed
101632,2023-11-13,392,12,North America,Online,5,104.36,0.1,469.62,Completed
101882,2023-11-13,105,14,Asia Pacific,Online,3,56.84,,170.52,Completed
102145,2023-11-13,282,20,North America,Online,1,180.0,0.1,162.0,Completed
102594,2023-11-13,202,4,Middle East & Africa,Retail,1,1992.0,0.0,1992.0,Completed
103007,2023-11-13,211,11,Asia Pacific,Partner,4,29.59,0.0,118.36,Completed
104379,2023-11-13,164,9,North America,Partner,2,154.01,0.0,308.02,Completed
104466,2023-11-13,551,8,Europe,Retail,1,1077.35,0.1,969.61,Completed
105944,2023-11-13,423,14,North America,Retail,3,59.1,0.1,159.57,Completed
100956,2023-11-14,596,14,North America,Partner,5,57.9,0.1,260.55,Returned
101602,2023-11-14,249,3,North America,Online,2,988.9,0.0,1977.8,Completed
101812,2023-11-14,90,7,Europe,Online,2,558.87,0.05,1061.85,Completed
102096,2023-11-14,344,6,Europe,Online,193,836.34,0.0,161413.62,Completed
102668,2023-11-14,192,10,North America,Retail,4,45.7,0.0,182.8,Completed
102935,2023-11-14,394,4,Asia Pacific,Online,2,1945.69,0.15,3307.67,Completed
103031,2023-11-14,315,13,North America,Retail,4,25.36,0.15,86.22,Completed
103678,2023-11-14,376,15,North America,Online,4,74.7,0.0,298.8,Completed
103854,2023-11-14,562,10,North America,Retail,2,44.81,0.05,85.14,Completed
104561,2023-11-14,204,1,North America,Online,2,1201.15,0.0,2402.3,Completed
104784,2023-11-14,395,18,North America,Retail,2,790.34,0.0,1580.68,Completed
104870,2023-11-14,336,11,Europe,Online,2,27.94,0.15,47.5,Completed
104981,2023-11-14,437,10,North America,Retail,3,44.83,0.0,134.49,Completed
105038,2023-11-14,180,18,Asia Pacific,Online,1,786.03,0.0,786.03,Completed
105726,2023-11-14,386,10,Middle East & Africa,Online,5,45.7,0.15,194.22,Completed
101995,2023-11-15,207,6,North America,Partner,1,772.1,0.1,694.89,Completed
103367,2023-11-15,479,19,Europe,Retail,1,98.74,0.0,98.74,Completed
103753,2023-11-15,85,12,North America,Partner,5,97.51,0.1,438.8,Completed
103778,2023-11-15,261,12,North America,Online,15,102.79,0.0,1541.85,Completed
103966,2023-11-15,187,4,North America,Online,2,1965.63,0.1,3538.13,Completed
104775,2023-11-15,319,6,North America,Online,1,793.1,0.0,793.1,Completed
105174,2023-11-15,206,14,North America,Partner,2,58.07,0.05,110.33,Completed
105501,2023-11-15,159,14,Asia Pacific,Partner,5,57.9,0.0,289.5,Completed
106298,2023-11-15,516,3,North America,,1,998.47,0.05,948.55,Completed
106328,2023-11-15,98,3,North America,Online,2,1009.04,0.15,1715.37,Completed
106667,2023-11-15,290,13,North America,Partner,5,26.24,0.0,131.2,Completed
100345,2023-11-16,330,14,North America,Partner,1,57.53,0.1,51.78,Completed
101271,2023-11-16,591,1,Latin America,Online,1,1122.72,0.15,954.31,Completed
102559,2023-11-16,239,21,North America,Online,1,308.08,0.0,308.08,Completed
103254,2023-11-16,413,11,North America,Retail,5,28.22,0.0,141.1,Completed
104501,2023-11-16,201,12,Asia Pacific,Online,5,97.18,0.0,485.9,Completed
104933,2023-11-16,53,2,Asia Pacific,Partner,1,1458.09,0.0,1458.09,Returned
105486,2023-11-16,132,14,Latin America,Online,4,57.9,0.0,231.6,Completed
105557,2023-11-16,334,17,Latin America,Online,4,457.43,0.1,1646.75,Completed
106070,2023-11-16,176,19,North America,Partner,2,99.82,0.0,199.64,Completed
106639,2023-11-16,331,8,Asia Pacific,Retail,2,1047.93,0.05,1991.07,Completed
106682,2023-11-16,87,13,Asia Pacific,Online,5,25.0,0.15,106.25,Completed
106837,2023-11-16,561,8,North America,Online,1,1061.96,0.0,1061.96,Completed
103106,2023-11-17,67,13,Europe,Partner,15,25.09,0.15,319.9,Returned
103273,2023-11-17,458,13,Europe,Online,5,24.03,0.1,108.14,Completed
104342,2023-11-17,518,2,Asia Pacific,Online,2,1453.64,0.05,2761.92,Returned
104572,2023-11-17,286,8,Europe,Online,1,1070.52,0.0,1070.52,Completed
105119,2023-11-17,8,16,Asia Pacific,Online,2,207.97,0.05,395.14,Completed
105510,2023-11-17,538,11,North America,Online,4,29.87,0.0,119.48,Completed
105542,2023-11-17,115,21,North America,Partner,2,299.31,0.15,508.83,Completed
105614,2023-11-17,538,14,North America,Online,4,58.04,0.15,197.34,Completed
106182,2023-11-17,387,1,Asia Pacific,Online,2,1212.4,0.05,2303.56,Completed
106186,2023-11-17,500,1,Europe,Online,2,1126.23,0.1,2027.21,Completed
100778,2023-11-18,414,3,Latin America,Retail,1,975.88,0.1,878.29,Completed
101044,2023-11-18,448,8,Europe,Online,1,1123.24,,1123.24,Completed
102174,2023-11-18,178,4,Middle East & Africa,Partner,3,1978.04,0.0,5934.12,Completed
102353,2023-11-18,235,15,Latin America,Online,2,80.31,0.15,136.53,Completed
102480,2023-11-18,379,12,Europe,Partner,3,101.71,0.0,305.13,Completed
102537,2023-11-18,352,3,North America,Online,1,1041.52,0.1,937.37,Completed
102694,2023-11-18,70,15,Europe,Online,3,80.28,0.0,240.84,Completed
102959,2023-11-18,13,11,Europe,Online,1,29.03,0.0,29.03,Completed
103162,2023-11-18,583,4,North America,Online,2,1982.46,0.0,3964.92,Completed
103722,2023-11-18,547,23,Europe,Retail,4,125.44,0.1,451.58,Completed
104837,2023-11-18,72,13,Europe,Online,1,25.52,0.1,22.97,Completed
105844,2023-11-18,34,7,North America,Retail,1,556.01,0.15,472.61,Completed
106330,2023-11-18,450,3,Europe,Online,1,1046.87,0.1,942.18,Completed
106848,2023-11-18,169,15,North America,Online,4,71.47,0.1,257.29,Completed
100529,2023-11-19,252,1,Latin America,Online,2,1157.66,0.0,2315.32,Completed
101217,2023-11-19,227,15,North America,Online,3,77.96,0.0,233.88,Completed
102140,2023-11-19,475,19,North America,Online,1,92.02,0.05,87.42,Completed
102767,2023-11-19,153,6,North America,Retail,1,835.67,0.1,752.1,Completed
103084,2023-11-19,251,7,Asia Pacific,Retail,238,544.91,0.0,129688.58,Completed
103425,2023-11-19,282,18,North America,Online,2,741.52,0.0,1483.04,Completed
103586,2023-11-19,133,10,Europe,Online,1,42.85,0.0,42.85,Completed
104559,2023-11-19,384,10,Europe,Partner,5,48.65,0.0,243.25,Completed
105632,2023-11-19,36,6,North America,Online,2,799.4,0.0,1598.8,Completed
106122,2023-11-19,97,20,North America,Online,1,186.03,0.0,186.03,Completed
106594,2023-11-19,357,2,Asia Pacific,Partner,1,1558.3,0.05,1480.38,Completed
106643,2023-11-19,372,12,North America,Online,3,98.41,0.15,250.95,Completed
106712,2023-11-19,535,3,North America,Retail,2,998.8,0.1,1797.84,Completed
100123,2023-11-20,28,19,North America,Retail,2,101.63,0.05,193.1,Completed
100935,2023-11-20,211,6,Asia Pacific,Online,2,798.64,0.0,1597.28,Completed
101453,2023-11-20,97,2,North America,Partner,1,1564.61,0.0,1564.61,Completed
101649,2023-11-20,600,7,Europe,Retail,1,547.58,0.0,547.58,Completed
103709,2023-11-20,96,19,Europe,Partner,1,95.91,0.05,91.11,Completed
104271,2023-11-20,497,7,Europe,Online,1,556.47,0.15,473.0,Completed
105180,2023-11-20,534,2,Europe,Retail,2,1439.2,0.1,2590.56,Completed
105268,2023-11-20,37,2,North America,Online,1,1509.88,0.0,1509.88,Completed
105861,2023-11-20,323,11,North America,Partner,3,29.74,0.1,80.3,Completed
106166,2023-11-20,334,9,Latin America,Online,4,147.12,0.0,588.48,Completed
106749,2023-11-20,6,7,Middle East & Africa,Online,2,535.14,0.15,909.74,Completed
100075,2023-11-21,29,14,North America,Retail,10,58.64,0.0,586.4,Completed
101681,2023-11-21,145,6,Europe,Online,2,797.78,0.0,1595.56,Completed
102865,2023-11-21,451,13,North America,Partner,2,25.4,0.0,50.8,Completed
103139,2023-11-21,330,7,North America,Online,1,579.1,0.0,579.1,Completed
103549,2023-11-21,125,6,North America,Retail,1,800.52,0.0,800.52,Completed
103631,2023-11-21,377,12,Latin America,Online,5,101.13,0.05,480.37,Completed
104653,2023-11-21,85,17,North America,Online,1,425.82,0.1,383.24,Completed
104891,2023-11-21,348,15,North America,Online,20,82.66,0.15,1405.22,Completed
105048,2023-11-21,458,11,Europe,Online,1,30.19,0.05,28.68,Completed
105290,2023-11-21,341,2,North America,Online,2,1505.61,0.0,3011.22,Completed
106511,2023-11-21,587,13,North America,Retail,6,26.38,0.1,142.45,Completed
106565,2023-11-21,290,7,North America,Online,1,548.57,0.05,521.14,Completed
106902,2023-11-21,102,19,Asia Pacific,Online,1,96.69,0.0,96.69,Completed
101471,2023-11-22,49,14,Asia Pacific,Retail,2,55.72,0.15,94.72,Completed
102011,2023-11-22,573,8,Europe,Online,1,1160.37,0.0,1160.37,Completed
102567,2023-11-22,505,15,Europe,Partner,2,79.94,0.05,151.89,Completed
103280,2023-11-22,207,12,North America,Online,2,101.45,0.1,182.61,Completed
103779,2023-11-22,79,2,Europe,Retail,2,1516.36,0.0,3032.72,Completed
104452,2023-11-22,142,3,Europe,Partner,2,973.09,0.15,1654.25,Completed
104510,2023-11-22,219,6,Latin America,Online,1,739.15,0.0,739.15,Completed
105191,2023-11-22,573,1,Europe,Online,1,1185.26,0.0,1185.26,Completed
105806,2023-11-22,275,15,Asia Pacific,Retail,1,77.98,0.05,74.08,Completed
105876,2023-11-22,40,12,Asia Pacific,Online,4,105.03,0.1,378.11,Completed
105909,2023-11-22,137,14,Middle East & Africa,Online,1,59.54,0.0,59.54,Completed
100439,2023-11-23,437,6,North America,Online,1,808.9,0.1,728.01,Completed
101585,2023-11-23,114,12,Europe,Retail,4,96.99,0.1,349.16,Completed
102034,2023-11-23,204,19,North America,Online,1,91.7,0.15,77.95,Completed
103282,2023-11-23,348,3,North America,Online,4,1022.66,0.15,3477.04,Completed
105240,2023-11-23,64,2,Asia Pacific,Retail,2,1430.85,0.1,2575.53,Completed
105309,2023-11-23,430,15,Asia Pacific,Partner,3,80.29,0.0,240.87,Completed
105840,2023-11-23,591,15,Latin America,Online,1,79.38,0.1,71.44,Returned
105964,2023-11-23,216,6,Asia Pacific,Retail,2,772.86,0.15,1313.86,Completed
106556,2023-11-23,100,2,Middle East & Africa,Partner,1,1485.15,0.0,1485.15,Completed
100079,2023-11-24,431,6,Latin America,Online,1,770.38,0.0,770.38,Completed
100665,2023-11-24,330,13,North America,Online,2,25.91,0.05,49.23,Completed
101505,2023-11-24,498,3,Europe,Retail,1,1018.25,0.1,916.42,Completed
102304,2023-11-24,88,12,Europe,Online,2,98.71,0.05,187.55,Completed
103696,2023-11-24,236,12,Asia Pacific,Online,4,97.36,0.0,389.44,Completed
104099,2023-11-24,221,12,North America,Retail,2,99.31,0.0,198.62,Completed
104391,2023-11-24,239,11,North America,Online,5,29.91,0.0,149.55,Completed
104801,2023-11-24,560,3,Europe,Online,2,1029.3,0.05,1955.67,Returned
104834,2023-11-24,137,10,Middle East & Africa,Online,5,46.68,0.0,233.4,Completed
105289,2023-11-24,545,8,North America,Retail,2,1077.74,0.0,2155.48,Completed
105787,2023-11-24,110,14,Latin America,Retail,5,62.91,0.0,314.55,Completed
106845,2023-11-24,474,11,North America,Retail,4,28.54,0.0,114.16,Completed
100146,2023-11-25,585,3,Latin America,Online,2,994.39,0.05,1889.34,Completed
100450,2023-11-25,401,12,North America,Online,4,101.74,0.1,366.26,Returned
100740,2023-11-25,422,8,North America,Online,2,1037.43,0.0,2074.86,Completed
102008,2023-11-25,273,14,North America,Partner,4,57.31,0.15,194.85,Completed
102817,2023-11-25,405,2,Middle East & Africa,Online,2,1484.73,0.0,2969.46,Completed
103244,2023-11-25,539,6,North America,Online,1,767.7,0.05,729.32,Completed
103596,2023-11-25,153,10,North America,Online,2,44.58,0.05,84.7,Completed
104665,2023-11-25,226,13,Latin America,Retail,1,24.17,0.05,22.96,Completed
105721,2023-11-25,244,19,Europe,Partner,2,96.11,0.05,182.61,Returned
106562,2023-11-25,437,6,North America,Online,2,790.68,0.1,1423.22,Completed
100138,2023-11-26,530,6,North America,Online,2,803.47,0.15,1365.9,Completed
100630,2023-11-26,86,14,North America,Online,218,58.86,0.0,12831.48,Completed
102884,2023-11-26,51,7,North America,Online,1,548.93,0.05,521.48,Completed
103441,2023-11-26,284,23,North America,Online,3,132.64,0.0,397.92,Completed
103588,2023-11-26,264,12,North America,Partner,4,94.98,0.0,379.92,Completed
103922,2023-11-26,591,18,Latin America,Retail,2,802.68,0.1,1444.82,Returned
104256,2023-11-26,230,20,North America,Online,2,178.08,0.0,356.16,Completed
105186,2023-11-26,354,11,Europe,Retail,3,27.96,0.1,75.49,Completed
105368,2023-11-26,136,11,North America,Retail,3,28.97,0.15,73.87,Completed
106333,2023-11-26,501,7,Asia Pacific,Online,8,543.46,0.1,3912.91,Completed
106933,2023-11-26,128,13,North America,Partner,2,25.29,0.0,50.58,Completed
100451,2023-11-27,100,15,Middle East & Africa,Retail,3,78.78,0.1,212.71,Completed
100505,2023-11-27,148,2,Europe,Retail,4,1473.43,0.0,5893.72,Completed
100641,2023-11-27,257,1,Asia Pacific,Retail,2,1274.38,0.05,2421.32,Completed
101269,2023-11-27,479,9,Europe,Online,2,149.93,0.05,284.87,Completed
101639,2023-11-27,322,14,Europe,Online,5,58.95,0.0,294.75,Completed
102026,2023-11-27,357,6,Asia Pacific,Online,1,768.65,0.15,653.35,Completed
103850,2023-11-27,157,8,North America,Online,1,1101.1,0.0,1101.1,Completed
103936,2023-11-27,392,11,North America,Online,1,29.31,0.0,29.31,Returned
104322,2023-11-27,581,4,Europe,Retail,1,1965.6,,1867.32,Completed
104404,2023-11-27,517,8,North America,Retail,1,1080.27,0.0,1080.27,Completed
104982,2023-11-27,208,6,Asia Pacific,Online,1,779.01,0.1,701.11,Returned
105385,2023-11-27,79,3,Europe,Online,1,1027.68,0.0,1027.68,Completed
105399,2023-11-27,270,6,North America,Retail,1,780.9,0.0,780.9,Completed
106246,2023-11-27,135,10,Europe,Partner,3,43.21,0.05,123.15,Completed
106529,2023-11-27,358,4,Asia Pacific,Retail,1,2028.8,0.15,1724.48,Completed
100292,2023-11-28,557,15,North America,Partner,5,78.93,0.0,394.65,Completed
101124,2023-11-28,289,10,Europe,Online,3,46.07,,138.21,Completed
101290,2023-11-28,599,18,Middle East & Africa,Retail,1,756.04,0.0,756.04,Completed
102047,2023-11-28,294,15,North America,Online,1,80.12,0.0,80.12,Completed
102875,2023-11-28,317,11,North America,Online,2,30.8,0.05,58.52,Completed
103340,2023-11-28,598,6,Europe,Online,2,816.85,0.15,1388.64,Completed
103813,2023-11-28,397,2,Asia Pacific,Retail,2,1540.38,0.0,3080.76,Completed
104156,2023-11-28,47,4,Europe,Online,2,2005.6,0.0,4011.2,Completed
104381,2023-11-28,394,15,Asia Pacific,Online,2,76.3,0.0,152.6,Completed
104617,2023-11-28,112,14,North America,Online,4,59.09,0.0,236.36,Returned
104647,2023-11-28,545,7,North America,Online,1,544.74,0.0,544.74,Completed
105765,2023-11-28,395,14,North America,Online,3,58.88,0.0,176.64,Completed
106710,2023-11-28,308,12,Europe,Online,12,99.75,0.0,1197.0,Completed
106812,2023-11-28,70,14,Europe,Online,4,60.27,0.05,229.03,Completed
100086,2023-11-29,591,4,Latin America,Online,2,2085.65,0.05,3962.74,Completed
101744,2023-11-29,298,3,Asia Pacific,Retail,1,1015.99,0.0,1015.99,Completed
103352,2023-11-29,272,7,North America,Partner,2,523.58,0.0,1047.16,Completed
103712,2023-11-29,267,2,North America,Online,1,1492.27,0.0,1492.27,Completed
104545,2023-11-29,209,1,North America,Retail,2,1155.03,0.1,2079.05,Completed
104656,2023-11-29,158,11,Asia Pacific,Retail,4,29.39,0.0,117.56,Completed
104717,2023-11-29,407,14,North America,Retail,4,60.05,0.15,204.17,Completed
105129,2023-11-29,48,14,North America,Retail,5,58.2,0.15,247.35,Completed
105142,2023-11-29,475,13,North America,Retail,4,24.78,0.1,89.21,Completed
105495,2023-11-29,132,11,Latin America,Online,5,29.23,,124.23,Completed
100390,2023-11-30,267,13,North America,Online,3,26.67,0.1,72.01,Cancelled
100501,2023-11-30,79,17,Europe,Retail,1,445.22,0.05,422.96,Completed
101724,2023-11-30,127,21,North America,Retail,2,310.5,0.1,558.9,Completed
101837,2023-11-30,347,8,Latin America,Partner,1,1106.5,0.1,995.85,Completed
102782,2023-11-30,586,1,Europe,Online,1,1216.34,0.0,1216.34,Completed
103003,2023-11-30,480,6,Europe,Retail,2,820.22,0.05,1558.42,Completed
103021,2023-11-30,370,8,Latin America,Retail,2,1117.74,0.0,2235.48,Completed
103182,2023-11-30,11,20,North America,Online,1,177.41,0.15,150.8,Completed
104376,2023-11-30,400,21,Europe,Partner,2,297.15,0.0,594.3,Completed
104382,2023-11-30,348,12,North America,Retail,4,95.3,0.05,362.14,Completed
104956,2023-11-30,24,13,Latin America,Online,3,24.85,0.0,74.55,Completed
105248,2023-11-30,505,8,Europe,Online,2,1090.43,0.0,2180.86,Completed
106421,2023-11-30,18,1,North America,Online,2,1234.25,0.0,2468.5,Completed
101176,2023-12-01,390,12,Latin America,Online,16,92.55,0.1,1332.72,Completed
101514,2023-12-01,373,15,North America,Retail,4,82.1,0.1,295.56,Completed
102479,2023-12-01,365,6,Asia Pacific,Online,2,813.53,0.0,1627.06,Completed
102513,2023-12-01,23,9,Middle East & Africa,Online,2,148.64,0.0,297.28,Completed
103571,2023-12-01,439,15,Asia Pacific,Online,4,74.63,0.05,283.59,Completed
103717,2023-12-01,166,13,North America,Retail,4,24.97,0.15,84.9,Completed
104240,2023-12-01,498,13,Europe,Retail,3,25.48,0.0,76.44,Completed
104911,2023-12-01,37,10,North America,Online,3,44.62,0.0,133.86,Completed
105075,2023-12-01,525,4,North America,Retail,2,1973.14,0.15,3354.34,Completed
105627,2023-12-01,175,12,North America,Partner,3,101.91,0.0,305.73,Completed
105986,2023-12-01,90,6,Europe,Retail,1,821.08,0.0,821.08,Completed
106462,2023-12-01,347,2,Latin America,Online,2,1356.65,0.0,2713.3,Completed
106590,2023-12-01,298,20,Asia Pacific,Retail,1,181.95,0.05,172.85,Completed
100303,2023-12-02,234,21,Europe,Retail,1,294.97,0.0,294.97,Completed
100796,2023-12-02,36,12,North America,Retail,5,93.55,0.0,467.75,Completed
101248,2023-12-02,105,10,Asia Pacific,Retail,2,43.31,0.05,82.29,Completed
102992,2023-12-02,93,12,Europe,Retail,3,99.37,0.1,268.3,Completed
103646,2023-12-02,530,2,North America,Partner,2,1523.99,0.0,3047.98,Returned
103883,2023-12-02,137,24,Middle East & Africa,Partner,4,58.25,0.0,233.0,Completed
104036,2023-12-02,432,18,Asia Pacific,Partner,1,760.7,0.0,760.7,Completed
104326,2023-12-02,514,6,North America,Online,1,826.98,0.0,826.98,Completed
104935,2023-12-02,415,21,North America,Online,10,309.91,0.1,2789.19,Completed
106698,2023-12-02,176,10,North America,Online,1,46.65,0.05,44.32,Completed
100698,2023-12-03,297,7,Middle East & Africa,Online,2,538.35,0.0,1076.7,Completed
101187,2023-12-03,171,6,North America,Retail,1,784.46,0.0,784.46,Completed
101416,2023-12-03,478,24,Europe,Retail,5,57.7,0.0,288.5,Completed
101454,2023-12-03,252,10,Latin America,Online,1,46.1,0.05,43.8,Completed
101741,2023-12-03,452,7,Latin America,Online,1,569.14,0.0,569.14,Completed
102521,2023-12-03,272,12,North America,Retail,1,97.92,0.0,97.92,Completed
103241,2023-12-03,416,9,North America,Retail,2,159.45,0.0,318.9,Completed
104598,2023-12-03,583,7,North America,Online,1,537.63,0.0,537.63,Completed
104997,2023-12-03,517,11,North America,Retail,3,27.49,0.0,82.47,Completed
105133,2023-12-03,20,4,Europe,Online,2,2013.45,0.15,3422.86,Completed
105761,2023-12-03,465,13,Europe,Online,1,24.67,0.05,23.44,Returned
105849,2023-12-03,432,6,Asia Pacific,Retail,2,794.65,0.1,1430.37,Completed
106067,2023-12-03,79,7,Europe,Online,2,533.08,0.05,1012.85,Completed
106435,2023-12-03,252,12,Latin America,Partner,3,96.63,0.0,289.89,Cancelled
106451,2023-12-03,525,15,North America,Online,4,78.55,0.0,314.2,Completed
106572,2023-12-03,256,13,Asia Pacific,Online,1,25.08,0.0,25.08,Completed
106830,2023-12-03,364,15,North America,Retail,1,73.33,0.0,73.33,Completed
100299,2023-12-04,580,8,North America,Retail,2,1102.02,0.1,1983.64,Completed
100329,2023-12-04,266,13,North America,Retail,4,24.29,0.15,82.59,Completed
100621,2023-12-04,36,4,North America,Retail,2,1962.52,0.05,3728.79,Completed
100950,2023-12-04,275,8,Asia Pacific,Online,1,1109.19,0.1,998.27,Completed
101099,2023-12-04,188,10,North America,Online,4,45.06,0.05,171.23,Cancelled
101636,2023-12-04,176,7,North America,Online,2,515.24,0.0,1030.48,Completed
101671,2023-12-04,272,13,North America,Online,4,25.42,0.0,101.68,Completed
103647,2023-12-04,252,13,Latin America,Online,4,25.31,0.0,101.24,Completed
103773,2023-12-04,560,23,Europe,Online,4,125.58,0.15,426.97,Completed
104321,2023-12-04,481,10,Europe,Online,4,46.3,0.0,185.2,Completed
104370,2023-12-04,527,6,Middle East & Africa,Online,1,806.19,0.0,806.19,Completed
104877,2023-12-04,376,15,North America,Online,4,75.97,0.0,303.88,Completed
104923,2023-12-04,161,11,North America,Online,5,29.49,0.0,147.45,Returned
105326,2023-12-04,267,3,North America,Online,2,1025.11,0.0,2050.22,Completed
105651,2023-12-04,145,11,Europe,Online,2,29.78,0.1,53.6,Completed
105770,2023-12-04,406,12,Latin America,Online,4,102.65,0.05,390.07,Completed
105780,2023-12-04,85,1,North America,Retail,1,1189.83,0.05,1130.34,Returned
105883,2023-12-04,340,14,Latin America,Online,5,58.99,0.0,294.95,Completed
105902,2023-12-04,277,8,North America,Online,2,1125.49,0.0,2250.98,Completed
106238,2023-12-04,167,11,Asia Pacific,Online,2,29.16,0.1,52.49,Completed
106359,2023-12-04,480,3,Europe,Online,1,963.95,0.1,867.56,Completed
106495,2023-12-04,309,17,North America,Online,2,423.72,0.0,847.44,Completed
106618,2023-12-04,329,10,Europe,Online,1,44.99,0.0,44.99,Completed
106650,2023-12-04,241,16,Asia Pacific,Partner,1,196.08,0.0,196.08,Completed
106859,2023-12-04,386,15,Middle East & Africa,Online,2,81.21,0.15,138.06,Completed
106896,2023-12-04,218,11,North America,Online,3,28.83,0.0,86.49,Completed
100257,2023-12-05,157,15,North America,Partner,2,77.22,,154.44,Returned
100263,2023-12-05,424,15,North America,Retail,1,76.44,0.0,76.44,Completed
101659,2023-12-05,206,6,North America,Online,1,829.34,0.15,704.94,Completed
102445,2023-12-05,281,11,North America,Retail,5,28.07,0.0,140.35,Completed
102489,2023-12-05,79,1,Europe,Online,2,1161.04,0.0,2322.08,Completed
103538,2023-12-05,100,8,Middle East & Africa,Online,2,1107.37,0.0,2214.74,Completed
103807,2023-12-05,450,20,Europe,Retail,2,184.96,0.0,369.92,Completed
104028,2023-12-05,64,18,Asia Pacific,Retail,2,740.72,0.0,1481.44,Returned
104200,2023-12-05,260,3,Europe,Retail,2,1017.65,0.0,2035.3,Completed
104377,2023-12-05,497,13,Europe,Online,2,25.34,0.0,50.68,Completed
104910,2023-12-05,159,20,Asia Pacific,Online,2,181.31,0.0,362.62,Completed
105522,2023-12-05,564,15,Europe,Online,2,81.39,0.0,162.78,Completed
105851,2023-12-05,591,10,Latin America,Online,5,45.94,0.0,229.7,Completed
106115,2023-12-05,206,13,North America,Partner,4,24.41,0.0,97.64,Completed
100166,2023-12-06,422,10,North America,Partner,5,43.78,0.0,218.9,Completed
100262,2023-12-06,562,20,North America,Retail,2,177.85,0.0,355.7,Completed
101515,2023-12-06,113,7,North America,Online,4,537.12,0.1,1933.63,Completed
101560,2023-12-06,209,16,North America,Online,2,200.85,0.1,361.53,Completed
101764,2023-12-06,475,3,North America,Online,1,999.36,0.0,999.36,Completed
101920,2023-12-06,218,4,North America,Online,1,2059.57,0.05,1956.59,Completed
102106,2023-12-06,97,19,North America,Online,1,96.89,0.15,82.36,Completed
102200,2023-12-06,479,13,Europe,Retail,5,24.95,0.0,124.75,Completed
102372,2023-12-06,134,13,North America,Online,2,25.02,0.0,50.04,Completed
102916,2023-12-06,231,23,North America,Online,5,131.39,0.0,656.95,Completed
103400,2023-12-06,566,12,Asia Pacific,Online,1,102.77,0.0,102.77,Completed
104483,2023-12-06,475,19,North America,Retail,2,95.66,0.05,181.75,Completed
104564,2023-12-06,156,17,Asia Pacific,Retail,2,441.82,0.0,883.64,Completed
105336,2023-12-06,61,13,Asia Pacific,Online,2,25.27,0.0,50.54,Completed
105719,2023-12-06,250,21,Europe,Online,2,301.75,0.0,603.5,Completed
105807,2023-12-06,70,6,Europe,Retail,1,813.72,,813.72,Returned
106766,2023-12-06,157,13,North America,Retail,3,25.31,0.0,75.93,Completed
100273,2023-12-07,308,6,Europe,Online,4,831.35,0.15,2826.59,Completed
102295,2023-12-07,358,3,Asia Pacific,Retail,2,963.91,0.0,1927.82,Completed
102644,2023-12-07,305,13,Latin America,Online,5,24.56,0.15,104.38,Completed
104721,2023-12-07,192,13,North America,Partner,4,25.82,0.0,103.28,Completed
105324,2023-12-07,416,10,North America,Online,1,45.19,0.0,45.19,Completed
105581,2023-12-07,156,20,Asia Pacific,Online,4,182.02,0.1,655.27,Completed
105785,2023-12-07,506,20,Asia Pacific,Online,2,184.75,0.05,351.02,Completed
106365,2023-12-07,587,21,North America,Online,4,296.17,0.0,1184.68,Completed
106633,2023-12-07,37,6,North America,Retail,2,785.77,0.1,1414.39,Completed
106947,2023-12-07,549,16,Asia Pacific,Online,1,200.98,0.1,180.88,Completed
100478,2023-12-08,204,11,North America,Retail,4,29.94,0.0,119.76,Completed
101183,2023-12-08,87,18,Asia Pacific,Online,1,743.57,0.0,743.57,Completed
101498,2023-12-08,37,18,North America,Online,1,742.03,,742.03,Completed
102297,2023-12-08,295,2,Asia Pacific,Retail,3,1425.33,0.05,4062.19,Completed
103108,2023-12-08,528,8,Middle East & Africa,Online,2,1115.67,0.0,2231.34,Completed
103664,2023-12-08,117,18,Asia Pacific,Online,1,712.72,0.0,712.72,Completed
104071,2023-12-08,28,11,North America,Online,3,27.53,0.1,74.33,Completed
104435,2023-12-08,208,17,Asia Pacific,Online,1,449.02,0.15,381.67,Returned
105274,2023-12-08,442,6,North America,Retail,1,776.34,0.05,737.52,Completed
105887,2023-12-08,191,19,Latin America,Retail,2,102.15,0.05,194.08,Completed
105939,2023-12-08,435,6,North America,Retail,2,800.92,0.1,1441.66,Completed
106174,2023-12-08,598,11,Europe,Online,5,30.54,0.0,152.7,Completed
106346,2023-12-08,408,12,Asia Pacific,Online,4,100.78,0.1,362.81,Completed
106422,2023-12-08,111,15,Europe,Retail,1,76.63,0.0,76.63,Completed
106783,2023-12-08,118,11,Asia Pacific,Partner,5,28.4,0.0,142.0,Completed
100092,2023-12-09,232,12,Europe,Online,1,94.6,0.0,94.6,Completed
100190,2023-12-09,425,11,Europe,Partner,5,30.77,0.0,153.85,Cancelled
101024,2023-12-09,379,14,Europe,Retail,5,60.25,0.05,286.19,Completed
101896,2023-12-09,320,12,Latin America,Retail,1,96.21,0.0,96.21,Completed
102426,2023-12-09,157,8,North America,Retail,2,1119.09,0.1,2014.36,Completed
102610,2023-12-09,417,11,North America,Online,4,29.4,0.0,117.6,Completed
103662,2023-12-09,230,8,North America,Retail,1,1072.66,0.0,1072.66,Completed
103929,2023-12-09,386,11,Middle East & Africa,Online,1,30.49,0.0,30.49,Completed
104786,2023-12-09,485,14,North America,Retail,5,58.0,0.05,275.5,Completed
104806,2023-12-09,83,11,Asia Pacific,,3,30.59,0.0,91.77,Completed
104913,2023-12-09,40,15,Asia Pacific,Online,4,76.59,0.0,306.36,Returned
105215,2023-12-09,245,18,Europe,Online,6,733.73,0.0,4402.38,Completed
106469,2023-12-09,250,2,Europe,Retail,1,1527.74,0.1,1374.97,Completed
100048,2023-12-10,79,20,Europe,Retail,1,182.48,0.0,182.48,Completed
101768,2023-12-10,584,14,Europe,Partner,1,60.68,0.0,60.68,Completed
101877,2023-12-10,397,16,Asia Pacific,Retail,1,189.87,0.1,170.88,Completed
102815,2023-12-10,332,14,North America,Retail,2,58.96,0.0,117.92,Completed
102833,2023-12-10,218,10,North America,Partner,2,45.24,0.0,90.48,Completed
102834,2023-12-10,105,8,Asia Pacific,Online,1,1086.14,0.0,1086.14,Completed
105199,2023-12-10,202,15,Middle East & Africa,Retail,2,83.57,0.0,167.14,Completed
105974,2023-12-10,269,4,North America,Retail,2,2005.42,0.0,4010.84,Completed
106093,2023-12-10,436,18,North America,Online,2,756.68,0.05,1437.69,Completed
106514,2023-12-10,376,7,North America,Retail,2,555.09,0.1,999.16,Completed
106889,2023-12-10,427,11,North America,Retail,2,28.63,0.0,57.26,Completed
106891,2023-12-10,315,8,North America,Retail,2,1069.71,0.0,2139.42,Completed
100198,2023-12-11,547,9,Europe,Online,2,148.06,0.0,296.12,Completed
100927,2023-12-11,487,12,Europe,Retail,2,98.09,0.15,166.75,Completed
101676,2023-12-11,224,9,Middle East & Africa,Retail,2,146.57,0.0,293.14,Returned
102520,2023-12-11,194,4,Asia Pacific,Retail,2,1921.29,,3842.58,Completed
102919,2023-12-11,251,13,Asia Pacific,Online,10,22.41,0.0,224.1,Completed
104401,2023-12-11,394,15,Asia Pacific,Retail,2,78.24,0.0,156.48,Completed
104454,2023-12-11,238,2,Asia Pacific,Online,1,1388.77,0.15,1180.45,Completed
104660,2023-12-11,509,21,Europe,Online,1,298.13,0.1,268.32,Completed
106468,2023-12-11,500,15,Europe,Online,2,75.29,0.05,143.05,Completed
106507,2023-12-11,597,7,Asia Pacific,Partner,2,571.1,0.0,1142.2,Completed
106760,2023-12-11,208,2,Asia Pacific,Retail,2,1553.38,0.0,3106.76,Completed
100667,2023-12-12,75,1,North America,Retail,8,1188.93,0.15,8084.72,Completed
101074,2023-12-12,322,15,Europe,Online,5,79.5,0.05,377.62,Completed
102266,2023-12-12,561,16,North America,Retail,1,202.79,0.0,202.79,Completed
102330,2023-12-12,284,8,North America,Online,1,1129.83,0.15,960.36,Completed
102407,2023-12-12,181,17,Latin America,Retail,2,454.36,0.1,817.85,Cancelled
103420,2023-12-12,459,4,Asia Pacific,Partner,1,2046.77,0.1,1842.09,Completed
105293,2023-12-12,243,1,North America,Online,2,1222.57,0.0,2445.14,Completed
105979,2023-12-12,171,1,North America,Online,2,1192.64,0.1,2146.75,Completed
106400,2023-12-12,527,2,Middle East & Africa,Retail,2,1473.02,0.05,2798.74,Completed
106521,2023-12-12,437,6,North America,Retail,1,793.63,0.0,793.63,Completed
106648,2023-12-12,571,12,North America,Retail,4,100.46,0.0,401.84,Completed
100201,2023-12-13,481,2,Europe,Retail,1,1481.82,0.05,1407.73,Completed
100324,2023-12-13,538,13,North America,Online,1,24.13,0.1,21.72,Completed
100467,2023-12-13,388,6,Middle East & Africa,Online,1,799.98,0.0,799.98,Completed
101476,2023-12-13,572,1,Asia Pacific,Partner,2,1171.08,0.0,2342.16,Completed
102107,2023-12-13,562,10,North America,Retail,3,45.7,0.1,123.39,Completed
102425,2023-12-13,324,8,Europe,Partner,2,1078.33,0.0,2156.66,Completed
102576,2023-12-13,137,18,Middle East & Africa,Retail,2,774.97,0.0,1549.94,Completed
102691,2023-12-13,419,13,North America,Online,8,24.41,0.05,185.52,Completed
102996,2023-12-13,97,12,North America,Partner,3,100.39,0.0,301.17,Completed
103089,2023-12-13,291,14,Asia Pacific,Online,4,59.71,0.15,203.01,Completed
103715,2023-12-13,585,14,Latin America,Online,1,61.23,0.15,52.05,Completed
104031,2023-12-13,87,2,Asia Pacific,Online,1,1586.88,0.1,1428.19,Completed
104217,2023-12-13,100,14,Middle East & Africa,Online,1,62.72,0.1,56.45,Completed
105513,2023-12-13,118,7,Asia Pacific,Retail,2,535.43,0.0,1070.86,Completed
105642,2023-12-13,285,2,Europe,Online,1,1493.59,0.0,1493.59,Completed
106200,2023-12-13,75,1,North America,Retail,3,1213.62,0.15,3094.73,Completed
106229,2023-12-13,400,17,Europe,Retail,1,429.7,0.1,386.73,Returned
100461,2023-12-14,253,13,Europe,Online,2,25.07,0.05,47.63,Completed
101101,2023-12-14,200,3,North America,Retail,2,1024.37,0.05,1946.3,Completed
101433,2023-12-14,545,12,North America,Online,4,97.62,0.0,390.48,Completed
102122,2023-12-14,91,1,North America,Online,2,1189.23,0.0,2378.46,Completed
102428,2023-12-14,528,23,Middle East & Africa,Online,4,133.71,0.15,454.61,Completed
102686,2023-12-14,206,7,North America,Online,2,551.75,0.0,1103.5,Completed
103198,2023-12-14,85,14,North America,Online,2,58.19,0.0,116.38,Completed
103366,2023-12-14,576,7,Europe,Retail,1,546.48,,491.83,Completed
103401,2023-12-14,254,4,North America,Retail,1,1993.54,0.15,1694.51,Completed
104359,2023-12-14,202,14,Middle East & Africa,Partner,5,60.0,0.0,300.0,Completed
105394,2023-12-14,281,11,North America,Retail,5,29.36,0.0,146.8,Completed
105548,2023-12-14,341,2,North America,Online,1,1519.81,0.05,1443.82,Completed
105624,2023-12-14,596,17,North America,Retail,8,422.75,0.0,3382.0,Completed
105668,2023-12-14,598,11,Europe,Retail,4,29.02,0.0,116.08,Completed
105788,2023-12-14,423,3,North America,Online,2,952.49,0.0,1904.98,Completed
105819,2023-12-14,415,11,North America,Retail,15,28.36,0.0,425.4,Returned
106044,2023-12-14,479,15,Europe,Online,2,75.61,0.0,151.22,Completed
106352,2023-12-14,334,11,Latin America,Online,20,29.01,0.0,580.2,Completed
100465,2023-12-15,77,14,North America,Online,3,60.45,0.0,181.35,Completed
101234,2023-12-15,505,13,Europe,Online,3,25.19,0.0,75.57,Completed
101399,2023-12-15,355,12,Europe,Retail,3,95.81,0.15,244.32,Completed
101750,2023-12-15,230,2,North America,Retail,2,1499.68,0.0,2999.36,Completed
102062,2023-12-15,164,17,North America,Retail,2,447.18,0.0,894.36,Completed
102357,2023-12-15,252,13,Latin America,Retail,3,23.94,0.1,64.64,Completed
102688,2023-12-15,233,13,Middle East & Africa,Retail,4,24.67,0.0,98.68,Completed
102764,2023-12-15,153,3,North America,Online,2,998.94,0.0,1997.88,Completed
103306,2023-12-15,508,2,Asia Pacific,Partner,1,1536.94,0.15,1306.4,Returned
103796,2023-12-15,111,15,Europe,Online,3,78.89,0.0,236.67,Completed
105214,2023-12-15,536,21,North America,Online,1,309.43,0.0,309.43,Completed
105896,2023-12-15,540,16,Asia Pacific,Retail,2,197.2,0.0,394.4,Completed
106073,2023-12-15,142,12,Europe,Online,3,95.4,0.05,271.89,Completed
106124,2023-12-15,564,4,Europe,Online,1,1975.63,0.1,1778.07,Completed
106165,2023-12-15,516,1,North America,Partner,1,1237.9,0.1,1114.11,Completed
106808,2023-12-15,559,17,Europe,Retail,2,451.65,0.0,903.3,Completed
100013,2023-12-16,89,8,North America,Online,1,1133.89,0.05,1077.2,Completed
100546,2023-12-16,349,10,Europe,Partner,1,48.67,0.1,43.8,Completed
100806,2023-12-16,64,17,Asia Pacific,Retail,1,430.8,0.0,430.8,Completed
101258,2023-12-16,427,16,North America,Partner,1,200.37,0.15,170.31,Completed
101480,2023-12-16,395,7,North America,Online,1,558.44,0.0,558.44,Completed
102255,2023-12-16,475,21,North America,Online,2,313.21,0.0,626.42,Completed
102683,2023-12-16,166,2,North America,,2,1464.88,0.15,2490.3,Completed
102958,2023-12-16,390,13,Latin America,Partner,15,25.76,0.0,386.4,Completed
103261,2023-12-16,267,6,North America,Online,1,791.44,0.0,791.44,Completed
104323,2023-12-16,443,10,Asia Pacific,Online,4,45.07,0.0,180.28,Completed
104448,2023-12-16,579,12,Latin America,Online,3,96.52,0.05,275.08,Completed
104766,2023-12-16,449,18,North America,Online,2,753.24,0.0,1506.48,Completed
105053,2023-12-16,549,8,Asia Pacific,Online,2,1078.63,0.05,2049.4,Completed
105225,2023-12-16,71,19,North America,Online,1,102.75,0.15,87.34,Completed
100112,2023-12-17,545,1,North America,Online,1,1103.93,0.1,993.54,Completed
100252,2023-12-17,75,10,North America,Online,4,45.82,0.0,183.28,Completed
100500,2023-12-17,36,17,North America,Online,2,457.44,0.0,914.88,Completed
101266,2023-12-17,172,15,Europe,Partner,9,81.56,0.1,660.64,Completed
101673,2023-12-17,269,6,North America,Online,1,779.29,0.1,701.36,Completed
103285,2023-12-17,346,16,Asia Pacific,Online,4,192.54,0.15,654.64,Completed
104523,2023-12-17,241,21,Asia Pacific,Partner,1,313.16,0.15,266.19,Completed
105727,2023-12-17,384,12,Europe,Online,4,98.36,0.0,393.44,Completed
105736,2023-12-17,62,1,Europe,Online,2,1224.44,0.15,2081.55,Completed
106037,2023-12-17,246,14,Latin America,Partner,4,60.32,0.0,241.28,Completed
106206,2023-12-17,370,10,Latin America,Retail,4,45.95,0.15,156.23,Completed
106306,2023-12-17,518,21,Asia Pacific,Online,1,309.29,0.0,309.29,Completed
106733,2023-12-17,545,12,North America,Online,2,97.24,0.0,194.48,Completed
106982,2023-12-17,477,1,Europe,Partner,2,1219.57,0.1,2195.23,Completed
100226,2023-12-18,168,13,Asia Pacific,Retail,1,25.33,0.0,25.33,Completed
100888,2023-12-18,156,2,Asia Pacific,Partner,10,1407.42,0.0,14074.2,Completed
102061,2023-12-18,217,8,North America,Online,1,1110.95,0.0,1110.95,Completed
102652,2023-12-18,393,4,Europe,Partner,2,1976.89,0.15,3360.71,Returned
103231,2023-12-18,475,14,North America,Retail,3,60.59,0.0,181.77,Completed
103233,2023-12-18,415,11,North America,Retail,5,28.44,0.05,135.09,Completed
103755,2023-12-18,544,12,Middle East & Africa,Retail,2,97.55,0.0,195.1,Completed
103837,2023-12-18,285,13,Europe,Retail,5,25.4,0.05,120.65,Completed
104734,2023-12-18,176,7,North America,Online,2,548.21,0.1,986.78,Completed
104741,2023-12-18,363,2,North America,Online,2,1541.07,0.0,3082.14,Completed
105261,2023-12-18,230,7,North America,Partner,1,521.72,0.1,469.55,Completed
105877,2023-12-18,278,22,Europe,Retail,2,82.62,0.0,165.24,Completed
105971,2023-12-18,368,13,Asia Pacific,Retail,4,24.53,0.0,98.12,Completed
106366,2023-12-18,369,5,North America,Online,1,450.98,0.0,450.98,Completed
106937,2023-12-18,110,12,Latin America,Retail,5,102.87,0.1,462.92,Completed
100976,2023-12-19,402,13,Latin America,Partner,12,24.14,0.1,260.71,Completed
101296,2023-12-19,158,12,Asia Pacific,Online,3,98.41,0.0,295.23,Completed
101451,2023-12-19,528,1,Middle East & Africa,Retail,1,1197.05,0.15,1017.49,Completed
101592,2023-12-19,466,13,Asia Pacific,Online,2,25.78,0.05,48.98,Completed
101867,2023-12-19,291,6,Asia Pacific,Online,2,792.16,0.15,1346.67,Completed
102858,2023-12-19,395,15,North America,Online,2,76.72,0.0,153.44,Completed
103772,2023-12-19,136,21,North America,Online,1,285.44,0.0,285.44,Completed
104078,2023-12-19,443,1,Asia Pacific,Partner,1,1178.85,0.0,1178.85,Completed
104260,2023-12-19,74,11,North America,Online,4,29.86,0.15,101.52,Completed
104325,2023-12-19,255,8,North America,Online,1,1086.3,0.1,977.67,Completed
104409,2023-12-19,484,21,North America,Online,2,306.95,0.05,583.2,Completed
105079,2023-12-19,207,6,North America,Retail,1,784.12,0.0,784.12,Completed
105292,2023-12-19,100,1,Middle East & Africa,Online,1,1213.77,0.05,1153.08,Completed
105355,2023-12-19,147,7,North America,Partner,1,561.84,0.0,561.84,Completed
105671,2023-12-19,248,3,Europe,Online,2,987.86,0.0,1975.72,Completed
105980,2023-12-19,317,2,North America,Retail,2,1457.75,0.15,2478.17,Completed
106690,2023-12-19,373,12,North America,Partner,1,97.29,0.1,87.56,Returned
100731,2023-12-20,352,20,North America,Partner,1,173.99,0.05,165.29,Completed
101283,2023-12-20,476,18,North America,Retail,1,752.06,0.05,714.46,Completed
101551,2023-12-20,315,15,North America,Online,3,80.25,0.0,240.75,Completed
102442,2023-12-20,504,8,Europe,Retail,2,1091.92,0.15,1856.26,Completed
102859,2023-12-20,91,4,North America,Partner,1,1931.28,0.05,1834.72,Completed
102911,2023-12-20,520,14,Asia Pacific,Online,20,56.78,0.0,1135.6,Completed
103191,2023-12-20,289,19,Europe,Online,2,104.47,0.0,208.94,Completed
103640,2023-12-20,71,12,North America,Online,3,101.59,0.0,304.77,Completed
103775,2023-12-20,244,6,Europe,Retail,4,820.51,0.05,3117.94,Completed
104487,2023-12-20,332,6,North America,Online,1,828.04,0.0,828.04,Completed
104930,2023-12-20,35,16,Europe,Online,2,205.33,0.0,410.66,Completed
104979,2023-12-20,266,10,North America,Retail,5,44.89,0.1,202.0,Completed
105313,2023-12-20,456,12,North America,Retail,3,98.33,0.05,280.24,Completed
106199,2023-12-20,164,7,North America,Retail,2,532.83,0.0,1065.66,Completed
106260,2023-12-20,540,17,Asia Pacific,Online,2,467.31,0.0,934.62,Completed
100236,2023-12-21,526,1,North America,Online,8,1178.6,0.1,8485.92,Completed
101417,2023-12-21,208,10,Asia Pacific,Online,4,45.8,0.05,174.04,Completed
101733,2023-12-21,475,1,North America,Retail,2,1179.22,0.0,2358.44,Completed
102308,2023-12-21,193,21,North America,Retail,1,279.49,0.05,265.52,Completed
102415,2023-12-21,349,1,Europe,Online,1,1231.47,0.05,1169.9,Completed
102967,2023-12-21,530,8,North America,Partner,2,1097.81,0.0,2195.62,Completed
103034,2023-12-21,98,15,North America,Online,4,79.13,0.05,300.69,Cancelled
103774,2023-12-21,334,13,Latin America,Online,12,25.58,0.05,291.61,Completed
103937,2023-12-21,476,2,North America,Retail,2,1566.19,0.0,3132.38,Completed
104224,2023-12-21,565,20,Europe,Online,2,189.81,0.0,379.62,Completed
104669,2023-12-21,438,17,Europe,Online,2,462.46,0.0,924.92,Completed
104928,2023-12-21,199,13,North America,Online,4,24.01,0.0,96.04,Completed
105305,2023-12-21,334,17,Latin America,Online,8,437.81,0.0,3502.48,Completed
105376,2023-12-21,383,13,Asia Pacific,Online,2,25.07,0.15,42.62,Completed
105520,2023-12-21,486,14,Europe,Online,1,58.41,0.0,58.41,Completed
105811,2023-12-21,538,4,North America,Online,1,1792.02,0.0,1792.02,Completed
105920,2023-12-21,295,11,Asia Pacific,Partner,4,28.26,0.05,107.39,Completed
106595,2023-12-21,81,7,Asia Pacific,Online,1,570.08,0.1,513.07,Completed
106781,2023-12-21,344,20,Europe,Online,2,185.09,0.0,370.18,Completed
101300,2023-12-22,255,6,North America,Online,1,809.47,0.15,688.05,Completed
101415,2023-12-22,418,11,Asia Pacific,Online,8,29.34,0.0,234.72,Completed
101520,2023-12-22,596,11,North America,Online,20,30.57,0.1,550.26,Completed
102377,2023-12-22,79,18,Europe,Online,2,743.87,0.0,1487.74,Completed
102444,2023-12-22,413,15,North America,Retail,3,79.98,0.05,227.94,Completed
103123,2023-12-22,574,2,Asia Pacific,Partner,2,1546.35,0.0,3092.7,Completed
103209,2023-12-22,552,1,North America,Retail,1,1167.74,0.05,1109.35,Completed
103555,2023-12-22,530,15,North America,Online,4,76.26,0.05,289.79,Completed
103705,2023-12-22,340,13,Latin America,Partner,4,24.85,0.05,94.43,Returned
103780,2023-12-22,85,16,North America,Retail,1,201.43,0.0,201.43,Completed
103853,2023-12-22,74,7,North America,Online,3,557.25,0.0,1671.75,Completed
104654,2023-12-22,133,2,Europe,Retail,2,1447.29,0.0,2894.58,Returned
105637,2023-12-22,437,4,North America,Partner,2,1985.88,0.0,3971.76,Completed
105989,2023-12-22,589,7,North America,Retail,2,533.83,0.0,1067.66,Completed
106860,2023-12-22,156,4,Asia Pacific,Retail,3,2005.4,0.0,6016.2,Completed
100442,2023-12-23,348,10,North America,Online,8,47.37,0.0,378.96,Completed
100452,2023-12-23,255,10,North America,Online,3,46.44,0.05,132.35,Completed
100458,2023-12-23,114,13,Europe,Retail,1,23.91,0.15,20.32,Completed
101076,2023-12-23,198,17,Latin America,Online,1,454.45,0.05,431.73,Completed
101126,2023-12-23,386,12,Middle East & Africa,Partner,1,102.52,0.15,87.14,Completed
101324,2023-12-23,146,4,North America,Retail,4,1975.52,0.0,7902.08,Completed
101569,2023-12-23,253,20,Europe,Online,2,176.41,0.0,352.82,Completed
101970,2023-12-23,275,10,Asia Pacific,Online,2,45.41,0.1,81.74,Completed
102117,2023-12-23,267,10,North America,Online,3,45.6,0.1,123.12,Completed
102723,2023-12-23,24,14,Latin America,Online,5,55.13,0.05,261.87,Completed
103651,2023-12-23,68,14,North America,Partner,1,56.26,0.0,56.26,Completed
103967,2023-12-23,497,11,Europe,Retail,2,28.87,0.0,57.74,Completed
104175,2023-12-23,233,4,Middle East & Africa,Online,1,1952.07,0.15,1659.26,Completed
106515,2023-12-23,253,2,Europe,Retail,1,1432.33,0.15,1217.48,Completed
100419,2023-12-24,544,4,Middle East & Africa,Partner,1,2008.97,0.0,2008.97,Completed
100890,2023-12-24,105,16,Asia Pacific,Online,2,191.65,0.0,383.3,Completed
100922,2023-12-24,350,11,North America,Online,3,28.39,0.0,85.17,Completed
101749,2023-12-24,144,10,Europe,Partner,3,43.34,0.0,130.02,Completed
102197,2023-12-24,117,21,Asia Pacific,Online,1,279.05,0.0,279.05,Completed
102471,2023-12-24,316,10,North America,Online,15,44.85,0.15,571.84,Completed
102627,2023-12-24,365,15,Asia Pacific,Online,2,78.63,0.0,157.26,Completed
102995,2023-12-24,244,13,Europe,Online,6,25.77,0.05,146.89,Completed
103249,2023-12-24,238,11,Asia Pacific,Online,5,28.45,0.0,142.25,Completed
103830,2023-12-24,512,3,Asia Pacific,Online,2,988.9,0.15,1681.13,Completed
103954,2023-12-24,530,10,North America,Partner,2,43.7,0.1,78.66,Completed
104013,2023-12-24,384,11,Europe,Online,4,29.95,0.0,119.8,Completed
104193,2023-12-24,46,15,Asia Pacific,Online,5,75.63,0.15,321.43,Completed
104274,2023-12-24,469,7,North America,Partner,1,506.09,0.1,455.48,Completed
105036,2023-12-24,483,3,Europe,Online,2,994.02,0.0,1988.04,Completed
105311,2023-12-24,181,8,Latin America,Online,1,1069.84,0.0,1069.84,Completed
105992,2023-12-24,249,18,North America,Online,1,750.61,0.05,713.08,Completed
106047,2023-12-24,529,14,Asia Pacific,Partner,2,56.74,0.0,113.48,Completed
106715,2023-12-24,135,15,Europe,Retail,3,79.94,0.1,215.84,Cancelled
100039,2023-12-25,504,7,Europe,Online,2,556.62,0.1,1001.92,Completed
100142,2023-12-25,115,3,North America,Online,1,983.88,0.0,983.88,Completed
102401,2023-12-25,588,3,North America,Online,1,983.93,0.1,885.54,Completed
102409,2023-12-25,23,19,Middle East & Africa,Retail,2,102.08,0.0,204.16,Completed
103820,2023-12-25,132,17,Latin America,Retail,2,447.87,0.15,761.38,Completed
103931,2023-12-25,75,13,North America,Retail,15,25.78,0.0,386.7,Completed
104277,2023-12-25,76,12,North America,Online,4,102.99,0.15,350.17,Cancelled
104782,2023-12-25,476,17,North America,Online,2,435.06,0.0,870.12,Completed
106539,2023-12-25,209,21,North America,Partner,1,296.32,0.05,281.5,Completed
106741,2023-12-25,353,1,Europe,Online,1,1222.91,0.15,1039.47,Completed
100443,2023-12-26,325,15,Asia Pacific,Retail,5,78.32,0.05,372.02,Completed
100831,2023-12-26,480,14,Europe,Retail,2,60.68,0.15,103.16,Completed
100989,2023-12-26,471,16,Europe,Retail,1,192.13,0.15,163.31,Completed
101071,2023-12-26,342,4,Middle East & Africa,Online,2,1961.41,0.0,3922.82,Returned
101200,2023-12-26,294,19,North America,Online,1,100.94,0.1,90.85,Completed
101309,2023-12-26,459,10,Asia Pacific,Online,1,47.08,0.0,47.08,Completed
101458,2023-12-26,384,3,Europe,Retail,2,1005.26,0.0,2010.52,Completed
101753,2023-12-26,401,14,North America,Retail,2,58.4,0.1,105.12,Completed
101996,2023-12-26,181,4,Latin America,Retail,2,2050.25,0.0,4100.5,Completed
102365,2023-12-26,592,8,Europe,Online,1,1073.69,0.0,1073.69,Completed
102620,2023-12-26,256,15,Asia Pacific,Online,4,80.88,0.1,291.17,Completed
102839,2023-12-26,217,21,North America,Online,1,282.0,0.1,253.8,Completed
102929,2023-12-26,246,7,Latin America,Online,2,539.46,0.15,917.08,Completed
104165,2023-12-26,530,15,North America,Online,4,80.28,0.1,289.01,Completed
104355,2023-12-26,193,8,North America,Online,2,1114.81,0.0,2229.62,Completed
104473,2023-12-26,175,12,North America,Online,5,102.99,0.1,463.45,Completed
105190,2023-12-26,532,4,Asia Pacific,Online,2,2049.35,0.0,4098.7,Completed
105320,2023-12-26,153,11,North America,Online,1,27.91,0.0,27.91,Completed
105332,2023-12-26,589,1,North America,Online,1,1179.49,0.05,1120.52,Completed
106188,2023-12-26,280,11,Latin America,Online,3,28.2,0.0,84.6,Completed
100970,2023-12-27,97,13,North America,Online,2,25.02,0.0,50.04,Completed
101340,2023-12-27,124,8,Europe,Online,2,1155.51,0.15,1964.37,Completed
101436,2023-12-27,405,6,Middle East & Africa,Retail,2,823.68,0.0,1647.36,Completed
101582,2023-12-27,360,3,Europe,Partner,1,1018.56,0.0,1018.56,Completed
102606,2023-12-27,159,4,Asia Pacific,Online,2,2045.24,0.05,3885.96,Completed
102727,2023-12-27,565,14,Europe,Retail,4,58.94,0.05,223.97,Completed
103217,2023-12-27,100,3,Middle East & Africa,Retail,2,1004.41,0.15,1707.5,Completed
105164,2023-12-27,369,14,North America,Partner,2,58.18,0.05,110.54,Completed
105338,2023-12-27,100,19,Middle East & Africa,Retail,2,105.87,0.0,211.74,Completed
105340,2023-12-27,344,5,Europe,Online,1,451.43,0.0,451.43,Completed
105528,2023-12-27,445,20,North America,Online,1,179.81,0.05,170.82,Completed
105730,2023-12-27,193,8,North America,Online,1,1158.84,0.05,1100.9,Completed
106525,2023-12-27,219,12,Latin America,Online,1,99.3,0.0,99.3,Completed
100662,2023-12-28,147,6,North America,Partner,2,824.17,0.05,1565.92,Completed
101081,2023-12-28,418,11,Asia Pacific,Retail,8,28.0,0.15,190.4,Completed
101641,2023-12-28,568,7,North America,Online,1,561.74,0.0,561.74,Returned
102347,2023-12-28,484,18,North America,Online,2,750.95,0.15,1276.62,Completed
102469,2023-12-28,319,10,North America,Online,2,44.93,0.05,85.37,Completed
102493,2023-12-28,419,7,North America,Online,3,565.52,0.05,1611.73,Completed
102797,2023-12-28,243,6,North America,Online,1,792.52,0.0,792.52,Completed
102826,2023-12-28,86,19,North America,Online,1,97.38,0.0,97.38,Completed
103032,2023-12-28,44,7,North America,,3,573.0,0.15,1461.15,Completed
103221,2023-12-28,91,7,North America,Online,2,540.55,0.0,1081.1,Completed
104032,2023-12-28,377,11,Latin America,Retail,4,29.46,0.1,106.06,Completed
104097,2023-12-28,567,11,Asia Pacific,Partner,1,30.33,0.0,30.33,Completed
104177,2023-12-28,278,4,Europe,Online,2,1991.69,0.0,3983.38,Completed
106509,2023-12-28,323,15,North America,Retail,3,78.58,0.0,235.74,Completed
100186,2023-12-29,408,3,Asia Pacific,Retail,1,975.24,0.15,828.95,Completed
100367,2023-12-29,587,2,North America,Online,4,1444.71,0.0,5778.84,Completed
101897,2023-12-29,255,4,North America,Retail,1,2058.98,0.15,1750.13,Completed
102302,2023-12-29,515,19,North America,Online,2,99.53,0.0,199.06,Completed
103050,2023-12-29,217,10,North America,Online,5,42.57,0.0,212.85,Completed
103121,2023-12-29,212,2,Europe,Online,1,1501.77,0.05,1426.68,Completed
103252,2023-12-29,329,1,Europe,Online,2,1214.73,0.0,2429.46,Completed
103740,2023-12-29,244,14,Europe,Online,4,59.77,0.15,203.22,Completed
103821,2023-12-29,193,18,North America,Retail,1,718.05,0.1,646.24,Completed
105104,2023-12-29,475,14,North America,Retail,2,62.7,0.0,125.4,Returned
105580,2023-12-29,541,7,Middle East & Africa,Retail,1,565.98,0.0,565.98,Completed
100071,2023-12-30,18,6,North America,Retail,1,793.79,0.05,754.1,Completed
100272,2023-12-30,1,8,Asia Pacific,Retail,1,1073.07,0.1,965.76,Completed
100644,2023-12-30,223,8,Asia Pacific,Online,1,1099.32,0.0,1099.32,Completed
100666,2023-12-30,115,6,North America,Partner,1,757.7,0.15,644.05,Completed
101072,2023-12-30,591,4,Latin America,Online,1,2053.62,0.0,2053.62,Completed
101174,2023-12-30,208,13,Asia Pacific,Online,2,25.18,0.1,45.32,Completed
102219,2023-12-30,171,18,North America,Online,1,724.77,0.0,724.77,Completed
102232,2023-12-30,204,13,North America,Online,2,23.82,0.0,47.64,Completed
102321,2023-12-30,37,14,North America,Online,2,57.72,0.1,103.9,Completed
102374,2023-12-30,261,18,North America,Partner,6,750.71,0.15,3828.62,Completed
105993,2023-12-30,255,1,North America,Online,2,1211.48,0.1,2180.66,Completed
106803,2023-12-30,209,20,North America,Online,2,173.66,0.0,347.32,Completed
106962,2023-12-30,248,4,Europe,Retail,1,1894.44,0.0,1894.44,Completed
100670,2023-12-31,16,21,North America,Online,2,301.83,0.0,603.66,Completed
101654,2023-12-31,267,19,North America,Online,1,103.21,0.0,103.21,Completed
101809,2023-12-31,147,10,North America,Retail,5,46.72,0.0,233.6,Completed
101813,2023-12-31,490,3,Europe,Online,2,984.14,0.0,1968.28,Cancelled
102816,2023-12-31,171,10,North America,Online,1,41.71,0.0,41.71,Cancelled
102892,2023-12-31,545,1,North America,Online,2,1167.42,0.0,2334.84,Completed
104017,2023-12-31,17,4,Europe,Retail,1,1883.79,0.0,1883.79,Completed
104122,2023-12-31,206,12,North America,Partner,5,96.84,0.05,459.99,Completed
104135,2023-12-31,342,12,Middle East & Africa,Retail,2,97.06,0.05,184.41,Completed
104320,2023-12-31,218,6,North America,Retail,2,791.75,0.1,1425.15,Completed
104762,2023-12-31,97,11,North America,Online,3,30.76,0.05,87.67,Completed
104857,2023-12-31,115,10,North America,Online,2,43.73,0.0,87.46,Completed
105674,2023-12-31,389,7,North America,Online,2,544.22,0.0,1088.44,Completed
105799,2023-12-31,266,7,North America,Online,2,564.14,0.0,1128.28,Completed
106071,2023-12-31,373,7,North America,Online,2,538.4,0.05,1022.96,Completed
106078,2023-12-31,255,6,North America,Online,1,835.17,0.15,709.89,Completed
106377,2023-12-31,85,8,North America,Retail,2,1079.74,0.0,2159.48,Completed
106549,2023-12-31,336,19,Europe,Retail,2,103.11,0.0,206.22,Completed
106611,2023-12-31,215,6,Asia Pacific,Online,1,820.1,0.15,697.08,Completed
106708,2023-12-31,599,4,Middle East & Africa,Retail,2,2017.46,0.15,3429.68,Returned
101223,2024-01-01,30,10,Asia Pacific,Retail,1,44.44,0.0,44.44,Completed
101353,2024-01-01,298,1,Asia Pacific,Retail,1,1179.36,0.1,1061.42,Completed
101680,2024-01-01,95,1,North America,Online,1,1174.83,0.0,1174.83,Completed
101759,2024-01-01,309,17,North America,Online,1,443.64,0.0,443.64,Completed
102706,2024-01-01,440,2,Europe,Online,2,1552.49,0.0,3104.98,Completed
103078,2024-01-01,596,13,North America,Partner,8,26.46,0.0,211.68,Completed
104731,2024-01-01,219,10,Latin America,Retail,4,45.04,0.0,180.16,Completed
105266,2024-01-01,382,20,Latin America,Online,5,173.49,0.0,867.45,Completed
100189,2024-01-02,216,1,Asia Pacific,Retail,2,1212.71,0.0,2425.42,Completed
100432,2024-01-02,456,23,North America,Retail,4,122.53,0.05,465.61,Completed
100715,2024-01-02,536,1,North America,Online,2,1194.37,0.05,2269.3,Completed
101061,2024-01-02,269,19,North America,Partner,1,98.03,0.0,98.03,Completed
102811,2024-01-02,347,15,Latin America,Online,2,73.93,0.1,133.07,Completed
103757,2024-01-02,563,1,Asia Pacific,Retail,2,1245.74,0.0,2491.48,Completed
103944,2024-01-02,590,10,North America,Online,4,45.89,0.1,165.2,Completed
104291,2024-01-02,475,1,North America,Online,1,1182.84,0.05,1123.7,Completed
105283,2024-01-02,376,2,North America,Online,2,1472.14,0.05,2797.07,Completed
106748,2024-01-02,545,12,North America,Retail,3,101.59,0.15,259.05,Completed
100255,2024-01-03,243,21,North America,Retail,1,289.05,0.05,274.6,Completed
101598,2024-01-03,332,3,North America,Online,1,1045.3,0.0,1045.3,Completed
101618,2024-01-03,74,20,North America,Online,6,179.09,0.1,967.09,Completed
102288,2024-01-03,176,22,North America,Partner,1,79.28,0.0,79.28,Completed
102673,2024-01-03,131,7,North America,Online,1,528.88,0.0,528.88,Completed
103829,2024-01-03,266,15,North America,Retail,25,77.91,0.0,1947.75,Returned
104161,2024-01-03,341,12,North America,Partner,1,98.7,0.15,187500.0,Completed
104387,2024-01-03,516,10,North America,Retail,1,45.29,0.0,45.29,Completed
104906,2024-01-03,387,15,Asia Pacific,Retail,1,74.72,0.0,74.72,Completed
105699,2024-01-03,255,3,North America,Partner,1,1042.43,0.05,990.31,Completed
100688,2024-01-04,29,11,North America,Retail,8,27.87,0.0,222.96,Completed
100724,2024-01-04,257,6,Asia Pacific,Online,5,817.29,0.0,4086.45,Completed
103641,2024-01-04,213,7,North America,Retail,2,527.95,0.0,1055.9,Returned
103865,2024-01-04,384,19,Europe,Online,1,96.29,0.05,91.48,Completed
100979,2024-01-05,136,10,North America,Online,3,46.1,0.1,124.47,Completed
102102,2024-01-05,214,15,Asia Pacific,Retail,4,79.98,0.0,319.92,Completed
102263,2024-01-05,290,2,North America,Online,1,1466.31,0.0,1466.31,Completed
102759,2024-01-05,114,13,Europe,Online,4,25.06,0.0,100.24,Completed
103150,2024-01-05,239,4,North America,Retail,1,1971.81,0.1,1774.63,Completed
104606,2024-01-05,156,16,Asia Pacific,Online,2,201.36,0.0,402.72,Completed
106168,2024-01-05,386,1,Middle East & Africa,Partner,2,1197.81,0.05,2275.84,Completed
100515,2024-01-06,161,23,North America,Online,4,127.04,0.05,482.75,Completed
102989,2024-01-06,9,4,North America,Retail,1,2058.77,0.0,2058.77,Completed
103552,2024-01-06,353,13,Europe,Retail,2,24.28,0.15,41.28,Completed
103601,2024-01-06,6,7,Middle East & Africa,Online,2,556.25,0.1,1001.25,Completed
103632,2024-01-06,253,17,Europe,Online,1,448.53,0.1,403.68,Completed
104295,2024-01-06,386,10,Middle East & Africa,Partner,4,45.8,0.1,164.88,Completed
104349,2024-01-06,344,8,Europe,Online,2,1067.01,0.0,2134.02,Completed
104901,2024-01-06,449,18,North America,Retail,1,725.7,0.0,725.7,Completed
105420,2024-01-06,505,7,Europe,Partner,2,530.8,0.0,1061.6,Completed
106194,2024-01-06,243,11,North America,Partner,5,27.34,0.0,136.7,Completed
100203,2024-01-07,266,11,North America,Online,10,30.04,0.0,300.4,Completed
104280,2024-01-07,492,6,Europe,Retail,2,770.92,0.15,1310.56,Completed
106267,2024-01-07,456,6,North America,Online,1,805.47,0.0,805.47,Completed
100460,2024-01-08,266,11,North America,Partner,15,29.31,0.0,439.65,Completed
100472,2024-01-08,400,14,Europe,Online,5,56.95,0.15,242.04,Completed
102046,2024-01-08,190,11,North America,Online,1,29.6,0.0,29.6,Completed
103553,2024-01-08,316,3,North America,Online,10,1023.08,0.0,10230.8,Completed
104305,2024-01-08,267,20,North America,Online,2,177.9,0.1,320.22,Completed
104919,2024-01-08,432,10,Asia Pacific,Retail,3,45.33,0.0,135.99,Completed
105342,2024-01-08,267,8,North America,Online,1,1110.76,0.05,1055.22,Completed
105644,2024-01-08,184,14,North America,Online,4,59.98,0.0,239.92,Completed
101770,2024-01-09,2,7,Europe,Online,2,535.74,0.0,1071.48,Completed
102081,2024-01-09,258,1,North America,Online,1,1229.7,0.15,1045.25,Completed
102804,2024-01-09,375,11,North America,Online,3,27.95,0.05,79.66,Cancelled
104728,2024-01-09,210,13,Europe,Retail,1,24.53,0.0,24.53,Completed
105893,2024-01-09,591,21,Latin America,Partner,1,297.92,0.05,283.02,Completed
100336,2024-01-10,93,15,Europe,Online,1,83.48,0.0,83.48,Completed
100647,2024-01-10,281,21,North America,Retail,1,310.92,0.0,310.92,Completed
102104,2024-01-10,89,15,North America,Online,4,80.92,0.1,291.31,Completed
102845,2024-01-10,499,8,North America,Retail,1,1135.82,0.0,1135.82,Completed
103768,2024-01-10,353,12,Europe,Retail,2,93.69,,159.27,Completed
103799,2024-01-10,422,4,North America,Retail,2,1968.02,0.0,3936.04,Completed
105074,2024-01-10,18,14,North America,Retail,1,58.82,0.05,55.88,Completed
106249,2024-01-10,478,21,Europe,Retail,1,290.2,0.0,290.2,Completed
103871,2024-01-11,64,7,Asia Pacific,Retail,2,527.03,0.15,895.95,Completed
104676,2024-01-11,53,2,Asia Pacific,Partner,1,1449.6,0.0,1449.6,Completed
105019,2024-01-11,414,12,Latin America,Online,4,104.36,0.15,354.82,Completed
105123,2024-01-11,580,7,North America,Partner,2,561.1,0.0,1122.2,Completed
106697,2024-01-11,1,4,Asia Pacific,Online,2,2065.39,0.0,4130.78,Completed
106757,2024-01-11,187,8,North America,Online,1,1069.2,0.0,1069.2,Completed
100111,2024-01-12,563,6,Asia Pacific,Retail,1,790.63,0.0,790.63,Returned
100433,2024-01-12,393,19,Europe,Retail,2,100.0,0.0,200.0,Completed
102404,2024-01-12,505,13,Europe,Online,5,25.87,0.1,116.42,Completed
102457,2024-01-12,225,14,North America,Online,1,61.81,0.0,61.81,Completed
103390,2024-01-12,196,15,North America,Retail,2,79.27,0.0,158.54,Completed
103445,2024-01-12,564,12,Europe,Online,4,99.19,0.0,396.76,Completed
103980,2024-01-12,324,17,Europe,Retail,1,448.64,0.15,381.34,Completed
105308,2024-01-12,538,13,North America,Online,4,25.02,0.0,100.08,Completed
105689,2024-01-12,80,17,Asia Pacific,Partner,1,443.61,0.0,443.61,Completed
106635,2024-01-12,587,15,North America,Partner,10,76.3,0.0,763.0,Completed
100159,2024-01-13,190,4,North America,Partner,2,1853.64,0.0,3707.28,Completed
100237,2024-01-13,542,10,Europe,Online,1,43.99,0.0,43.99,Completed
101484,2024-01-13,115,17,North America,Partner,1,454.82,0.0,454.82,Completed
102250,2024-01-13,347,12,Latin America,Retail,2,99.97,0.15,169.95,Completed
102994,2024-01-13,441,25,Latin America,Retail,1,100.05,0.1,90.04,Completed
105466,2024-01-13,561,8,North America,Online,1,1160.62,0.0,1160.62,Completed
105904,2024-01-13,368,19,Asia Pacific,Retail,2,95.23,0.0,190.46,Completed
106598,2024-01-13,206,13,North America,Online,4,25.39,0.0,101.56,Completed
106791,2024-01-13,96,14,Europe,Online,5,58.79,0.0,293.95,Completed
100427,2024-01-14,577,11,Latin America,Online,4,28.47,0.0,113.88,Returned
100695,2024-01-14,209,5,North America,Retail,1,445.38,0.0,445.38,Completed
101355,2024-01-14,52,20,North America,Online,6,188.12,0.0,1128.72,Completed
101858,2024-01-14,35,12,Europe,Online,4,98.28,0.15,334.15,Completed
102577,2024-01-14,346,18,Asia Pacific,Partner,6,779.18,0.15,3973.82,Completed
103383,2024-01-14,239,23,North America,Retail,3,129.28,0.0,387.84,Completed
103505,2024-01-14,548,18,North America,Partner,2,729.53,0.0,1459.06,Completed
104082,2024-01-14,281,10,North America,Online,2,44.1,0.1,79.38,Completed
104373,2024-01-14,521,1,Latin America,Online,1,1172.17,0.1,1054.95,Completed
104845,2024-01-14,542,15,Europe,Online,1,81.19,0.05,77.13,Completed
106906,2024-01-14,241,4,Asia Pacific,Online,1,2071.49,0.0,2071.49,Completed
106981,2024-01-14,580,13,North America,Retail,4,23.76,0.0,95.04,Completed
102512,2024-01-15,28,18,North America,Partner,2,733.19,0.0,1466.38,Completed
103521,2024-01-15,319,15,North America,Retail,4,77.9,0.0,311.6,Completed
100270,2024-01-16,363,10,North America,Online,3,46.37,0.05,132.15,Completed
101470,2024-01-16,430,7,Asia Pacific,Online,1,548.31,0.0,548.31,Completed
101588,2024-01-16,545,1,North America,Online,1,1193.05,0.1,1073.74,Completed
102214,2024-01-16,535,11,North America,Retail,4,28.9,0.1,104.04,Completed
104029,2024-01-16,341,16,North America,Retail,1,204.51,0.0,204.51,Completed
106681,2024-01-16,37,11,North America,Partner,1,31.14,0.15,26.47,Completed
100306,2024-01-17,459,10,Asia Pacific,Online,2,43.2,0.1,77.76,Completed
102005,2024-01-17,75,12,North America,Online,6,101.19,0.0,607.14,Completed
103016,2024-01-17,248,6,Europe,Partner,2,775.97,0.0,1551.94,Completed
103113,2024-01-17,267,3,North America,Online,2,1000.73,0.15,1701.24,Completed
104048,2024-01-17,419,15,North America,Online,15,80.16,0.0,1202.4,Completed
105275,2024-01-17,62,15,Europe,Online,12,83.34,,900.07,Returned
100571,2024-01-18,304,10,Europe,Online,16,44.02,0.0,704.32,Completed
101461,2024-01-18,196,17,North America,Online,2,465.02,0.0,930.04,Completed
103365,2024-01-18,475,18,North America,Partner,2,745.49,0.0,1490.98,Completed
103934,2024-01-18,207,16,North America,Online,1,198.19,0.1,178.37,Returned
104116,2024-01-18,145,2,Europe,Online,2,1465.45,0.0,2930.9,Completed
106526,2024-01-18,166,3,North America,Retail,2,1066.7,0.1,1920.06,Completed
106867,2024-01-18,361,17,Latin America,Partner,2,442.69,0.0,885.38,Completed
106925,2024-01-18,348,21,North America,Online,3,311.56,0.05,887.95,Completed
101146,2024-01-19,115,24,North America,Partner,3,58.73,0.0,176.19,Completed
101434,2024-01-19,532,6,Asia Pacific,Retail,2,799.25,0.0,1598.5,Completed
106755,2024-01-19,281,3,North America,Partner,1,1001.43,0.1,901.29,Completed
106847,2024-01-19,291,14,Asia Pacific,Partner,2,56.29,0.05,106.95,Completed
100274,2024-01-20,389,20,North America,Retail,1,174.73,0.05,165.99,Completed
100277,2024-01-20,192,21,North America,Retail,2,293.06,0.0,586.12,Returned
100536,2024-01-20,527,17,Middle East & Africa,Online,1,422.62,0.0,422.62,Completed
101901,2024-01-20,58,12,Europe,Online,4,97.2,0.05,369.36,Completed
101984,2024-01-20,437,21,North America,Online,1,286.1,0.0,286.1,Completed
102291,2024-01-20,465,8,Europe,Online,1,1087.28,0.0,1087.28,Completed
102598,2024-01-20,558,2,Europe,Partner,2,1565.65,0.0,3131.3,Completed
103960,2024-01-20,310,20,North America,Retail,2,184.62,0.15,313.85,Completed
104057,2024-01-20,132,5,Latin America,Online,1,441.05,0.0,441.05,Completed
104098,2024-01-20,497,20,Europe,Partner,2,181.07,0.0,362.14,Completed
100596,2024-01-21,384,11,Europe,Retail,1,28.61,0.0,28.61,Completed
100850,2024-01-21,594,13,Europe,Retail,1,24.63,0.15,20.94,Completed
103439,2024-01-21,10,12,Europe,Online,1,94.51,0.0,94.51,Completed
105049,2024-01-21,587,12,North America,Retail,8,101.43,0.0,811.44,Completed
105881,2024-01-21,52,13,North America,Retail,6,26.76,0.0,160.56,Completed
106466,2024-01-21,475,3,North America,Partner,1,972.81,0.15,826.89,Completed
100623,2024-01-22,206,2,North America,Online,1,1524.59,0.1,1372.13,Completed
101133,2024-01-22,34,12,North America,Online,5,98.31,0.05,466.97,Completed
101745,2024-01-22,465,11,Europe,Partner,3,27.67,0.0,83.01,Completed
101754,2024-01-22,477,20,Europe,Retail,1,182.29,0.0,182.29,Completed
101934,2024-01-22,117,10,Asia Pacific,Online,5,43.21,0.05,205.25,Completed
102243,2024-01-22,423,12,North America,Online,3,96.34,0.05,274.57,Completed
102525,2024-01-22,518,14,Asia Pacific,Retail,2,59.17,0.0,118.34,Completed
102753,2024-01-22,145,6,Europe,Retail,2,842.68,0.0,1685.36,Completed
101320,2024-01-23,192,12,North America,Online,4,95.36,0.0,381.44,Completed
101512,2024-01-23,589,11,North America,Online,4,27.85,0.05,105.83,Completed
101967,2024-01-23,101,8,Latin America,Partner,2,1130.62,0.0,2261.24,Completed
103200,2024-01-23,135,13,Europe,Partner,3,24.27,0.0,72.81,Completed
104290,2024-01-23,37,4,North America,Online,2,1915.64,0.05,3639.72,Completed
106555,2024-01-23,389,11,North America,Retail,2,27.26,0.1,49.07,Completed
106714,2024-01-23,31,17,Asia Pacific,Online,1,453.48,0.0,453.48,Completed
101431,2024-01-24,85,2,North America,Online,1,1472.07,0.1,1324.86,Completed
101843,2024-01-24,1,11,Asia Pacific,Online,2,28.86,0.0,57.72,Completed
104368,2024-01-24,540,11,Asia Pacific,Online,4,28.58,0.0,114.32,Completed
104948,2024-01-24,29,5,North America,Online,2,446.02,0.1,802.84,Completed
105930,2024-01-24,60,3,North America,Retail,2,986.62,0.0,1973.24,Completed
106883,2024-01-24,404,12,North America,Online,4,96.63,0.0,386.52,Completed
100864,2024-01-25,598,11,Europe,Online,3,28.19,0.15,71.88,Completed
102734,2024-01-25,266,15,North America,Retail,6,78.79,0.05,449.1,Completed
103476,2024-01-25,321,11,Latin America,Online,5,30.08,0.15,127.84,Completed
104268,2024-01-25,143,2,Latin America,Online,2,1519.49,0.15,2583.13,Completed
104505,2024-01-25,511,7,North America,Online,6,548.02,0.1,2959.31,Completed
104556,2024-01-25,475,12,North America,Online,3,101.74,0.0,305.22,Completed
104904,2024-01-25,231,13,North America,Online,2,24.83,0.0,49.66,Completed
106397,2024-01-25,417,22,North America,Retail,2,77.76,0.0,155.52,Completed
101872,2024-01-26,134,10,North America,Online,1,43.89,0.1,39.5,Returned
102097,2024-01-26,515,6,North America,Online,1,792.81,0.0,792.81,Completed
102298,2024-01-26,275,13,Asia Pacific,Partner,2,25.72,0.0,51.44,Completed
104185,2024-01-26,530,14,North America,Partner,1,58.7,0.05,55.76,Completed
104697,2024-01-26,297,6,Middle East & Africa,Partner,1,823.15,0.0,823.15,Returned
106236,2024-01-26,184,10,North America,Online,3,45.11,0.0,135.33,Completed
106305,2024-01-26,589,10,North America,Online,1,46.1,0.0,46.1,Completed
106663,2024-01-26,422,15,North America,Retail,1,79.74,0.1,71.77,Completed
106985,2024-01-26,117,12,Asia Pacific,Partner,2,90.46,0.1,162.83,Completed
100899,2024-01-27,348,3,North America,Online,10,962.1,0.0,9621.0,Completed
101147,2024-01-27,400,7,Europe,Retail,2,555.16,0.0,1110.32,Completed
101629,2024-01-27,570,1,Europe,Online,1,1201.72,0.05,1141.63,Completed
101728,2024-01-27,125,11,North America,Online,3,27.46,0.0,82.38,Completed
102398,2024-01-27,474,13,North America,Online,2,25.56,0.0,51.12,Completed
102851,2024-01-27,69,6,North America,Online,1,808.9,0.0,808.9,Completed
104691,2024-01-27,545,6,North America,,2,786.14,0.1,1415.05,Completed
104961,2024-01-27,138,11,Europe,Online,1,29.46,0.15,25.04,Completed
105077,2024-01-27,572,21,Asia Pacific,Online,2,298.39,0.15,507.26,Completed
105598,2024-01-27,212,20,Europe,Online,2,182.41,0.0,364.82,Completed
100958,2024-01-28,72,2,Europe,Partner,1,1546.38,0.05,1469.06,Completed
101645,2024-01-28,142,13,Europe,Partner,2,25.41,0.0,50.82,Completed
102496,2024-01-28,451,16,North America,Partner,2,203.83,0.05,387.28,Completed
102825,2024-01-28,36,8,North America,Online,1,1122.73,0.05,1066.59,Completed
106334,2024-01-28,134,13,North America,Partner,2,25.94,0.1,46.69,Completed
106703,2024-01-28,173,16,North America,Retail,2,200.92,0.15,341.56,Completed
100045,2024-01-29,47,21,Europe,Retail,2,305.52,0.1,549.94,Completed
102134,2024-01-29,440,14,Europe,Retail,4,56.66,0.1,203.98,Completed
103859,2024-01-29,470,8,Europe,Retail,1,1057.15,0.15,898.58,Completed
104839,2024-01-29,85,3,North America,Online,2,1015.57,0.1,1828.03,Completed
105061,2024-01-29,198,2,Latin America,Retail,2,1446.66,0.0,2893.32,Returned
100830,2024-01-30,522,12,North America,Partner,1,96.83,0.1,87.15,Completed
100877,2024-01-30,544,12,Middle East & Africa,Retail,2,97.09,0.0,194.18,Completed
101168,2024-01-30,435,19,North America,Online,1,98.44,0.15,83.67,Completed
102354,2024-01-30,422,24,North America,Online,2,60.11,0.0,120.22,Completed
102748,2024-01-30,552,24,North America,Retail,1,57.02,0.0,57.02,Completed
103590,2024-01-30,348,11,North America,Partner,20,30.16,0.0,603.2,Completed
104624,2024-01-30,452,6,Latin America,Retail,1,795.74,0.0,795.74,Completed
105404,2024-01-30,264,23,North America,Partner,5,133.43,0.05,633.79,Completed
105454,2024-01-30,274,13,Europe,Partner,5,24.88,0.15,105.74,Completed
101130,2024-01-31,217,7,North America,Online,2,522.08,0.0,1044.16,Completed
101188,2024-01-31,526,15,North America,Online,12,79.12,0.05,901.97,Completed
101720,2024-01-31,137,19,Middle East & Africa,,2,98.79,0.05,187.7,Completed
101784,2024-01-31,520,19,Asia Pacific,Partner,5,102.14,0.0,510.7,Completed
105963,2024-01-31,228,20,Europe,Online,2,172.96,0.15,294.03,Completed
102528,2024-02-01,85,20,North America,Retail,2,176.06,0.15,299.3,Completed
103827,2024-02-01,243,13,North America,Retail,1,25.62,0.1,23.06,Completed
106624,2024-02-01,273,6,North America,Online,2,745.02,0.0,1490.04,Completed
101959,2024-02-02,375,21,North America,Online,1,288.64,0.0,288.64,Completed
102563,2024-02-02,437,20,North America,Online,2,186.24,0.1,335.23,Completed
102618,2024-02-02,291,20,Asia Pacific,Online,2,176.15,0.05,334.68,Completed
103667,2024-02-02,576,17,Europe,Online,1,453.23,0.1,407.91,Completed
103794,2024-02-02,384,13,Europe,Online,2,24.64,0.0,49.28,Completed
106189,2024-02-02,290,10,North America,Online,4,44.13,0.15,150.04,Completed
106795,2024-02-02,367,4,Asia Pacific,Online,1,1983.8,0.1,1785.42,Completed
100015,2024-02-03,595,3,North America,Retail,1,1004.28,0.05,954.07,Completed
100895,2024-02-03,253,15,Europe,Online,3,80.21,0.1,216.57,Completed
101284,2024-02-03,352,12,North America,Online,5,100.35,0.0,501.75,Returned
105626,2024-02-03,393,15,Europe,Online,4,78.29,0.0,313.16,Completed
105871,2024-02-03,279,10,Latin America,Online,1,43.35,0.0,43.35,Completed
106777,2024-02-03,539,7,North America,Online,1,557.87,0.0,557.87,Completed
102677,2024-02-04,394,19,Asia Pacific,Retail,1,98.15,0.15,83.43,Completed
103919,2024-02-04,396,13,Europe,Partner,2,25.41,0.0,50.82,Completed
104938,2024-02-04,370,12,Latin America,Online,2,100.93,0.0,201.86,Completed
105676,2024-02-04,361,13,Latin America,Retail,5,25.33,0.05,120.32,Completed
106885,2024-02-04,120,11,Europe,Online,4,29.42,0.05,111.8,Completed
100854,2024-02-05,298,15,Asia Pacific,Retail,2,77.27,0.1,139.09,Completed
102048,2024-02-05,488,7,North America,Online,1,539.42,0.1,485.48,Completed
102179,2024-02-05,530,22,North America,Partner,2,74.89,0.0,149.78,Completed
103022,2024-02-05,425,10,Europe,Online,1,45.96,0.0,45.96,Completed
103189,2024-02-05,489,16,Europe,Retail,2,201.22,0.0,402.44,Completed
103832,2024-02-05,273,2,North America,Online,1,1538.4,0.0,1538.4,Completed
104423,2024-02-05,22,10,North America,Retail,4,43.55,0.05,165.49,Completed
104955,2024-02-05,407,10,North America,Retail,1,44.28,0.0,44.28,Completed
105050,2024-02-05,18,2,North America,Online,2,1474.31,0.0,2948.62,Completed
106296,2024-02-05,588,6,North America,Retail,1,830.88,0.15,706.25,Completed
106603,2024-02-05,375,12,North America,Retail,4,96.62,0.05,367.16,Completed
102870,2024-02-06,74,21,North America,Online,10,297.63,0.0,2976.3,Completed
104053,2024-02-06,587,4,North America,Partner,6,1948.7,0.15,9938.37,Completed
106258,2024-02-06,132,6,Latin America,Retail,2,772.41,0.0,1544.82,Completed
106480,2024-02-06,422,4,North America,Online,2,1983.35,0.0,3966.7,Completed
100265,2024-02-07,393,7,Europe,Online,2,568.85,0.0,1137.7,Completed
100783,2024-02-07,89,13,North America,Online,5,25.66,0.0,128.3,Completed
100894,2024-02-07,36,14,North America,Online,4,60.71,0.0,242.84,Completed
101376,2024-02-07,22,12,North America,Retail,4,92.49,0.0,369.96,Completed
102391,2024-02-07,70,4,Europe,Online,2,2035.57,0.0,4071.14,Completed
103687,2024-02-07,43,19,Asia Pacific,Retail,1,100.77,,90.69,Completed
105638,2024-02-07,404,4,North America,Retail,1,1982.01,0.15,1684.71,Completed
106765,2024-02-07,8,15,Asia Pacific,Retail,2,80.65,0.15,137.11,Completed
106983,2024-02-07,328,14,Europe,Partner,2,56.48,0.05,107.31,Completed
100213,2024-02-08,239,18,North America,Retail,2,779.53,0.05,1481.11,Completed
100402,2024-02-08,163,11,North America,Online,5,29.84,0.0,149.2,Completed
103358,2024-02-08,506,6,Asia Pacific,Retail,1,817.38,0.05,776.51,Completed
103485,2024-02-08,517,8,North America,Online,1,1112.88,0.05,1057.24,Completed
104403,2024-02-08,518,16,Asia Pacific,Retail,2,191.88,0.0,383.76,Completed
104794,2024-02-08,569,19,North America,Online,1,97.24,0.0,97.24,Completed
106322,2024-02-08,316,6,North America,Online,3,802.27,0.0,2406.81,Completed
100216,2024-02-09,135,12,Europe,Online,1,98.64,0.05,93.71,Completed
101579,2024-02-09,14,2,Asia Pacific,Partner,1,1487.05,0.0,1487.05,Completed
101790,2024-02-09,18,13,North America,Online,2,24.45,0.15,41.56,Completed
102098,2024-02-09,56,13,Asia Pacific,Retail,25,24.39,0.15,518.29,Completed
102144,2024-02-09,97,14,North America,Retail,4,60.72,0.05,230.74,Completed
104306,2024-02-09,207,4,North America,Retail,2,1906.84,0.1,3432.31,Completed
104431,2024-02-09,371,24,Asia Pacific,Retail,5,59.67,0.0,298.35,Completed
104542,2024-02-09,115,14,North America,Retail,4,59.33,0.05,225.45,Completed
106842,2024-02-09,451,2,North America,Online,1,1545.21,0.0,1545.21,Completed
101607,2024-02-10,36,6,North America,Online,2,817.91,0.0,1635.82,Completed
103949,2024-02-10,132,14,Latin America,Online,5,60.48,0.15,257.04,Completed
104041,2024-02-10,466,20,Asia Pacific,Online,2,174.96,0.1,314.93,Completed
100656,2024-02-11,518,11,Asia Pacific,Partner,5,29.42,0.0,147.1,Completed
100955,2024-02-11,171,4,North America,Retail,2,2072.17,0.15,3522.69,Completed
102075,2024-02-11,23,8,Middle East & Africa,Retail,1,1105.39,0.0,1105.39,Completed
105024,2024-02-11,42,10,Asia Pacific,Online,3,45.16,0.05,128.71,Completed
106737,2024-02-11,99,14,North America,Partner,5,58.24,0.0,291.2,Completed
106778,2024-02-11,562,13,North America,Online,3,25.93,0.0,77.79,Completed
106778,2024-02-11,562,13,North America,Online,3,25.93,0.0,77.79,Completed
100232,2024-02-12,475,11,North America,Online,5,29.29,0.0,146.45,Completed
100349,2024-02-12,218,13,North America,Online,1,25.37,0.0,25.37,Completed
100898,2024-02-12,416,13,North America,Online,4,26.14,0.1,94.1,Completed
101107,2024-02-12,399,3,Europe,Online,1,989.71,0.05,940.22,Completed
101535,2024-02-12,563,6,Asia Pacific,Online,2,790.44,0.0,1580.88,Completed
102192,2024-02-12,597,8,Asia Pacific,Online,1,1086.29,0.15,923.35,Completed
105237,2024-02-12,405,2,Middle East & Africa,Partner,1,1502.32,0.1,1352.09,Completed
105287,2024-02-12,204,11,North America,Online,5,28.63,0.05,135.99,Completed
105981,2024-02-12,80,8,Asia Pacific,Online,2,1069.57,0.0,2139.14,Completed
101090,2024-02-13,492,14,Europe,Online,1,58.51,0.0,58.51,Completed
101157,2024-02-13,403,10,Asia Pacific,Retail,4,45.29,0.0,181.16,Completed
101539,2024-02-13,13,24,Europe,Retail,5,58.16,0.05,276.26,Completed
101567,2024-02-13,284,12,North America,Online,2,96.13,0.0,192.26,Completed
103563,2024-02-13,478,14,Europe,Partner,5,58.9,0.0,294.5,Completed
103802,2024-02-13,437,12,North America,Online,2,97.73,0.0,195.46,Completed
106713,2024-02-13,572,13,Asia Pacific,Online,3,26.05,0.0,78.15,Completed
100100,2024-02-14,509,15,Europe,Partner,5,80.08,0.1,360.36,Completed
100152,2024-02-14,529,15,Asia Pacific,Partner,3,82.28,0.0,246.84,Completed
102501,2024-02-14,291,2,Asia Pacific,Retail,1,1435.31,0.15,1220.01,Completed
103606,2024-02-14,16,10,North America,Online,3,48.13,0.0,144.39,Completed
103902,2024-02-14,22,12,North America,Online,5,99.85,0.05,474.29,Completed
106800,2024-02-14,187,20,North America,Partner,1,186.79,0.15,158.77,Completed
101714,2024-02-15,310,21,North America,Online,2,285.06,0.0,570.12,Completed
102418,2024-02-15,2,13,Europe,Partner,3,26.13,0.0,78.39,Completed
102736,2024-02-15,23,18,Middle East & Africa,Online,2,731.98,0.1,1317.56,Completed
103956,2024-02-15,561,8,North America,Retail,1,1095.78,0.15,931.41,Completed
104476,2024-02-15,481,2,Europe,Online,2,1522.66,0.0,3045.32,Completed
105392,2024-02-15,53,11,Asia Pacific,Retail,5,28.87,0.0,144.35,Completed
105464,2024-02-15,310,8,North America,Online,1,1067.83,0.0,1067.83,Returned
106012,2024-02-15,258,13,North America,Online,3,25.22,0.15,64.31,Completed
106012,2024-02-15,258,13,North America,Online,3,25.22,0.15,64.31,Completed
106113,2024-02-15,541,12,Middle East & Africa,Retail,2,99.96,0.15,169.93,Completed
106485,2024-02-15,571,19,North America,Online,1,100.68,0.15,85.58,Completed
100276,2024-02-16,228,11,Europe,Online,4,28.39,0.0,113.56,Completed
101203,2024-02-16,85,7,North America,Retail,1,543.14,0.0,543.14,Completed
102361,2024-02-16,461,15,Europe,Online,2,79.5,0.05,151.05,Completed
103173,2024-02-16,597,11,Asia Pacific,Online,1,28.32,0.05,26.9,Completed
103581,2024-02-16,472,1,Europe,Online,1,1293.09,0.1,1163.78,Completed
104168,2024-02-16,266,18,North America,Online,10,747.2,0.05,7098.4,Completed
105101,2024-02-16,295,10,Asia Pacific,Online,6,44.14,0.0,264.84,Completed
106512,2024-02-16,347,15,Latin America,Retail,5,80.97,0.0,404.85,Cancelled
106552,2024-02-16,548,4,North America,Online,2,2054.06,0.15,3491.9,Completed
103650,2024-02-17,226,6,Latin America,Online,1,827.79,0.05,786.4,Completed
104415,2024-02-17,320,10,Latin America,Online,3,46.79,0.0,140.37,Completed
105098,2024-02-17,117,11,Asia Pacific,Online,3,30.05,0.0,90.15,Completed
100317,2024-02-18,315,10,North America,Online,1,45.88,0.15,39.0,Completed
100945,2024-02-18,545,10,North America,Online,2,47.83,0.05,90.88,Completed
101162,2024-02-18,514,12,North America,Retail,5,102.34,0.1,460.53,Returned
101737,2024-02-18,333,1,Asia Pacific,Online,3,1165.53,0.0,3496.59,Completed
102135,2024-02-18,347,7,Latin America,Online,1,538.09,0.0,538.09,Completed
102362,2024-02-18,241,2,Asia Pacific,Online,1,1510.76,0.1,1359.68,Completed
102670,2024-02-18,211,13,Asia Pacific,Partner,5,25.5,0.05,121.12,Returned
104771,2024-02-18,210,1,Europe,Online,1,1227.92,0.0,1227.92,Completed
105081,2024-02-18,561,6,North America,Partner,1,837.46,0.05,795.59,Completed
106001,2024-02-18,509,4,Europe,Online,2,1940.88,0.0,3881.76,Completed
106066,2024-02-18,320,20,Latin America,Online,2,185.98,0.0,371.96,Completed
106068,2024-02-18,100,2,Middle East & Africa,Online,2,1507.24,0.15,2562.31,Completed
102779,2024-02-19,587,16,North America,Retail,2,194.81,0.0,389.62,Cancelled
103887,2024-02-19,552,11,North America,Online,1,30.13,0.0,30.13,Completed
104386,2024-02-19,138,10,Europe,Retail,2,47.55,0.05,90.34,Completed
105383,2024-02-19,555,21,North America,Retail,1,296.62,0.05,281.79,Completed
105884,2024-02-19,100,19,Middle East & Africa,Online,1,103.64,0.1,93.28,Completed
106146,2024-02-19,348,1,North America,Retail,2,1222.98,0.15,2079.07,Completed
100081,2024-02-20,473,23,North America,Online,5,126.35,0.0,631.75,Completed
100575,2024-02-20,53,4,Asia Pacific,Online,2,2083.2,0.1,3749.76,Completed
101009,2024-02-20,211,17,Asia Pacific,Retail,2,462.55,0.0,925.1,Completed
101125,2024-02-20,215,6,Asia Pacific,Online,1,794.38,0.1,714.94,Completed
102187,2024-02-20,173,16,North America,Retail,1,193.27,0.15,164.28,Completed
102461,2024-02-20,481,14,Europe,Partner,4,60.23,0.0,240.92,Completed
102674,2024-02-20,22,18,North America,Partner,2,765.16,0.15,1300.77,Completed
103801,2024-02-20,368,15,Asia Pacific,Retail,1,75.72,0.0,75.72,Returned
103916,2024-02-20,475,8,North America,Retail,1,1100.54,0.0,1100.54,Completed
104139,2024-02-20,526,6,North America,Partner,2,779.13,0.1,1402.43,Completed
106291,2024-02-20,519,15,North America,Online,3,79.77,0.0,239.31,Completed
106567,2024-02-20,133,12,Europe,Retail,4,97.23,0.05,369.47,Completed
100929,2024-02-21,211,13,Asia Pacific,Online,5,25.03,0.0,125.15,Completed
102319,2024-02-21,346,14,Asia Pacific,Online,20,61.28,0.0,1225.6,Completed
102498,2024-02-21,23,15,Middle East & Africa,Retail,2,83.13,0.0,166.26,Completed
102617,2024-02-21,132,14,Latin America,Partner,5,60.28,0.1,271.26,Completed
102720,2024-02-21,193,2,North America,Online,1,1449.08,0.0,1449.08,Completed
103102,2024-02-21,341,15,North America,Retail,5,78.84,0.15,335.07,Completed
104037,2024-02-21,239,3,North America,Retail,1,1001.61,0.05,951.53,Completed
106325,2024-02-21,539,13,North America,Online,4,24.65,0.15,83.81,Completed
106952,2024-02-21,275,10,Asia Pacific,Retail,4,44.26,0.05,168.19,Completed
100141,2024-02-22,25,17,Asia Pacific,Partner,1,469.38,0.0,469.38,Completed
100780,2024-02-22,101,20,Latin America,Partner,2,202.24,0.0,404.48,Returned
100975,2024-02-22,282,1,North America,Online,2,1186.23,0.15,2016.59,Completed
102364,2024-02-22,356,18,Europe,Online,1,764.67,0.0,764.67,Completed
102413,2024-02-22,196,16,North America,Retail,2,202.33,0.15,343.96,Completed
103959,2024-02-22,148,13,Europe,Online,10,24.22,0.05,230.09,Completed
105137,2024-02-22,281,8,North America,Online,2,1081.69,0.0,2163.38,Completed
105341,2024-02-22,44,10,North America,Online,15,44.73,0.0,670.95,Completed
105447,2024-02-22,573,3,Europe,Online,2,1014.21,0.0,2028.42,Cancelled
101446,2024-02-23,239,14,North America,Online,4,58.08,0.15,197.47,Completed
101735,2024-02-23,472,10,Europe,Online,3,45.59,0.0,136.77,Completed
101844,2024-02-23,166,16,North America,Retail,1,199.55,0.0,199.55,Returned
103405,2024-02-23,573,16,Europe,Retail,1,206.42,0.0,206.42,Completed
103933,2024-02-23,473,11,North America,Online,5,28.64,0.0,143.2,Completed
104524,2024-02-23,400,13,Europe,Partner,5,25.39,0.1,114.26,Completed
105231,2024-02-23,382,24,Latin America,Online,15,61.03,0.1,823.91,Completed
105509,2024-02-23,164,1,North America,Retail,1,1164.25,0.0,1164.25,Completed
106231,2024-02-23,198,13,Latin America,Online,3,24.64,0.1,66.53,Completed
100140,2024-02-24,92,4,Asia Pacific,Retail,1,1990.5,0.0,1990.5,Completed
101533,2024-02-24,196,13,North America,Online,2,26.68,0.05,50.69,Completed
101734,2024-02-24,251,18,Asia Pacific,Online,6,758.56,0.0,4551.36,Completed
102709,2024-02-24,137,4,Middle East & Africa,Online,1,2073.02,,1865.72,Completed
102847,2024-02-24,365,7,Asia Pacific,Partner,2,544.14,0.05,1033.87,Completed
103825,2024-02-24,94,20,Europe,Online,2,190.03,0.0,380.06,Completed
104213,2024-02-24,155,14,North America,Partner,25,59.72,0.1,1343.7,Completed
104273,2024-02-24,273,7,North America,Online,2,537.65,0.0,1075.3,Completed
104649,2024-02-24,79,17,Europe,Retail,1,477.7,0.15,406.04,Completed
105306,2024-02-24,145,19,Europe,Partner,2,96.34,0.15,163.78,Completed
105567,2024-02-24,423,10,North America,Online,3,46.01,0.05,131.13,Completed
105783,2024-02-24,458,15,Europe,Retail,3,81.92,0.0,245.76,Completed
100290,2024-02-25,363,13,North America,Retail,5,25.59,0.15,108.76,Returned
101013,2024-02-25,469,12,North America,Retail,5,94.74,0.15,402.64,Completed
101344,2024-02-25,165,12,Europe,Online,1,101.1,0.05,96.04,Completed
101511,2024-02-25,85,3,North America,Partner,2,976.1,0.1,1756.98,Completed
101631,2024-02-25,310,12,North America,Online,4,99.78,,339.25,Completed
101939,2024-02-25,37,3,North America,Retail,2,1035.38,0.0,2070.76,Cancelled
102020,2024-02-25,417,7,North America,Online,2,547.45,0.15,930.67,Completed
104059,2024-02-25,211,14,Asia Pacific,Partner,2,58.92,0.05,111.95,Completed
105946,2024-02-25,145,12,Europe,Online,2,99.15,0.15,168.56,Completed
100321,2024-02-26,353,8,Europe,Online,2,1108.13,0.0,2216.26,Cancelled
101352,2024-02-26,363,13,North America,Online,1,24.51,0.0,24.51,Completed
101367,2024-02-26,239,5,North America,Retail,1,431.13,0.0,431.13,Returned
101866,2024-02-26,421,18,Asia Pacific,Online,2,736.74,0.15,1252.46,Completed
101973,2024-02-26,434,13,Asia Pacific,Online,4,25.25,0.05,95.95,Completed
102220,2024-02-26,407,6,North America,Online,2,802.02,0.15,1363.43,Completed
105116,2024-02-26,291,11,Asia Pacific,Online,1,29.27,0.0,29.27,Completed
105270,2024-02-26,138,4,Europe,Partner,2,1969.14,0.15,3347.54,Completed
102666,2024-02-27,473,10,North America,Online,4,46.23,0.1,166.43,Completed
103438,2024-02-27,211,8,Asia Pacific,Retail,1,1111.03,0.0,1111.03,Completed
104129,2024-02-27,466,1,Asia Pacific,Retail,2,1202.82,0.0,2405.64,Completed
105203,2024-02-27,218,8,North America,Online,1,1110.37,0.05,1054.85,Completed
105751,2024-02-27,321,10,Latin America,Retail,5,46.09,0.05,218.93,Completed
106964,2024-02-27,314,15,North America,Retail,4,80.47,0.05,305.79,Completed
100378,2024-02-28,429,20,North America,Retail,1,174.82,0.1,157.34,Completed
101160,2024-02-28,298,1,Asia Pacific,Retail,1,1225.34,0.0,1225.34,Completed
103411,2024-02-28,85,14,North America,Retail,4,60.58,0.1,218.09,Completed
103458,2024-02-28,206,1,North America,Retail,2,1199.89,0.05,2279.79,Completed
104190,2024-02-28,209,18,North America,Online,1,792.53,0.05,752.9,Completed
104811,2024-02-28,220,1,Europe,Online,2,1172.88,0.1,2111.18,Completed
104852,2024-02-28,100,8,Middle East & Africa,Partner,1,1123.94,0.05,1067.74,Completed
105544,2024-02-28,37,8,North America,Online,2,1154.51,0.0,2309.02,Completed
106986,2024-02-28,545,17,North America,Partner,1,452.94,0.0,452.94,Completed
101322,2024-02-29,211,4,Asia Pacific,Retail,1,2042.81,0.0,2042.81,Completed
102112,2024-02-29,244,12,Europe,Retail,8,97.89,0.0,783.12,Completed
105004,2024-02-29,461,7,Europe,Retail,1,531.4,0.05,504.83,Completed
100164,2024-03-01,348,18,North America,Partner,2,743.44,0.05,1412.54,Completed
101007,2024-03-01,137,19,Middle East & Africa,Online,2,92.22,0.0,184.44,Completed
101493,2024-03-01,234,14,Europe,Partner,1,60.09,0.05,57.09,Returned
103275,2024-03-01,254,12,North America,Online,3,101.58,0.05,289.5,Completed
104375,2024-03-01,459,20,Asia Pacific,Online,1,181.52,0.0,181.52,Completed
106232,2024-03-01,363,24,North America,Retail,5,59.57,0.0,297.85,Completed
100555,2024-03-02,399,8,Europe,Online,2,1074.51,0.1,1934.12,Completed
102411,2024-03-02,241,14,Asia Pacific,Partner,4,61.75,0.0,247.0,Completed
103493,2024-03-02,289,11,Europe,Online,4,29.95,0.15,101.83,Completed
104144,2024-03-02,475,11,North America,Online,5,27.5,0.0,137.5,Completed
104467,2024-03-02,28,14,North America,Online,3,58.07,0.0,174.21,Completed
100833,2024-03-03,369,13,North America,Retail,5,26.8,0.0,134.0,Completed
101154,2024-03-03,246,2,Latin America,Partner,1,1546.77,0.0,1546.77,Completed
101517,2024-03-03,48,14,North America,Partner,2,60.28,0.1,108.5,Completed
101710,2024-03-03,155,1,North America,Online,5,1194.41,0.0,5972.05,Completed
101727,2024-03-03,118,10,Asia Pacific,Partner,3,45.16,0.05,128.71,Completed
101796,2024-03-03,146,12,North America,Retail,20,99.85,0.15,1697.45,Completed
101993,2024-03-03,336,7,Europe,Partner,2,577.71,0.0,1155.42,Completed
102475,2024-03-03,235,21,Latin America,Online,1,287.62,0.0,287.62,Completed
103069,2024-03-03,381,10,Europe,Online,1,44.33,0.0,44.33,Completed
103133,2024-03-03,241,14,Asia Pacific,Partner,1,59.62,0.05,56.64,Completed
103397,2024-03-03,497,15,Europe,Online,3,78.77,0.1,212.68,Completed
104594,2024-03-03,482,13,North America,Partner,4,25.54,0.05,97.05,Completed
105796,2024-03-03,502,7,Latin America,Partner,1,547.21,0.1,492.49,Completed
100074,2024-03-04,179,1,Latin America,Online,1,1180.96,0.15,1003.82,Completed
101911,2024-03-04,357,16,Asia Pacific,Partner,1,191.54,0.05,181.96,Returned
101949,2024-03-04,578,11,Europe,Partner,2,27.99,0.15,47.58,Completed
103963,2024-03-04,13,1,Europe,Retail,1,1175.91,0.0,1175.91,Completed
105752,2024-03-04,334,10,Latin America,Online,10,46.12,0.0,461.2,Completed
105838,2024-03-04,572,12,Asia Pacific,Online,4,97.51,0.0,390.04,Completed
106702,2024-03-04,1,8,Asia Pacific,Retail,1,1124.44,0.0,1124.44,Cancelled
106793,2024-03-04,37,10,North America,Online,1,46.78,0.0,46.78,Completed
106927,2024-03-04,348,6,North America,Partner,3,773.48,0.05,2204.42,Completed
100235,2024-03-05,466,12,Asia Pacific,Online,3,95.09,0.05,271.01,Completed
100940,2024-03-05,138,1,Europe,Retail,1,1283.44,0.0,1283.44,Completed
101121,2024-03-05,13,14,Europe,Retail,2,56.23,0.15,95.59,Completed
101573,2024-03-05,432,6,Asia Pacific,Partner,1,790.15,0.0,790.15,Completed
103903,2024-03-05,192,3,North America,Retail,1,978.77,,978.77,Completed
104255,2024-03-05,65,15,Europe,Online,2,77.7,0.0,155.4,Completed
105076,2024-03-05,455,11,North America,Online,20,29.11,0.0,582.2,Returned
100096,2024-03-06,497,19,Europe,Online,1,97.92,0.15,83.23,Completed
101981,2024-03-06,181,8,Latin America,Partner,1,1026.02,0.0,1026.02,Completed
104626,2024-03-06,405,4,Middle East & Africa,Online,2,2015.7,0.1,3628.26,Completed
106069,2024-03-06,310,4,North America,Online,2,1931.12,0.0,3862.24,Completed
106753,2024-03-06,517,21,North America,Partner,1,294.24,0.1,264.82,Completed
101003,2024-03-07,251,14,Asia Pacific,Online,10,56.91,0.15,483.73,Completed
101494,2024-03-07,382,20,Latin America,Online,10,177.46,0.15,1508.41,Completed
101761,2024-03-07,386,13,Middle East & Africa,Retail,5,24.59,0.05,116.8,Completed
103415,2024-03-07,456,11,North America,Partner,1,29.39,0.1,26.45,Completed
103676,2024-03-07,212,4,Europe,Online,1,1888.71,0.1,1699.84,Completed
104823,2024-03-07,144,2,Europe,Online,2,1476.29,0.15,2509.69,Completed
106626,2024-03-07,388,10,Middle East & Africa,Online,2,43.02,0.05,81.74,Completed
100360,2024-03-08,385,10,North America,Online,2,46.51,0.0,93.02,Completed
100462,2024-03-08,223,17,Asia Pacific,Partner,1,468.35,0.0,468.35,Completed
100937,2024-03-08,528,10,Middle East & Africa,Online,5,43.06,0.0,215.3,Completed
101385,2024-03-08,469,14,North America,Online,1,59.91,0.0,59.91,Completed
102091,2024-03-08,216,8,Asia Pacific,Retail,2,1116.0,0.1,2008.8,Completed
102299,2024-03-08,171,14,North America,Retail,3,57.87,0.0,173.61,Completed
102634,2024-03-08,4,12,Asia Pacific,Online,4,96.3,0.0,385.2,Completed
103429,2024-03-08,173,8,North America,Online,1,1158.98,0.0,1158.98,Completed
104004,2024-03-08,79,11,Europe,Retail,2,30.37,0.05,57.7,Completed
104254,2024-03-08,243,4,North America,Online,1,1962.62,0.0,1962.62,Completed
105573,2024-03-08,156,3,Asia Pacific,Online,10,1018.59,0.0,10185.9,Completed
105955,2024-03-08,87,12,Asia Pacific,Retail,2,103.56,0.1,186.41,Completed
106176,2024-03-08,548,1,North America,Online,1,1222.49,0.05,1161.37,Cancelled
106191,2024-03-08,217,13,North America,Retail,2,24.21,0.1,43.58,Completed
104348,2024-03-09,530,10,North America,Online,4,45.43,0.0,181.72,Completed
104407,2024-03-09,523,20,North America,Online,2,179.43,0.0,358.86,Completed
104791,2024-03-09,576,2,Europe,Online,2,1589.26,0.05,3019.59,Completed
106096,2024-03-09,361,4,Latin America,Partner,2,1927.18,0.05,3661.64,Completed
106689,2024-03-09,559,3,Europe,Online,4,972.98,0.15,3308.13,Completed
100018,2024-03-10,369,6,North America,Online,1,808.52,0.0,808.52,Completed
100060,2024-03-10,323,6,North America,Online,2,818.44,0.1,1473.19,Completed
100145,2024-03-10,303,7,Europe,Retail,1,512.79,0.0,512.79,Completed
102055,2024-03-10,417,13,North America,Online,3,25.46,0.0,76.38,Completed
103374,2024-03-10,161,25,North America,Online,5,97.53,0.15,414.5,Completed
103782,2024-03-10,418,2,Asia Pacific,Online,5,1455.88,0.1,6551.46,Returned
104022,2024-03-10,138,11,Europe,Retail,5,29.81,0.0,149.05,Completed
104502,2024-03-10,572,15,Asia Pacific,Partner,4,78.53,0.1,282.71,Completed
100479,2024-03-11,219,7,Latin America,Online,2,572.34,0.05,1087.45,Completed
101026,2024-03-11,472,13,Europe,Retail,5,24.85,0.05,118.04,Completed
101742,2024-03-11,456,8,North America,Online,1,1122.84,0.0,1122.84,Completed
102780,2024-03-11,279,18,Latin America,Retail,1,743.54,0.0,743.54,Completed
103263,2024-03-11,404,1,North America,Online,2,1230.83,0.1,2215.49,Completed
103499,2024-03-11,226,2,Latin America,Online,1,1520.58,0.1,1368.52,Completed
103513,2024-03-11,284,6,North America,Retail,1,814.47,0.15,692.3,Completed
103645,2024-03-11,353,1,Europe,Partner,2,1225.42,0.05,2328.3,Returned
104465,2024-03-11,595,1,North America,Partner,2,1204.94,0.1,2168.89,Completed
104604,2024-03-11,100,17,Middle East & Africa,Retail,2,439.82,0.1,791.68,Completed
104610,2024-03-11,121,7,Europe,Retail,2,521.04,0.05,989.98,Completed
105253,2024-03-11,93,3,Europe,Partner,2,1011.67,0.15,1719.84,Returned
105276,2024-03-11,364,13,North America,Retail,3,24.41,0.05,69.57,Completed
105302,2024-03-11,465,17,Europe,Online,2,455.87,0.1,820.57,Completed
105698,2024-03-11,31,19,Asia Pacific,Partner,1,101.65,0.0,101.65,Completed
106112,2024-03-11,519,16,North America,Retail,2,204.65,0.0,409.3,Completed
100338,2024-03-12,142,8,Europe,Partner,2,1048.04,0.1,1886.47,Completed
101504,2024-03-12,544,16,Middle East & Africa,Online,2,205.8,0.0,411.6,Completed
102352,2024-03-12,320,3,Latin America,Retail,1,1022.89,0.1,920.6,Completed
103056,2024-03-12,301,13,Asia Pacific,Retail,2,25.94,0.05,49.29,Completed
104674,2024-03-12,358,7,Asia Pacific,Online,1,530.6,0.0,530.6,Cancelled
106926,2024-03-12,479,11,Europe,Online,1,28.03,0.1,25.23,Completed
101531,2024-03-13,211,15,Asia Pacific,Online,2,80.76,0.15,137.29,Completed
101854,2024-03-13,57,2,Europe,Online,2,1582.92,0.0,3165.84,Completed
102545,2024-03-13,118,14,Asia Pacific,Online,1,59.64,0.15,50.69,Completed
102788,2024-03-13,284,11,North America,Online,2,28.55,0.1,51.39,Completed
103201,2024-03-13,532,4,Asia Pacific,Online,2,1979.55,0.0,3959.1,Completed
103917,2024-03-13,437,15,North America,Online,2,75.64,0.15,128.59,Completed
104308,2024-03-13,229,12,Europe,Online,2,103.65,0.05,196.94,Completed
104714,2024-03-13,276,18,Europe,Partner,1,744.08,0.05,706.88,Completed
104905,2024-03-13,353,12,Europe,Retail,4,98.21,0.05,373.2,Completed
106319,2024-03-13,235,11,Latin America,Retail,4,28.94,0.05,109.97,Completed
106332,2024-03-13,573,18,Europe,Online,2,739.54,0.0,1479.08,Completed
100109,2024-03-14,513,9,North America,Retail,2,154.04,0.1,277.27,Completed
100302,2024-03-14,136,19,North America,Online,2,99.26,0.15,168.74,Completed
102612,2024-03-14,544,20,Middle East & Africa,Online,1,181.45,0.0,181.45,Completed
104172,2024-03-14,219,23,Latin America,Online,4,129.01,0.1,464.44,Completed
105105,2024-03-14,284,8,North America,Online,1,1098.67,0.0,1098.67,Completed
105147,2024-03-14,238,6,Asia Pacific,Online,2,792.64,0.15,1347.49,Completed
106581,2024-03-14,568,2,North America,Online,2,1438.38,0.0,2876.76,Returned
100513,2024-03-15,124,15,Europe,Online,1,75.0,0.05,71.25,Completed
100878,2024-03-15,477,10,Europe,Retail,1,45.25,0.0,45.25,Returned
101899,2024-03-15,517,13,North America,Online,3,25.07,,75.21,Completed
102090,2024-03-15,571,21,North America,Online,2,295.1,0.0,590.2,Completed
103817,2024-03-15,466,3,Asia Pacific,Retail,1,986.4,0.1,887.76,Completed
105672,2024-03-15,212,8,Europe,Online,1,1090.79,0.0,1090.79,Completed
200000,2024-03-15,542,12,Europe,Online,2,97.48,0.15,165.72,Completed
200001,2024-03-15,282,10,North America,Retail,1,46.28,0.15,39.34,Completed
200002,2024-03-15,33,8,North America,Online,1,1123.14,0.0,1123.14,Completed
200003,2024-03-15,587,24,North America,Partner,12,59.15,0.0,709.8,Completed
200004,2024-03-15,324,13,Europe,Retail,3,25.87,0.0,77.61,Completed
200005,2024-03-15,218,11,North America,Retail,5,28.23,0.0,141.15,Completed
200006,2024-03-15,204,16,North America,Online,1,208.27,0.0,208.27,Completed
200007,2024-03-15,241,21,Asia Pacific,Retail,2,295.74,0.15,502.76,Completed
200008,2024-03-15,561,10,North America,Retail,1,44.61,0.0,44.61,Completed
200009,2024-03-15,413,10,North America,Retail,1,44.65,0.05,42.42,Completed
200010,2024-03-15,251,7,Asia Pacific,Retail,238,544.91,0.0,129688.58,Completed
200011,2024-03-15,429,17,North America,Retail,2,440.04,0.0,880.08,Completed
200012,2024-03-15,400,12,Europe,Partner,1,99.2,0.15,84.32,Completed
200013,2024-03-15,560,11,Europe,Online,1,29.17,0.15,24.79,Completed
200014,2024-03-15,9,4,North America,Retail,1,2058.77,0.0,2058.77,Completed
200015,2024-03-15,165,7,Europe,Online,1,558.73,0.0,558.73,Returned
200016,2024-03-15,53,4,Asia Pacific,Online,2,2083.2,0.1,3749.76,Completed
200017,2024-03-15,347,12,Latin America,Online,5,101.9,0.0,509.5,Completed
200018,2024-03-15,518,3,Asia Pacific,Retail,1,975.12,0.1,877.61,Returned
200019,2024-03-15,589,8,North America,Partner,1,1111.94,0.0,1111.94,Completed
200020,2024-03-15,540,13,Asia Pacific,Partner,3,24.84,0.15,63.34,Completed
200021,2024-03-15,505,13,Europe,Online,3,25.19,0.0,75.57,Completed
200022,2024-03-15,427,4,North America,Retail,2,2059.97,0.0,4119.94,Completed
200023,2024-03-15,289,7,Europe,Retail,1,544.56,0.0,544.56,Completed
200024,2024-03-15,37,13,North America,Online,1,25.61,0.15,21.77,Completed
200025,2024-03-15,231,10,North America,Online,3,44.55,0.15,113.6,Completed
200026,2024-03-15,567,6,Asia Pacific,Partner,1,791.71,0.0,791.71,Completed
200027,2024-03-15,245,20,Europe,Online,3,177.94,0.15,453.75,Completed
200028,2024-03-15,538,1,North America,Online,1,1136.61,0.1,1022.95,Completed
200029,2024-03-15,336,11,Europe,Online,2,27.94,0.15,47.5,Completed
200030,2024-03-15,414,12,Latin America,Online,4,104.36,0.15,354.82,Completed
200031,2024-03-15,121,7,Europe,Retail,2,521.04,0.05,989.98,Completed
200032,2024-03-15,128,11,North America,Retail,4,28.66,0.05,108.91,Completed
200033,2024-03-15,358,13,Asia Pacific,Online,5,24.68,0.15,104.89,Completed
200034,2024-03-15,297,6,Middle East & Africa,Online,2,783.5,0.15,1331.95,Completed
200035,2024-03-15,580,4,North America,Online,2,1854.28,0.0,3708.56,Completed
200036,2024-03-15,246,14,Latin America,Online,5,58.8,0.15,249.9,Completed
200037,2024-03-15,161,15,North America,Partner,4,77.88,0.0,311.52,Returned
200038,2024-03-15,437,21,North America,Online,2,292.73,0.15,497.64,Completed
200039,2024-03-15,205,19,North America,Partner,2,99.47,0.0,198.94,Returned
200040,2024-03-15,218,8,North America,Retail,2,1078.93,0.15,1834.18,Completed
200041,2024-03-15,500,15,Europe,Online,2,75.29,0.05,143.05,Completed
200042,2024-03-15,538,14,North America,Partner,2,58.75,0.1,105.75,Completed
200043,2024-03-15,35,25,Europe,Retail,4,103.27,0.1,371.77,Completed
200044,2024-03-15,382,4,Latin America,Retail,4,1943.28,0.1,6995.81,Completed
200045,2024-03-15,364,16,North America,Online,2,210.12,0.05,399.23,Completed
200046,2024-03-15,211,10,Asia Pacific,Online,4,44.26,0.1,159.34,Completed
200047,2024-03-15,394,13,Asia Pacific,Online,2,24.44,0.0,48.88,Completed
200048,2024-03-15,238,2,Asia Pacific,Online,1,1388.77,0.15,1180.45,Completed
200049,2024-03-15,440,6,Europe,Online,2,829.96,0.0,1659.92,Completed
200050,2024-03-15,304,10,Europe,Online,16,44.02,0.0,704.32,Completed
200051,2024-03-15,259,1,North America,Retail,1,1202.37,0.0,1202.37,Completed
200052,2024-03-15,284,21,North America,Online,2,285.28,0.05,542.03,Completed
200053,2024-03-15,113,3,North America,Retail,8,1056.77,0.05,8031.45,Completed
200054,2024-03-15,190,11,North America,Online,1,29.6,0.0,29.6,Completed
200055,2024-03-15,532,4,Asia Pacific,Online,2,1979.55,0.0,3959.1,Completed
200056,2024-03-15,176,13,North America,Online,2,24.49,0.15,41.63,Completed
200057,2024-03-15,31,2,Asia Pacific,Online,2,1493.55,0.05,2837.74,Completed
200058,2024-03-15,118,6,Asia Pacific,Retail,2,836.94,0.0,1673.88,Completed
200059,2024-03-15,538,4,North America,Online,1,1792.02,,1792.02,Completed
200060,2024-03-15,314,14,North America,Online,4,58.72,0.15,199.65,Completed
200061,2024-03-15,145,2,Europe,Online,2,1465.45,0.0,2930.9,Completed
200062,2024-03-15,390,3,Latin America,Retail,4,1011.77,0.0,4047.08,Completed
200063,2024-03-15,105,16,Asia Pacific,Online,2,191.65,0.0,383.3,Completed
200064,2024-03-15,101,14,Latin America,Online,4,60.02,0.1,216.07,Cancelled
200065,2024-03-15,576,16,Europe,Retail,2,188.72,0.15,320.82,Completed
200066,2024-03-15,505,15,Europe,Retail,4,80.18,0.1,288.65,Completed
200067,2024-03-15,514,14,North America,Retail,4,59.91,0.0,239.64,Completed
200068,2024-03-15,209,6,North America,Online,1,757.18,0.15,643.6,Completed
200069,2024-03-15,162,12,Latin America,Online,5,100.73,0.0,503.65,Returned
101240,2024-03-16,78,4,Asia Pacific,Online,1,2024.06,0.0,2024.06,Cancelled
102017,2024-03-16,132,6,Latin America,Online,1,820.86,0.1,738.77,Completed
103293,2024-03-16,467,16,Europe,Online,2,202.1,,404.2,Completed
103729,2024-03-16,182,23,Latin America,Retail,2,125.98,0.0,251.96,Completed
104015,2024-03-16,477,13,Europe,Online,3,25.45,0.0,76.35,Completed
104769,2024-03-16,254,18,North America,Partner,1,726.26,0.15,617.32,Completed
104851,2024-03-16,218,13,North America,Partner,5,25.25,0.1,113.62,Completed
106183,2024-03-16,176,4,North America,Online,2,2019.43,0.0,4038.86,Completed
106517,2024-03-16,429,13,North America,Online,1,24.87,0.0,24.87,Completed
106570,2024-03-16,499,12,North America,Retail,1,96.74,0.0,96.74,Completed
101769,2024-03-17,550,11,Europe,Retail,2,29.65,0.05,56.33,Completed
102077,2024-03-17,70,6,Europe,Online,1,787.43,0.0,787.43,Completed
103305,2024-03-17,545,21,North America,Partner,1,301.94,0.0,301.94,Returned
103573,2024-03-17,253,2,Europe,Online,1,1420.39,0.15,1207.33,Completed
104973,2024-03-17,539,12,North America,Online,3,98.43,0.0,295.29,Completed
105491,2024-03-17,114,3,Europe,Partner,2,970.3,0.0,1940.6,Returned
106201,2024-03-17,102,10,Asia Pacific,Retail,2,45.3,0.0,90.6,Completed
100014,2024-03-18,421,6,Asia Pacific,Retail,1,811.87,0.0,811.87,Completed
100056,2024-03-18,400,1,Europe,Online,1,1142.46,0.05,1085.34,Completed
101527,2024-03-18,573,19,Europe,Retail,2,99.41,,198.82,Completed
101839,2024-03-18,118,14,Asia Pacific,Retail,3,58.29,0.0,174.87,Completed
103049,2024-03-18,102,10,Asia Pacific,Retail,4,45.03,0.0,180.12,Completed
103112,2024-03-18,251,2,Asia Pacific,Online,10,1471.71,0.1,13245.39,Completed
103698,2024-03-18,237,11,Europe,Online,10,28.33,0.15,240.8,Completed
104855,2024-03-18,249,2,North America,Retail,2,1440.09,0.05,2736.17,Completed
104946,2024-03-18,278,13,Europe,Partner,2,24.71,0.15,42.01,Completed
105001,2024-03-18,355,6,Europe,Retail,1,795.26,0.0,795.26,Completed
106239,2024-03-18,409,13,North America,Online,2,25.03,0.0,50.06,Completed
106337,2024-03-18,345,15,Asia Pacific,Online,1,78.75,0.15,66.94,Completed
101423,2024-03-19,422,11,North America,Online,2,29.14,0.0,58.28,Completed
101605,2024-03-19,462,12,North America,Online,20,97.15,0.15,1651.55,Completed
101752,2024-03-19,349,10,Europe,Online,3,44.17,0.0,132.51,Completed
104567,2024-03-19,176,3,North America,Online,1,1037.68,0.05,985.8,Completed
105056,2024-03-19,502,13,Latin America,Partner,2,25.83,0.1,46.49,Completed
100044,2024-03-20,291,1,Asia Pacific,Online,1,1235.67,0.0,1235.67,Completed
100388,2024-03-20,549,1,Asia Pacific,Retail,2,1247.46,0.0,2494.92,Completed
101685,2024-03-20,413,15,North America,Retail,2,81.2,0.0,162.4,Completed
101687,2024-03-20,62,15,Europe,Retail,6,76.46,0.15,389.95,Returned
103582,2024-03-20,222,8,Europe,Retail,2,1087.71,0.05,2066.65,Completed
105317,2024-03-20,218,8,North America,Retail,2,1016.95,0.0,2033.9,Completed
105774,2024-03-20,432,1,Asia Pacific,Online,2,1175.95,0.1,2116.71,Completed
105779,2024-03-20,209,3,North America,Online,1,1008.45,0.0,1008.45,Completed
105996,2024-03-20,400,1,Europe,Retail,1,1228.03,0.1,1105.23,Completed
106857,2024-03-20,215,10,Asia Pacific,Online,1,46.29,0.1,41.66,Completed
102419,2024-03-21,475,11,North America,Partner,5,29.71,0.1,133.7,Completed
105347,2024-03-21,278,15,Europe,Online,3,75.68,0.15,192.98,Completed
105389,2024-03-21,152,21,Latin America,Online,2,300.82,0.1,541.48,Completed
100727,2024-03-22,42,1,Asia Pacific,Retail,1,1189.78,0.0,1189.78,Completed
101294,2024-03-22,267,3,North America,Online,1,992.61,0.05,942.98,Completed
101962,2024-03-22,518,5,Asia Pacific,Online,2,457.11,0.1,822.8,Completed
104332,2024-03-22,356,6,Europe,Retail,2,822.22,0.1,1480.0,Returned
105005,2024-03-22,521,14,Latin America,Online,1,60.41,0.0,60.41,Completed
105475,2024-03-22,25,3,Asia Pacific,Retail,1,983.25,0.0,983.25,Completed
106692,2024-03-22,98,11,North America,Online,5,30.08,0.05,142.88,Completed
100151,2024-03-23,568,1,North America,Online,2,1233.46,0.15,2096.88,Completed
100566,2024-03-23,56,6,Asia Pacific,Partner,2,821.57,0.0,1643.14,Completed
101119,2024-03-23,348,6,North America,Partner,10,825.02,0.15,7012.67,Completed
102322,2024-03-23,229,6,Europe,Partner,1,758.47,0.0,758.47,Completed
102800,2024-03-23,86,6,North America,Retail,2,802.66,0.0,1605.32,Completed
104807,2024-03-23,136,3,North America,Retail,2,967.9,0.1,1742.22,Cancelled
101142,2024-03-24,124,18,Europe,Online,2,731.76,0.0,1463.52,Completed
101426,2024-03-24,32,24,Middle East & Africa,Retail,20,60.44,0.0,1208.8,Completed
101518,2024-03-24,58,11,Europe,Online,5,28.15,0.0,140.75,Completed
102356,2024-03-24,278,6,Europe,Online,1,770.15,0.0,770.15,Completed
103652,2024-03-24,330,7,North America,Online,2,538.02,0.15,914.63,Completed
105112,2024-03-24,174,10,Latin America,Online,2,44.1,0.1,79.38,Returned
105663,2024-03-24,422,3,North America,Retail,1,944.27,0.0,944.27,Completed
105922,2024-03-24,37,4,North America,Retail,1,2021.5,0.05,1920.42,Completed
100175,2024-03-25,118,10,Asia Pacific,Online,2,46.7,0.1,84.06,Completed
100913,2024-03-25,518,10,Asia Pacific,Online,2,42.76,0.0,85.52,Completed
101634,2024-03-25,573,11,Europe,Retail,1,28.9,0.0,28.9,Completed
103291,2024-03-25,414,12,Latin America,Online,2,99.42,0.0,198.84,Completed
103557,2024-03-25,536,20,North America,Online,1,181.75,0.05,172.66,Completed
104772,2024-03-25,12,3,Latin America,Retail,2,999.79,0.05,1899.6,Completed
105607,2024-03-25,116,3,Latin America,Online,1,916.91,0.0,916.91,Completed
106350,2024-03-25,457,15,Middle East & Africa,Online,20,80.33,0.0,1606.6,Completed
100689,2024-03-26,157,7,North America,Online,2,521.69,0.1,939.04,Completed
101509,2024-03-26,516,14,North America,Online,3,57.55,0.0,172.65,Completed
101653,2024-03-26,100,14,Middle East & Africa,Online,1,63.05,0.1,56.74,Completed
104863,2024-03-26,62,10,Europe,Online,15,46.22,0.1,623.97,Completed
104941,2024-03-26,92,8,Asia Pacific,Online,1,1049.53,0.05,997.05,Completed
105451,2024-03-26,243,13,North America,Online,2,25.29,0.0,50.58,Completed
105916,2024-03-26,290,3,North America,Online,1,963.69,0.15,819.14,Completed
105997,2024-03-26,381,11,Europe,Partner,1,29.45,0.0,29.45,Completed
106455,2024-03-26,525,12,North America,Online,2,98.95,0.0,197.9,Completed
100119,2024-03-27,159,10,Asia Pacific,Retail,3,44.62,0.05,127.17,Completed
100485,2024-03-27,118,4,Asia Pacific,Online,1,2056.79,0.15,1748.27,Completed
101616,2024-03-27,133,8,Europe,Retail,1,1043.22,0.15,886.74,Completed
103205,2024-03-27,172,14,Europe,Retail,6,55.64,0.1,300.46,Completed
104378,2024-03-27,423,4,North America,Online,2,2054.45,0.0,4108.9,Completed
104543,2024-03-27,48,14,North America,Online,2,58.63,0.0,117.26,Completed
104975,2024-03-27,193,3,North America,Retail,2,948.82,0.0,1897.64,Completed
105972,2024-03-27,475,15,North America,Partner,5,78.39,0.1,352.76,Completed
106608,2024-03-27,272,12,North America,Online,2,102.91,0.0,205.82,Completed
106938,2024-03-27,598,24,Europe,Online,1,58.96,0.15,50.12,Completed
100483,2024-03-28,156,12,Asia Pacific,Retail,8,99.13,0.0,793.04,Completed
100588,2024-03-28,349,14,Europe,Retail,3,57.65,0.0,172.95,Completed
100594,2024-03-28,56,1,Asia Pacific,Retail,3,1236.89,0.05,3525.14,Completed
100987,2024-03-28,280,19,Latin America,Retail,1,104.55,0.1,94.1,Completed
102218,2024-03-28,536,11,North America,Online,1,29.3,0.0,29.3,Completed
102657,2024-03-28,365,14,Asia Pacific,Retail,5,60.64,0.15,257.72,Completed
102658,2024-03-28,135,13,Europe,Retail,5,26.05,0.1,117.22,Completed
103142,2024-03-28,373,10,North America,Online,5,43.48,0.0,217.4,Completed
103274,2024-03-28,289,1,Europe,Partner,2,1184.43,0.15,2013.53,Completed
103378,2024-03-28,229,10,Europe,Online,4,45.05,0.0,180.2,Returned
103435,2024-03-28,214,7,Asia Pacific,Retail,2,529.65,0.15,900.4,Returned
104558,2024-03-28,399,16,Europe,Online,2,197.61,0.0,395.22,Completed
104987,2024-03-28,456,12,North America,Online,2,98.62,0.15,167.65,Completed
105649,2024-03-28,101,10,Latin America,Partner,2,42.78,0.0,85.56,Completed
106302,2024-03-28,118,13,Asia Pacific,Retail,3,24.85,0.1,67.1,Completed
106406,2024-03-28,186,3,Asia Pacific,Online,4,978.4,0.05,3717.92,Returned
106471,2024-03-28,583,10,North America,Retail,3,45.22,0.1,122.09,Completed
101922,2024-03-29,269,18,North America,Retail,1,785.06,0.05,745.81,Completed
101926,2024-03-29,160,13,Asia Pacific,Online,4,24.6,0.0,98.4,Completed
102130,2024-03-29,17,7,Europe,Retail,1,534.39,0.0,534.39,Completed
103145,2024-03-29,171,19,North America,Online,2,105.16,0.0,210.32,Completed
103312,2024-03-29,100,19,Middle East & Africa,Online,2,97.28,0.05,184.83,Completed
105083,2024-03-29,249,3,North America,Online,1,975.32,0.0,975.32,Completed
105145,2024-03-29,569,3,North America,Retail,1,1044.63,0.05,992.4,Completed
105260,2024-03-29,106,10,Asia Pacific,Online,2,43.48,0.0,86.96,Completed
106084,2024-03-29,310,6,North America,Partner,2,761.27,0.15,1294.16,Completed
106119,2024-03-29,87,10,Asia Pacific,Online,4,46.52,0.0,186.08,Completed
106148,2024-03-29,340,13,Latin America,Online,4,26.46,0.05,100.55,Completed
100097,2024-03-30,470,11,Europe,Retail,5,28.95,0.0,144.75,Completed
101073,2024-03-30,68,20,North America,Online,2,180.63,0.0,361.26,Completed
101793,2024-03-30,514,1,North America,Online,1,1226.51,0.0,1226.51,Completed
102420,2024-03-30,502,14,Latin America,Online,1,58.67,0.0,58.67,Completed
102725,2024-03-30,30,6,Asia Pacific,Online,1,802.52,0.1,722.27,Completed
105303,2024-03-30,336,16,Europe,Online,2,189.24,0.0,378.48,Completed
106026,2024-03-30,228,21,Europe,Retail,1,299.86,0.1,269.87,Completed
106060,2024-03-30,271,4,North America,Retail,2,2053.84,0.0,4107.68,Completed
100793,2024-03-31,207,24,North America,Online,3,58.51,0.05,166.75,Completed
100852,2024-03-31,239,12,North America,Online,3,100.08,0.0,300.24,Returned
101075,2024-03-31,350,17,North America,Retail,1,439.3,0.0,439.3,Completed
101152,2024-03-31,188,9,North America,Partner,2,144.2,0.15,245.14,Completed
101907,2024-03-31,565,6,Europe,Online,1,786.19,0.15,668.26,Completed
102169,2024-03-31,576,7,Europe,Online,1,562.41,0.15,478.05,Completed
103005,2024-03-31,110,20,Latin America,Partner,1,180.08,0.15,153.07,Completed
103536,2024-03-31,206,3,North America,Partner,1,999.8,,999.8,Completed
103701,2024-03-31,588,10,North America,Online,4,43.51,0.0,174.04,Completed
103969,2024-03-31,221,1,North America,Online,1,1208.31,0.1,1087.48,Returned
104620,2024-03-31,79,7,Europe,Partner,1,540.54,0.0,540.54,Completed
105737,2024-03-31,267,20,North America,Online,2,173.11,0.0,346.22,Completed
105762,2024-03-31,275,19,Asia Pacific,Retail,1,98.28,0.05,93.37,Completed
105965,2024-03-31,85,19,North America,Online,1,100.32,0.05,95.3,Completed
106993,2024-03-31,449,8,North America,Online,1,1069.5,0.05,1016.02,Completed
100333,2024-04-01,213,22,North America,Partner,2,78.51,0.0,157.02,Completed
100797,2024-04-01,180,17,Asia Pacific,Retail,2,417.25,0.0,834.5,Completed
102049,2024-04-01,414,14,Latin America,Online,1,58.01,0.15,49.31,Completed
102476,2024-04-01,564,14,Europe,Retail,2,57.96,0.05,110.12,Completed
102724,2024-04-01,292,3,North America,Retail,1,996.27,0.15,846.83,Completed
102888,2024-04-01,267,11,North America,Online,5,29.01,0.0,145.05,Completed
102901,2024-04-01,208,14,Asia Pacific,Retail,4,58.18,,232.72,Completed
103459,2024-04-01,467,21,Europe,Online,1,286.92,0.0,286.92,Completed
104793,2024-04-01,202,1,Middle East & Africa,Online,2,1250.81,0.0,2501.62,Completed
105185,2024-04-01,565,2,Europe,Online,1,1492.19,0.0,1492.19,Completed
105415,2024-04-01,352,18,North America,Online,2,758.07,0.0,1516.14,Completed
105417,2024-04-01,218,6,North America,Online,1,786.26,0.0,786.26,Completed
100007,2024-04-02,211,6,Asia Pacific,Partner,2,808.55,0.15,1374.54,Completed
100846,2024-04-02,112,20,North America,Retail,2,179.18,0.15,304.61,Completed
101776,2024-04-02,13,21,Europe,Partner,1,304.8,0.05,289.56,Completed
102696,2024-04-02,37,6,North America,Retail,1,769.92,0.0,769.92,Completed
104065,2024-04-02,554,12,Latin America,Retail,1,97.53,0.0,97.53,Returned
104396,2024-04-02,293,1,Latin America,Online,1,1200.63,0.1,1080.57,Completed
104399,2024-04-02,67,8,Europe,Retail,10,1094.69,0.15,9304.87,Completed
106432,2024-04-02,137,12,Middle East & Africa,Online,3,95.19,0.05,271.29,Returned
100172,2024-04-03,219,9,Latin America,Retail,2,152.59,0.0,305.18,Completed
100320,2024-04-03,571,12,North America,Partner,2,93.45,0.0,186.9,Completed
100468,2024-04-03,284,2,North America,Retail,2,1483.04,0.0,2966.08,Completed
100984,2024-04-03,295,15,Asia Pacific,Partner,15,78.87,0.0,1183.05,Completed
101032,2024-04-03,226,13,Latin America,Online,1,26.33,0.1,23.7,Completed
101829,2024-04-03,389,14,North America,Online,3,60.15,0.0,180.45,Completed
103206,2024-04-03,223,13,Asia Pacific,Online,2,25.14,0.05,47.77,Completed
103999,2024-04-03,184,17,North America,Online,2,437.65,0.0,875.3,Completed
104300,2024-04-03,280,12,Latin America,Online,1,99.31,0.05,94.34,Completed
105532,2024-04-03,564,17,Europe,Partner,1,460.83,0.1,414.75,Completed
106099,2024-04-03,74,8,North America,Retail,8,1117.35,0.0,8938.8,Completed
106564,2024-04-03,477,18,Europe,Online,2,799.5,0.0,1599.0,Completed
106699,2024-04-03,392,13,North America,Partner,2,23.91,0.1,43.04,Returned
100416,2024-04-04,180,10,Asia Pacific,Online,5,47.04,0.0,235.2,Returned
102126,2024-04-04,24,13,Latin America,Online,5,24.91,0.0,124.55,Completed
102653,2024-04-04,391,20,Europe,Partner,2,175.3,0.05,333.07,Completed
103803,2024-04-04,478,3,Europe,Online,2,1002.26,0.0,2004.52,Completed
104289,2024-04-04,301,1,Asia Pacific,Retail,2,1185.15,0.0,2370.3,Returned
104426,2024-04-04,370,15,Latin America,Online,5,77.3,0.0,386.5,Completed
104751,2024-04-04,580,12,North America,Retail,2,95.94,0.0,191.88,Cancelled
101052,2024-04-05,496,10,Europe,Online,5,44.86,0.0,224.3,Cancelled
101526,2024-04-05,327,8,Asia Pacific,Online,1,1065.3,0.0,1065.3,Completed
101703,2024-04-05,530,6,North America,Online,2,772.76,0.0,1545.52,Completed
104148,2024-04-05,386,4,Middle East & Africa,Partner,2,1994.28,0.0,3988.56,Completed
105601,2024-04-05,238,8,Asia Pacific,Partner,2,1130.46,0.0,2260.92,Completed
106395,2024-04-05,93,14,Europe,Retail,3,60.61,0.05,172.74,Cancelled
106912,2024-04-05,381,7,Europe,Retail,1,518.74,0.05,492.8,Returned
100227,2024-04-06,597,3,Asia Pacific,Retail,1,1019.72,0.1,917.75,Completed
100957,2024-04-06,125,11,North America,Online,1,28.25,0.0,28.25,Completed
101226,2024-04-06,3,12,Latin America,Retail,1,103.3,0.0,103.3,Completed
102822,2024-04-06,157,2,North America,Online,1,1542.33,0.0,1542.33,Completed
103525,2024-04-06,363,4,North America,Online,1,1962.92,,1962.92,Completed
103886,2024-04-06,181,8,Latin America,Online,2,1028.1,0.0,2056.2,Completed
104575,2024-04-06,405,1,Middle East & Africa,Retail,2,1230.4,0.15,2091.68,Completed
105591,2024-04-06,79,19,Europe,Online,2,100.6,0.0,201.2,Completed
106638,2024-04-06,114,10,Europe,Retail,2,46.9,0.0,93.8,Completed
106888,2024-04-06,463,6,Latin America,Retail,1,781.99,0.0,781.99,Completed
100842,2024-04-07,440,4,Europe,Online,1,1963.03,0.15,1668.58,Completed
101031,2024-04-07,290,16,North America,Online,2,201.7,0.05,383.23,Completed
101036,2024-04-07,583,11,North America,Online,3,28.8,0.05,82.08,Returned
101084,2024-04-07,231,3,North America,Partner,2,935.32,0.15,1590.04,Completed
101395,2024-04-07,560,14,Europe,Retail,2,60.52,0.0,121.04,Completed
102742,2024-04-07,596,12,North America,Online,9,99.16,0.0,892.44,Cancelled
102991,2024-04-07,521,4,Latin America,Retail,1,1973.72,0.0,1973.72,Completed
103240,2024-04-07,545,8,North America,Online,2,1080.09,0.1,1944.16,Completed
103762,2024-04-07,417,11,North America,Partner,4,28.2,0.1,101.52,Completed
104865,2024-04-07,598,10,Europe,Retail,2,44.09,0.0,88.18,Completed
106116,2024-04-07,30,7,Asia Pacific,Online,1,556.9,0.0,556.9,Completed
100122,2024-04-08,479,12,Europe,Online,3,97.54,0.1,263.36,Completed
100533,2024-04-08,147,10,North America,Online,1,46.25,0.05,43.94,Completed
100595,2024-04-08,284,11,North America,Retail,5,28.47,0.0,142.35,Completed
101413,2024-04-08,84,11,North America,Online,3,29.34,0.15,74.82,Completed
101467,2024-04-08,375,3,North America,Online,1,997.57,0.0,997.57,Completed
102701,2024-04-08,363,6,North America,Partner,1,821.03,0.0,821.03,Completed
104470,2024-04-08,560,20,Europe,Online,2,180.65,0.0,361.3,Completed
104538,2024-04-08,269,2,North America,Online,2,1430.66,0.0,2861.32,Completed
106259,2024-04-08,259,15,North America,Online,4,82.82,0.1,298.15,Completed
100258,2024-04-09,46,1,Asia Pacific,Retail,2,1276.99,0.0,2553.98,Completed
100859,2024-04-09,280,15,Latin America,Partner,4,80.07,0.05,304.27,Completed
100859,2024-04-09,280,15,Latin America,Partner,4,80.07,0.05,304.27,Completed
101080,2024-04-09,414,6,Latin America,Partner,2,815.86,0.1,1468.55,Cancelled
101615,2024-04-09,267,13,North America,Online,4,24.68,0.15,83.91,Completed
102840,2024-04-09,97,6,North America,Retail,2,766.58,0.0,1533.16,Completed
103404,2024-04-09,511,6,North America,Online,2,796.25,0.0,1592.5,Completed
103823,2024-04-09,209,10,North America,Retail,2,45.75,0.0,91.5,Completed
104566,2024-04-09,404,15,North America,Online,3,80.35,0.15,204.89,Completed
105360,2024-04-09,157,9,North America,Online,2,139.76,0.0,279.52,Completed
105633,2024-04-09,591,12,Latin America,Partner,2,100.48,0.05,190.91,Completed
106369,2024-04-09,466,16,Asia Pacific,Retail,1,206.25,0.0,206.25,Returned
106797,2024-04-09,482,14,North America,Online,5,59.51,0.0,297.55,Completed
106997,2024-04-09,104,8,Middle East & Africa,Online,2,1085.94,0.05,2063.29,Completed
103840,2024-04-10,497,12,Europe,Online,5,97.1,0.1,436.95,Completed
105942,2024-04-10,289,10,Europe,Online,1,45.06,0.0,45.06,Completed
105982,2024-04-10,23,4,Middle East & Africa,Retail,1,1987.62,0.0,1987.62,Completed
105990,2024-04-10,492,14,Europe,Online,3,59.14,0.0,177.42,Completed
100510,2024-04-11,532,14,Asia Pacific,Retail,1,56.43,0.1,50.79,Completed
101106,2024-04-11,334,1,Latin America,Online,4,1239.77,0.05,4711.13,Completed
101411,2024-04-11,238,8,Asia Pacific,Retail,1,1107.72,0.0,1107.72,Completed
101815,2024-04-11,85,11,North America,Retail,2,29.13,0.0,58.26,Completed
102036,2024-04-11,95,6,North America,Online,1,768.98,0.0,768.98,Completed
102315,2024-04-11,477,21,Europe,Retail,1,300.78,0.0,300.78,Completed
103444,2024-04-11,340,21,Latin America,Online,2,291.71,0.15,495.91,Completed
104472,2024-04-11,250,12,Europe,Online,4,101.04,0.1,363.74,Completed
104570,2024-04-11,471,10,Europe,Partner,5,45.41,0.0,227.05,Completed
104708,2024-04-11,241,8,Asia Pacific,Online,1,1063.53,0.05,1010.35,Completed
105860,2024-04-11,137,7,Middle East & Africa,Retail,2,549.08,0.0,1098.16,Returned
105928,2024-04-11,207,17,North America,Online,1,450.34,0.05,427.82,Completed
106345,2024-04-11,396,17,Europe,Online,1,454.15,0.0,454.15,Completed
106434,2024-04-11,223,19,Asia Pacific,Retail,2,95.73,0.0,191.46,Completed
106718,2024-04-11,34,3,North America,Retail,1,1047.9,0.15,890.72,Completed
101943,2024-04-12,380,1,Asia Pacific,Partner,6,1189.21,0.1,6421.73,Completed
103187,2024-04-12,440,2,Europe,Online,1,1451.6,0.0,1451.6,Completed
103603,2024-04-12,441,6,Latin America,Online,2,803.97,0.15,1366.75,Completed
104074,2024-04-12,145,10,Europe,Retail,2,46.45,0.0,92.9,Completed
104841,2024-04-12,218,15,North America,Online,2,80.37,0.05,152.7,Completed
106107,2024-04-12,355,14,Europe,Online,5,59.91,0.05,284.57,Completed
100624,2024-04-13,206,23,North America,Online,1,125.17,0.1,112.65,Completed
101102,2024-04-13,462,8,North America,Online,3,1104.83,0.1,2983.04,Completed
102368,2024-04-13,115,6,North America,Online,2,804.74,0.15,1368.06,Completed
103120,2024-04-13,231,3,North America,Online,1,975.48,0.0,975.48,Completed
103195,2024-04-13,431,6,Latin America,Partner,1,816.03,0.1,734.43,Completed
103658,2024-04-13,273,6,North America,Retail,1,786.02,0.0,786.02,Completed
103764,2024-04-13,1,15,Asia Pacific,Online,2,77.23,0.15,131.29,Returned
104763,2024-04-13,572,10,Asia Pacific,Online,3,45.11,0.1,121.8,Completed
106582,2024-04-13,478,14,Europe,Online,2,59.91,0.05,113.83,Completed
106904,2024-04-13,91,2,North America,Partner,2,1495.15,0.1,2691.27,Completed
100046,2024-04-14,145,12,Europe,Partner,4,102.08,0.0,408.32,Completed
100225,2024-04-14,497,8,Europe,Partner,1,1069.52,0.15,909.09,Completed
101278,2024-04-14,218,6,North America,Online,1,825.7,0.1,743.13,Completed
102506,2024-04-14,393,17,Europe,Partner,1,453.67,0.0,453.67,Completed
103595,2024-04-14,497,5,Europe,Retail,1,457.12,0.0,457.12,Completed
104703,2024-04-14,104,4,Middle East & Africa,Online,1,2016.45,0.15,1713.98,Returned
105778,2024-04-14,87,6,Asia Pacific,Online,1,824.74,0.0,824.74,Completed
106217,2024-04-14,530,23,North America,Online,3,129.22,0.0,387.66,Completed
106914,2024-04-14,493,6,Asia Pacific,Online,1,775.75,0.15,659.39,Completed
102790,2024-04-15,193,15,North America,Online,5,79.42,0.15,337.54,Completed
103079,2024-04-15,267,10,North America,Online,3,46.08,0.0,138.24,Completed
103683,2024-04-15,151,15,Asia Pacific,Partner,4,80.48,0.0,321.92,Completed
105062,2024-04-15,1,7,Asia Pacific,Online,2,562.1,0.0,1124.2,Completed
105239,2024-04-15,564,6,Europe,Online,2,778.25,0.0,1556.5,Completed
100569,2024-04-16,538,14,North America,Partner,2,58.75,0.1,105.75,Completed
101303,2024-04-16,521,19,Latin America,Online,2,99.46,,198.92,Completed
101333,2024-04-16,297,10,Middle East & Africa,Online,1,43.78,0.1,39.4,Completed
101678,2024-04-16,118,1,Asia Pacific,Online,2,1243.05,0.0,2486.1,Completed
102259,2024-04-16,466,13,Asia Pacific,Retail,3,26.69,0.0,80.07,Returned
103052,2024-04-16,40,14,Asia Pacific,Retail,4,61.27,0.15,208.32,Completed
103199,2024-04-16,463,14,Latin America,Retail,4,62.02,0.0,248.08,Completed
104425,2024-04-16,114,14,Europe,Retail,4,60.58,0.1,218.09,Completed
104533,2024-04-16,267,21,North America,Online,2,294.88,0.0,589.76,Completed
104692,2024-04-16,340,10,Latin America,Retail,5,44.49,0.1,200.2,Completed
104889,2024-04-16,298,14,Asia Pacific,Online,3,59.94,0.0,179.82,Completed
105204,2024-04-16,166,11,North America,Partner,4,27.55,0.1,99.18,Completed
105753,2024-04-16,543,8,Asia Pacific,Online,2,1135.17,0.1,2043.31,Completed
105818,2024-04-16,462,17,North America,Retail,5,425.23,0.0,2126.15,Completed
106975,2024-04-16,497,6,Europe,Retail,2,801.15,0.0,1602.3,Completed
100243,2024-04-17,191,3,Latin America,Online,1,1025.53,0.0,1025.53,Completed
100269,2024-04-17,253,11,Europe,Online,4,29.99,0.15,101.97,Completed
100340,2024-04-17,599,7,Middle East & Africa,Partner,2,558.11,0.0,1116.22,Completed
101270,2024-04-17,398,14,North America,Retail,2,55.33,0.1,99.59,Completed
102035,2024-04-17,29,12,North America,Retail,10,95.74,0.05,909.53,Completed
102170,2024-04-17,516,10,North America,Retail,2,45.52,0.15,77.38,Completed
104040,2024-04-17,347,15,Latin America,Online,4,79.92,0.1,287.71,Completed
104110,2024-04-17,538,11,North America,Partner,4,27.81,0.0,111.24,Completed
104167,2024-04-17,70,11,Europe,Online,1,29.52,0.0,29.52,Completed
104954,2024-04-17,138,13,Europe,,2,23.32,0.0,46.64,Completed
105008,2024-04-17,358,15,Asia Pacific,Partner,5,77.46,0.05,367.93,Completed
105524,2024-04-17,55,12,Asia Pacific,Online,5,97.2,0.0,486.0,Completed
102877,2024-04-18,169,11,North America,Online,4,29.9,0.15,101.66,Returned
104563,2024-04-18,455,6,North America,Retail,3,779.71,0.0,2339.13,Completed
105234,2024-04-18,253,21,Europe,Online,2,306.18,0.0,612.36,Completed
105657,2024-04-18,530,4,North America,Retail,1,2045.34,0.0,2045.34,Completed
105976,2024-04-18,395,11,North America,Retail,5,29.56,0.0,147.8,Completed
106946,2024-04-18,328,19,Europe,Partner,1,98.89,0.0,98.89,Completed
103278,2024-04-19,295,19,Asia Pacific,Online,4,99.12,0.15,337.01,Completed
104330,2024-04-19,334,2,Latin America,Retail,10,1541.19,0.15,13100.12,Completed
104754,2024-04-19,235,12,Latin America,Retail,5,95.86,0.0,479.3,Completed
105300,2024-04-19,181,12,Latin America,Partner,1,92.85,0.0,92.85,Completed
105422,2024-04-19,25,13,Asia Pacific,Retail,2,25.71,0.15,43.71,Completed
105684,2024-04-19,358,20,Asia Pacific,Online,2,171.13,0.15,290.92,Completed
105722,2024-04-19,178,1,Middle East & Africa,Online,4,1189.7,0.0,4758.8,Completed
106764,2024-04-19,576,10,Europe,Online,5,43.1,0.0,215.5,Completed
106939,2024-04-19,522,7,North America,Online,1,553.31,0.05,525.64,Completed
100396,2024-04-20,184,7,North America,Online,1,555.5,0.05,527.72,Completed
100893,2024-04-20,514,14,North America,Retail,4,59.91,0.0,239.64,Completed
101334,2024-04-20,152,12,Latin America,Online,4,99.31,0.1,357.52,Completed
102265,2024-04-20,188,6,North America,Retail,2,796.33,0.05,1513.03,Completed
102410,2024-04-20,334,21,Latin America,Online,8,303.63,0.05,2307.59,Completed
103928,2024-04-20,145,7,Europe,Partner,2,579.29,0.0,1158.58,Completed
104103,2024-04-20,127,21,North America,Online,1,304.03,0.15,258.43,Completed
104234,2024-04-20,465,8,Europe,Retail,2,1125.88,0.0,2251.76,Completed
101583,2024-04-21,284,14,North America,Online,4,56.67,0.1,204.01,Returned
101755,2024-04-21,386,15,Middle East & Africa,Online,3,79.26,0.05,225.89,Cancelled
102682,2024-04-21,291,16,Asia Pacific,Online,1,201.86,0.1,181.67,Completed
103247,2024-04-21,113,11,North America,Retail,16,30.48,0.0,487.68,Completed
103597,2024-04-21,210,12,Europe,Online,2,101.95,0.0,203.9,Completed
105453,2024-04-21,415,4,North America,Partner,10,2003.91,0.0,20039.1,Completed
106652,2024-04-21,23,15,Middle East & Africa,Partner,1,78.39,0.0,78.39,Completed
100275,2024-04-22,429,20,North America,Partner,2,174.95,0.0,349.9,Completed
100284,2024-04-22,476,10,North America,Retail,4,44.1,0.0,176.4,Completed
101990,2024-04-22,475,18,North America,Partner,2,744.2,0.05,1413.98,Completed
102575,2024-04-22,390,10,Latin America,Online,4,43.67,0.0,174.68,Returned
102944,2024-04-22,393,9,Europe,Online,1,153.4,0.15,130.39,Completed
103457,2024-04-22,526,14,North America,Online,10,61.58,0.0,615.8,Completed
104394,2024-04-22,499,8,North America,Online,2,1168.03,0.0,2336.06,Completed
105717,2024-04-22,205,15,North America,Online,4,79.81,0.0,319.24,Returned
100049,2024-04-23,273,8,North America,Partner,2,1087.76,0.0,2175.52,Completed
102896,2024-04-23,171,15,North America,Online,3,74.75,0.1,201.82,Completed
104228,2024-04-23,417,19,North America,Online,1,100.4,0.0,100.4,Completed
104372,2024-04-23,218,11,North America,Online,1,27.26,0.0,27.26,Completed
104659,2024-04-23,241,2,Asia Pacific,Retail,2,1501.0,0.0,3002.0,Completed
105110,2024-04-23,43,18,Asia Pacific,Retail,1,757.12,0.0,757.12,Completed
105346,2024-04-23,353,1,Europe,Partner,2,1173.17,0.15,1994.39,Completed
105746,2024-04-23,589,1,North America,Online,2,1121.29,0.0,2242.58,Completed
105988,2024-04-23,241,15,Asia Pacific,Retail,4,77.13,0.05,293.09,Completed
100050,2024-04-24,356,16,Europe,Retail,2,204.89,0.15,348.31,Completed
100963,2024-04-24,56,13,Asia Pacific,Retail,10,24.18,0.0,241.8,Completed
102058,2024-04-24,505,13,Europe,Retail,5,25.46,0.0,127.3,Returned
102384,2024-04-24,218,11,North America,Retail,2,29.47,0.05,55.99,Completed
102474,2024-04-24,316,8,North America,Partner,4,1071.73,0.1,3858.23,Completed
102862,2024-04-24,497,8,Europe,Partner,1,1126.51,0.0,1126.51,Completed
103193,2024-04-24,82,11,Europe,Retail,2,29.03,0.0,58.06,Completed
103284,2024-04-24,325,19,Asia Pacific,Online,1,96.37,0.1,86.73,Completed
104712,2024-04-24,189,13,Asia Pacific,Partner,8,25.61,0.05,194.64,Completed
105296,2024-04-24,420,12,Latin America,Online,3,94.63,0.15,241.31,Completed
105497,2024-04-24,429,17,North America,Online,1,460.28,0.15,391.24,Completed
105934,2024-04-24,528,7,Middle East & Africa,Retail,2,543.16,0.0,1086.32,Completed
106181,2024-04-24,463,10,Latin America,Retail,5,42.9,0.15,182.32,Completed
100033,2024-04-25,284,20,North America,Online,1,178.96,0.0,178.96,Completed
100136,2024-04-25,161,21,North America,Online,1,283.15,0.0,283.15,Completed
101532,2024-04-25,233,6,Middle East & Africa,Retail,1,777.38,0.0,777.38,Completed
101664,2024-04-25,284,16,North America,Online,1,199.97,0.1,179.97,Completed
104100,2024-04-25,271,15,North America,Online,3,77.0,0.15,196.35,Completed
104761,2024-04-25,221,7,North America,Online,1,553.41,0.0,553.41,Completed
106413,2024-04-25,591,1,Latin America,Partner,1,1229.26,0.0,1229.26,Completed
100037,2024-04-26,417,13,North America,Online,5,26.68,0.0,133.4,Completed
100446,2024-04-26,230,10,North America,Online,2,45.53,0.0,91.06,Returned
104138,2024-04-26,249,17,North America,Online,1,442.6,0.1,398.34,Completed
105610,2024-04-26,62,18,Europe,Retail,4,751.02,0.15,2553.47,Completed
106734,2024-04-26,280,2,Latin America,Online,1,1574.65,0.0,1574.65,Returned
100528,2024-04-27,290,1,North America,Online,2,1191.77,0.0,2383.54,Completed
101091,2024-04-27,223,8,Asia Pacific,Online,1,1162.34,0.0,1162.34,Returned
101235,2024-04-27,350,10,North America,Online,5,46.39,0.1,208.76,Completed
101898,2024-04-27,461,18,Europe,Online,1,761.79,0.0,761.79,Completed
101968,2024-04-27,478,7,Europe,Retail,2,535.48,0.05,1017.41,Returned
102111,2024-04-27,233,14,Middle East & Africa,Online,2,60.87,0.05,115.65,Completed
103492,2024-04-27,478,21,Europe,Online,2,311.19,0.0,622.38,Returned
104109,2024-04-27,176,19,North America,Online,2,96.45,0.0,192.9,Completed
105009,2024-04-27,146,2,North America,Online,6,1560.09,0.0,9360.54,Completed
105412,2024-04-27,252,17,Latin America,Retail,1,416.43,0.05,395.61,Completed
105469,2024-04-27,134,18,North America,Online,1,745.83,0.15,633.96,Completed
105656,2024-04-27,248,3,Europe,Retail,2,1044.27,0.15,1775.26,Completed
106003,2024-04-27,192,1,North America,Retail,1,1140.08,0.1,1026.07,Completed
100526,2024-04-28,577,20,Latin America,Online,2,172.13,0.1,309.83,Completed
100607,2024-04-28,274,18,Europe,Online,2,752.61,0.1,1354.7,Completed
100814,2024-04-28,252,10,Latin America,Retail,1,41.89,0.15,35.61,Completed
100948,2024-04-28,176,2,North America,Online,1,1415.85,0.15,1203.47,Completed
101717,2024-04-28,595,2,North America,Online,2,1427.94,0.0,2855.88,Completed
101894,2024-04-28,324,14,Europe,Online,1,60.69,0.0,60.69,Completed
101975,2024-04-28,467,16,Europe,Online,2,206.53,0.0,413.06,Completed
102318,2024-04-28,437,13,North America,Online,5,25.05,0.15,106.46,Returned
102758,2024-04-28,281,20,North America,Online,2,179.65,0.15,305.41,Completed
100069,2024-04-29,290,11,North America,Online,4,28.65,0.15,97.41,Completed
101697,2024-04-29,481,13,Europe,Partner,1,24.77,0.15,21.05,Completed
103110,2024-04-29,253,12,Europe,Partner,4,100.23,0.15,340.78,Completed
103253,2024-04-29,211,12,Asia Pacific,Online,1,101.01,0.0,101.01,Completed
104362,2024-04-29,260,19,Europe,Online,1,95.17,0.0,95.17,Completed
105630,2024-04-29,565,15,Europe,Online,1,83.25,0.0,83.25,Returned
105631,2024-04-29,407,17,North America,Online,2,425.84,0.0,851.68,Completed
106448,2024-04-29,445,20,North America,Online,2,185.77,0.1,334.39,Completed
100064,2024-04-30,258,11,North America,Retail,5,27.49,0.0,137.45,Completed
100564,2024-04-30,471,15,Europe,Online,1,80.1,0.15,68.08,Completed
101138,2024-04-30,10,4,Europe,Retail,1,1965.15,0.15,1670.38,Completed
102025,2024-04-30,93,19,Europe,Online,1,98.39,0.15,83.63,Completed
102629,2024-04-30,309,8,North America,Online,1,1100.31,0.0,1100.31,Returned
105773,2024-04-30,592,3,Europe,Partner,1,1035.35,0.0,1035.35,Completed
105804,2024-04-30,437,4,North America,Online,2,2112.05,0.0,4224.1,Completed
105882,2024-04-30,30,11,Asia Pacific,Retail,3,30.16,0.15,76.91,Returned
106030,2024-04-30,236,4,Asia Pacific,Online,2,1946.1,0.0,3892.2,Completed
106396,2024-04-30,31,4,Asia Pacific,Partner,1,2090.73,0.05,1986.19,Completed
100068,2024-05-01,192,14,North America,Online,5,58.39,0.15,248.16,Completed
100531,2024-05-01,558,17,Europe,Online,1,455.0,0.0,455.0,Completed
100602,2024-05-01,309,7,North America,Online,2,552.08,0.0,1104.16,Completed
101556,2024-05-01,548,13,North America,Online,2,25.5,0.0,51.0,Completed
102431,2024-05-01,435,1,North America,Online,1,1201.15,0.05,1141.09,Completed
103516,2024-05-01,420,2,Latin America,Online,1,1478.18,0.0,1478.18,Completed
103542,2024-05-01,510,15,North America,Online,4,80.34,0.1,289.22,Completed
103873,2024-05-01,204,19,North America,Online,1,98.11,0.0,98.11,Completed
104283,2024-05-01,193,10,North America,Retail,1,42.86,0.1,38.57,Completed
104520,2024-05-01,386,20,Middle East & Africa,Online,2,182.28,0.1,328.1,Completed
106846,2024-05-01,49,10,Asia Pacific,Retail,5,45.59,0.0,227.95,Completed
100404,2024-05-02,226,7,Latin America,Partner,1,561.66,0.0,561.66,Completed
100872,2024-05-02,336,8,Europe,Retail,1,1091.99,0.1,982.79,Completed
102006,2024-05-02,396,19,Europe,Online,2,101.97,0.0,203.94,Completed
102408,2024-05-02,157,1,North America,Retail,1,1222.22,0.0,1222.22,Completed
102543,2024-05-02,181,8,Latin America,Retail,2,1093.33,0.0,2186.66,Completed
102547,2024-05-02,230,12,North America,Retail,5,97.96,0.0,489.8,Completed
102595,2024-05-02,595,3,North America,Retail,2,1002.89,0.0,2005.78,Completed
102957,2024-05-02,132,11,Latin America,Online,1,27.26,0.05,25.9,Completed
104551,2024-05-02,99,2,North America,Retail,2,1549.61,0.0,3099.22,Completed
105014,2024-05-02,347,12,Latin America,Online,3,95.85,0.0,287.55,Completed
106361,2024-05-02,379,7,Europe,Retail,2,531.16,0.1,956.09,Completed
106381,2024-05-02,346,10,Asia Pacific,Online,16,46.16,0.05,701.63,Completed
106464,2024-05-02,437,1,North America,Retail,2,1258.13,0.0,2516.26,Completed
100001,2024-05-03,171,10,North America,Online,1,46.64,0.0,46.64,Completed
100418,2024-05-03,217,15,North America,Online,4,75.41,0.0,301.64,Returned
100964,2024-05-03,302,14,North America,Online,4,59.44,0.15,202.1,Completed
101040,2024-05-03,172,14,Europe,Online,12,60.33,0.05,687.76,Completed
102482,2024-05-03,85,3,North America,Online,2,983.48,0.15,1671.92,Completed
102974,2024-05-03,324,13,Europe,Retail,3,25.87,0.0,77.61,Completed
104338,2024-05-03,502,4,Latin America,Partner,1,1932.25,0.1,1739.02,Completed
104338,2024-05-03,502,4,Latin America,Partner,1,1932.25,0.1,1739.02,Completed
104544,2024-05-03,209,6,North America,Retail,1,785.82,0.1,707.24,Completed
105545,2024-05-03,595,7,North America,Partner,2,536.77,0.0,1073.54,Completed
106269,2024-05-03,172,7,Europe,Online,4,536.18,0.05,2037.48,Returned
106446,2024-05-03,70,12,Europe,Online,1,101.08,0.0,101.08,Completed
106454,2024-05-03,386,8,Middle East & Africa,Online,1,1089.85,0.0,1089.85,Completed
106585,2024-05-03,516,11,North America,Online,4,29.71,0.0,118.84,Completed
106668,2024-05-03,539,20,North America,Online,1,176.65,0.15,150.15,Completed
106833,2024-05-03,242,20,Asia Pacific,Retail,2,179.93,0.05,341.87,Completed
100661,2024-05-04,13,10,Europe,Online,2,44.63,0.0,89.26,Completed
100752,2024-05-04,588,10,North America,Online,2,43.08,0.0,86.16,Completed
101233,2024-05-04,349,8,Europe,Retail,1,1077.05,0.0,1077.05,Completed
103143,2024-05-04,260,14,Europe,Online,1,62.86,0.05,59.72,Completed
103208,2024-05-04,336,11,Europe,Retail,1,29.14,0.05,27.68,Completed
103814,2024-05-04,361,16,Latin America,Partner,2,204.81,0.0,409.62,Completed
103925,2024-05-04,156,15,Asia Pacific,Retail,25,77.56,0.05,1842.05,Completed
104341,2024-05-04,274,12,Europe,Retail,5,103.34,0.0,516.7,Completed
104569,2024-05-04,258,15,North America,Partner,2,80.4,0.0,160.8,Completed
104587,2024-05-04,31,12,Asia Pacific,Online,5,101.02,0.0,505.1,Completed
104603,2024-05-04,456,12,North America,Online,1,100.77,0.1,90.69,Completed
105070,2024-05-04,502,11,Latin America,Online,4,28.28,0.05,107.46,Completed
106104,2024-05-04,296,5,Latin America,Retail,2,472.59,0.15,803.4,Completed
106488,2024-05-04,558,10,Europe,Online,2,44.85,0.0,89.7,Completed
100909,2024-05-05,134,13,North America,Partner,1,24.68,0.0,24.68,Completed
101292,2024-05-05,435,24,North America,Online,4,56.77,0.0,227.08,Completed
103144,2024-05-05,526,12,North America,Online,25,95.45,0.0,2386.25,Completed
104035,2024-05-05,565,11,Europe,Online,4,30.68,0.0,122.72,Completed
104257,2024-05-05,218,6,North America,Online,2,775.96,0.0,1551.92,Completed
104627,2024-05-05,367,6,Asia Pacific,Online,2,789.32,0.05,1499.71,Completed
105029,2024-05-05,493,8,Asia Pacific,Online,1,1085.46,0.1,976.91,Completed
105200,2024-05-05,127,14,North America,Online,3,61.97,0.15,158.02,Completed
105329,2024-05-05,272,6,North America,Online,2,793.58,0.1,1428.44,Completed
105444,2024-05-05,587,10,North America,Partner,25,46.36,0.0,1159.0,Completed
106398,2024-05-05,596,2,North America,Online,10,1527.46,0.0,15274.6,Cancelled
106444,2024-05-05,557,18,North America,Retail,1,743.08,,743.08,Completed
106696,2024-05-05,346,21,Asia Pacific,Retail,8,314.21,0.0,2513.68,Completed
100765,2024-05-06,497,23,Europe,Online,3,137.79,0.0,413.37,Completed
102619,2024-05-06,375,2,North America,Retail,2,1476.0,0.0,2952.0,Returned
102717,2024-05-06,232,7,Europe,Online,2,570.63,0.0,1141.26,Completed
103030,2024-05-06,210,13,Europe,Online,1,24.85,0.05,23.61,Completed
103461,2024-05-06,234,11,Europe,Retail,3,28.79,0.0,86.37,Completed
103710,2024-05-06,583,14,North America,Online,3,59.15,0.15,150.83,Completed
103920,2024-05-06,95,14,North America,Retail,4,61.0,0.0,244.0,Completed
103995,2024-05-06,388,13,Middle East & Africa,Online,1,23.59,0.15,20.05,Completed
104445,2024-05-06,137,16,Middle East & Africa,Retail,2,191.19,0.0,382.38,Completed
104750,2024-05-06,171,16,North America,Online,2,206.09,0.0,412.18,Completed
104814,2024-05-06,330,13,North America,Online,2,25.46,0.05,48.37,Completed
104850,2024-05-06,195,14,North America,Partner,4,61.42,0.0,245.68,Completed
105709,2024-05-06,463,13,Latin America,Online,4,26.42,0.0,105.68,Completed
106222,2024-05-06,383,13,Asia Pacific,Retail,3,25.27,0.0,75.81,Completed
106875,2024-05-06,368,17,Asia Pacific,Online,2,444.08,0.05,843.75,Completed
106930,2024-05-06,13,8,Europe,Online,1,1111.3,0.1,1000.17,Completed
100629,2024-05-07,91,8,North America,Online,2,1062.05,0.0,2124.1,Completed
101215,2024-05-07,511,20,North America,Online,10,173.19,0.0,1731.9,Completed
102483,2024-05-07,389,9,North America,Retail,1,144.78,0.0,144.78,Completed
102659,2024-05-07,570,6,Europe,Retail,1,809.33,0.05,768.86,Completed
102857,2024-05-07,87,15,Asia Pacific,Retail,4,80.1,0.1,288.36,Completed
102927,2024-05-07,317,8,North America,Online,1,1101.19,0.1,991.07,Completed
103767,2024-05-07,60,19,North America,Partner,1,100.11,0.0,100.11,Returned
104182,2024-05-07,540,11,Asia Pacific,Online,5,29.2,0.05,138.7,Completed
104499,2024-05-07,573,16,Europe,Online,1,194.47,0.0,194.47,Completed
104512,2024-05-07,97,14,North America,Online,1,55.5,0.0,55.5,Completed
105710,2024-05-07,215,12,Asia Pacific,Online,3,96.44,0.0,289.32,Completed
100165,2024-05-08,193,11,North America,Retail,3,29.02,0.1,78.35,Completed
100770,2024-05-08,290,14,North America,Online,4,59.06,0.15,200.8,Completed
100925,2024-05-08,207,10,North America,Online,5,44.53,0.0,222.65,Completed
101455,2024-05-08,249,13,North America,Retail,1,24.53,0.0,24.53,Completed
101827,2024-05-08,352,6,North America,Online,2,815.51,0.05,1549.47,Completed
105054,2024-05-08,565,10,Europe,Retail,1,44.34,0.0,44.34,Completed
105111,2024-05-08,423,12,North America,Online,1,94.77,0.1,85.29,Completed
105435,2024-05-08,416,8,North America,Partner,2,1065.98,0.0,2131.96,Completed
106666,2024-05-08,548,12,North America,Retail,1,97.36,0.1,87.62,Completed
101890,2024-05-09,317,7,North America,Retail,1,533.75,0.05,507.06,Returned
102329,2024-05-09,400,14,Europe,Retail,4,56.31,0.0,225.24,Completed
103219,2024-05-09,361,6,Latin America,Online,2,794.85,0.15,1351.24,Completed
103402,2024-05-09,35,6,Europe,Online,1,789.33,0.15,670.93,Returned
104835,2024-05-09,348,13,North America,Retail,10,24.21,0.0,242.1,Completed
105745,2024-05-09,278,15,Europe,Online,5,78.93,0.05,374.92,Completed
106095,2024-05-09,538,11,North America,Online,1,29.83,0.0,29.83,Completed
106959,2024-05-09,514,15,North America,Retail,5,77.26,0.05,366.98,Returned
100057,2024-05-10,118,16,Asia Pacific,Online,2,204.9,0.1,368.82,Completed
100584,2024-05-10,596,8,North America,Retail,5,1151.15,0.1,5180.18,Completed
103138,2024-05-10,422,11,North America,Online,3,29.08,0.05,82.88,Completed
103694,2024-05-10,193,6,North America,Retail,2,759.48,0.0,1518.96,Returned
104072,2024-05-10,211,11,Asia Pacific,Online,3,29.3,0.0,87.9,Completed
104174,2024-05-10,347,12,Latin America,Online,4,101.2,0.15,344.08,Completed
104309,2024-05-10,112,13,North America,Partner,5,24.53,0.0,122.65,Completed
104805,2024-05-10,538,1,North America,Online,1,1136.61,0.1,1022.95,Completed
105814,2024-05-10,543,23,Asia Pacific,Online,2,125.18,0.1,225.32,Completed
100090,2024-05-11,238,14,Asia Pacific,Retail,1,60.62,0.0,60.62,Completed
101444,2024-05-11,155,12,North America,Online,10,96.86,0.0,968.6,Completed
101544,2024-05-11,91,12,North America,Online,4,96.91,0.0,387.64,Completed
102791,2024-05-11,209,10,North America,Online,5,42.26,0.0,211.3,Completed
102890,2024-05-11,545,11,North America,Online,5,29.85,0.05,141.79,Completed
103226,2024-05-11,543,6,Asia Pacific,Online,1,825.83,0.0,825.83,Completed
103477,2024-05-11,381,20,Europe,Online,2,175.39,0.1,315.7,Completed
104489,2024-05-11,37,21,North America,Online,2,299.23,0.15,508.69,Completed
105834,2024-05-11,499,19,North America,Retail,1,96.79,0.1,87.11,Completed
106151,2024-05-11,254,4,North America,Retail,1,1972.95,0.05,1874.3,Completed
106282,2024-05-11,100,11,Middle East & Africa,Online,3,28.95,0.05,82.51,Completed
106644,2024-05-11,128,2,North America,Retail,2,1499.17,0.05,2848.42,Returned
106788,2024-05-11,511,19,North America,Retail,8,98.95,0.1,712.44,Completed
100679,2024-05-12,414,10,Latin America,Online,3,41.83,0.05,119.22,Returned
101094,2024-05-12,252,1,Latin America,Partner,2,1255.35,0.0,2510.7,Completed
101117,2024-05-12,565,10,Europe,Online,4,47.01,0.15,159.83,Completed
102626,2024-05-12,142,6,Europe,Online,2,767.23,0.15,1304.29,Completed
103356,2024-05-12,156,15,Asia Pacific,Retail,6,78.25,0.15,399.08,Completed
105729,2024-05-12,105,18,Asia Pacific,Partner,2,751.35,0.0,1502.7,Completed
106721,2024-05-12,353,21,Europe,Online,1,305.16,0.0,305.16,Completed
100494,2024-05-13,191,11,Latin America,,2,29.77,0.15,50.61,Returned
100590,2024-05-13,460,13,Europe,Online,2,25.83,0.15,43.91,Completed
100678,2024-05-13,214,14,Asia Pacific,Retail,4,59.03,0.0,236.12,Completed
101272,2024-05-13,260,10,Europe,Retail,1,43.87,0.0,43.87,Completed
103790,2024-05-13,417,3,North America,Retail,1,955.98,0.05,908.18,Completed
104347,2024-05-13,469,21,North America,Partner,2,298.88,0.0,597.76,Completed
104854,2024-05-13,578,6,Europe,Online,1,804.77,0.0,804.77,Completed
106531,2024-05-13,526,24,North America,Retail,8,59.0,0.0,472.0,Completed
106728,2024-05-13,437,6,North America,Online,1,816.45,0.1,734.8,Returned
101610,2024-05-14,6,12,Middle East & Africa,Retail,3,99.75,0.15,254.36,Returned
101777,2024-05-14,153,11,North America,Retail,4,28.65,0.0,114.6,Completed
102313,2024-05-14,98,14,North America,Online,4,56.95,0.0,227.8,Completed
102324,2024-05-14,241,17,Asia Pacific,Retail,1,467.61,0.0,467.61,Completed
102712,2024-05-14,65,16,Europe,Online,1,197.44,0.0,197.44,Completed
103337,2024-05-14,588,10,North America,Online,3,46.03,0.05,131.19,Completed
103745,2024-05-14,263,4,North America,Online,2,1986.86,0.0,3973.72,Completed
104629,2024-05-14,118,8,Asia Pacific,Online,2,1058.87,0.0,2117.74,Completed
104879,2024-05-14,260,14,Europe,Online,4,60.24,0.0,240.96,Completed
105461,2024-05-14,530,2,North America,Retail,1,1552.71,0.0,1552.71,Completed
106767,2024-05-14,393,15,Europe,Retail,5,81.26,0.0,406.3,Completed
106934,2024-05-14,589,3,North America,Online,1,1000.37,0.15,850.31,Completed
100207,2024-05-15,543,15,Asia Pacific,Online,4,78.3,0.15,266.22,Completed
100271,2024-05-15,485,13,North America,Retail,4,25.95,0.15,88.23,Completed
100581,2024-05-15,403,1,Asia Pacific,Retail,2,1111.87,0.0,2223.74,Completed
102023,2024-05-15,176,3,North America,Retail,2,925.22,0.1,1665.4,Completed
102902,2024-05-15,179,24,Latin America,Partner,4,58.12,0.0,232.48,Completed
103190,2024-05-15,230,12,North America,Online,4,100.43,0.1,361.55,Completed
105552,2024-05-15,192,6,North America,Online,2,777.48,0.0,1554.96,Completed
100655,2024-05-16,580,6,North America,Partner,2,805.41,0.1,1449.74,Completed
101213,2024-05-16,574,14,Asia Pacific,Online,2,57.86,0.0,115.72,Completed
101289,2024-05-16,542,3,Europe,Online,1,1063.86,0.0,1063.86,Completed
101804,2024-05-16,511,2,North America,Online,10,1481.08,0.05,14070.26,Completed
101883,2024-05-16,118,7,Asia Pacific,Partner,2,572.85,0.0,1145.7,Completed
102600,2024-05-16,148,12,Europe,Online,12,96.67,0.1,1044.04,Cancelled
102635,2024-05-16,598,14,Europe,Online,5,61.71,0.0,308.55,Completed
102704,2024-05-16,539,11,North America,Retail,1,28.24,0.05,26.83,Completed
103224,2024-05-16,252,6,Latin America,Retail,2,746.78,0.0,1493.56,Completed
103271,2024-05-16,210,4,Europe,Partner,2,2018.97,0.0,4037.94,Completed
105682,2024-05-16,69,18,North America,Retail,1,755.58,0.1,680.02,Completed
100914,2024-05-17,319,15,North America,Online,2,79.2,0.0,158.4,Completed
101688,2024-05-17,281,4,North America,Online,1,1914.68,0.0,1914.68,Cancelled
102348,2024-05-17,232,16,Europe,Retail,2,194.04,0.15,329.87,Completed
103310,2024-05-17,238,11,Asia Pacific,Online,1,28.9,0.05,27.46,Completed
103368,2024-05-17,249,7,North America,Partner,2,533.48,0.0,1066.96,Completed
103693,2024-05-17,353,17,Europe,Online,2,451.01,0.05,856.92,Completed
103849,2024-05-17,599,13,Middle East & Africa,Partner,4,24.66,0.0,98.64,Completed
104169,2024-05-17,461,6,Europe,Retail,1,805.48,0.05,765.21,Completed
104383,2024-05-17,538,15,North America,Online,3,76.27,0.0,228.81,Completed
105195,2024-05-17,253,14,Europe,Online,3,59.04,0.0,177.12,Completed
106387,2024-05-17,218,11,North America,Online,1,28.3,0.0,28.3,Completed
100161,2024-05-18,148,6,Europe,Retail,4,805.38,0.1,2899.37,Completed
100493,2024-05-18,209,13,North America,Partner,5,24.89,0.0,124.45,Completed
100637,2024-05-18,526,15,North America,Online,12,83.08,0.0,996.96,Completed
100657,2024-05-18,472,15,Europe,Online,3,77.57,0.0,232.71,Completed
101923,2024-05-18,405,23,Middle East & Africa,Online,2,127.24,0.0,254.48,Completed
102103,2024-05-18,550,1,Europe,Partner,1,1217.63,0.0,1217.63,Completed
104432,2024-05-18,65,16,Europe,Online,2,206.56,0.0,413.12,Completed
104914,2024-05-18,545,11,North America,Online,2,30.34,0.05,57.65,Completed
105189,2024-05-18,89,19,North America,Retail,1,105.03,0.0,105.03,Completed
106121,2024-05-18,252,10,Latin America,Retail,4,42.44,0.05,161.27,Completed
106560,2024-05-18,59,15,North America,Online,2,81.27,0.15,138.16,Completed
100176,2024-05-19,254,17,North America,Partner,1,462.81,0.0,462.81,Completed
101067,2024-05-19,514,13,North America,Online,2,25.84,0.0,51.68,Completed
101916,2024-05-19,568,11,North America,Online,3,28.26,0.0,84.78,Completed
105507,2024-05-19,267,15,North America,Partner,4,82.14,0.1,295.7,Completed
106719,2024-05-19,545,4,North America,Online,2,2020.41,0.0,4040.82,Completed
100131,2024-05-20,445,2,North America,Retail,1,1592.79,0.0,1592.79,Completed
101017,2024-05-20,432,8,Asia Pacific,Partner,2,1149.41,0.1,2068.94,Completed
101432,2024-05-20,239,10,North America,Retail,3,44.51,0.15,113.5,Completed
101469,2024-05-20,233,14,Middle East & Africa,Retail,3,57.65,0.1,155.66,Completed
101496,2024-05-20,100,15,Middle East & Africa,Partner,3,81.19,0.0,243.57,Completed
102570,2024-05-20,344,14,Europe,Online,3,59.38,0.05,169.23,Completed
103569,2024-05-20,533,6,Europe,Online,1,810.31,,810.31,Completed
104429,2024-05-20,332,17,North America,Online,2,424.67,0.0,849.34,Completed
106513,2024-05-20,479,7,Europe,Online,1,531.66,0.0,531.66,Completed
106874,2024-05-20,284,8,North America,Online,1,1130.62,0.15,961.03,Completed
100471,2024-05-21,261,9,North America,Online,6,148.68,0.05,847.48,Completed
101159,2024-05-21,361,16,Latin America,Online,2,199.87,0.15,339.78,Completed
101221,2024-05-21,113,3,North America,Retail,8,1056.77,0.05,8031.45,Completed
101698,2024-05-21,250,10,Europe,Online,1,43.88,0.0,43.88,Completed
102721,2024-05-21,402,21,Latin America,Online,4,287.78,0.0,1151.12,Completed
102741,2024-05-21,282,10,North America,Retail,1,46.28,0.15,39.34,Completed
103148,2024-05-21,377,8,Latin America,Retail,2,1143.58,0.15,1944.09,Completed
103245,2024-05-21,538,1,North America,Online,1,1160.04,0.1,1044.04,Completed
104491,2024-05-21,457,15,Middle East & Africa,Online,15,77.03,0.0,1155.45,Completed
105109,2024-05-21,176,8,North America,Retail,1,1076.44,0.15,914.97,Completed
106179,2024-05-21,425,13,Europe,Retail,1,24.25,0.0,24.25,Completed
100499,2024-05-22,85,16,North America,Retail,1,193.22,0.0,193.22,Completed
102201,2024-05-22,32,14,Middle East & Africa,Partner,6,58.29,0.0,349.74,Completed
102226,2024-05-22,472,6,Europe,Partner,1,797.77,0.1,717.99,Completed
102667,2024-05-22,115,20,North America,Retail,2,176.06,0.0,352.12,Completed
103508,2024-05-22,475,4,North America,Online,2,1984.84,0.0,3969.68,Completed
103789,2024-05-22,97,11,North America,Partner,2,29.53,0.05,56.11,Completed
104302,2024-05-22,254,15,North America,Online,1,82.67,0.15,70.27,Completed
104810,2024-05-22,217,6,North America,Partner,2,786.92,0.05,1495.15,Completed
105502,2024-05-22,79,10,Europe,Partner,3,44.51,0.0,133.53,Completed
105535,2024-05-22,272,8,North America,Partner,1,1073.06,0.0,1073.06,Completed
105540,2024-05-22,480,15,Europe,Retail,2,83.06,0.0,166.12,Completed
105755,2024-05-22,497,1,Europe,Partner,2,1143.89,0.0,2287.78,Completed
105789,2024-05-22,267,2,North America,Online,1,1509.39,0.0,1509.39,Completed
106849,2024-05-22,558,6,Europe,Retail,2,808.35,0.0,1616.7,Completed
106931,2024-05-22,363,7,North America,Retail,2,573.43,0.0,1146.86,Completed
100055,2024-05-23,95,6,North America,Retail,2,779.64,0.05,1481.32,Completed
101430,2024-05-23,595,15,North America,Retail,1,79.01,0.05,75.06,Cancelled
103396,2024-05-23,526,4,North America,Online,4,1991.95,0.0,7967.8,Completed
104176,2024-05-23,548,10,North America,Online,4,43.98,0.0,175.92,Completed
104319,2024-05-23,470,13,Europe,Retail,3,23.6,0.0,70.8,Completed
105620,2024-05-23,115,12,North America,,5,102.79,0.15,436.86,Completed
105777,2024-05-23,425,21,Europe,Retail,1,305.2,0.0,305.2,Completed
105797,2024-05-23,128,3,North America,Online,1,998.59,0.15,848.8,Completed
106580,2024-05-23,320,10,Latin America,Online,3,43.61,0.15,111.21,Completed
106738,2024-05-23,35,6,Europe,Online,1,785.91,0.0,785.91,Completed
100124,2024-05-24,193,10,North America,Online,1,47.6,0.0,47.6,Completed
100397,2024-05-24,361,19,Latin America,Online,1,100.03,0.0,100.03,Returned
101732,2024-05-24,164,15,North America,Online,2,79.64,0.0,159.28,Completed
102571,2024-05-24,361,17,Latin America,Partner,1,421.02,0.1,378.92,Returned
102772,2024-05-24,315,20,North America,Online,1,172.75,0.0,172.75,Completed
102836,2024-05-24,97,10,North America,Online,1,43.77,0.0,43.77,Completed
103104,2024-05-24,304,23,Europe,Partner,9,127.97,0.1,1036.56,Completed
103614,2024-05-24,361,10,Latin America,Retail,3,45.42,0.05,129.45,Completed
103677,2024-05-24,267,10,North America,Online,4,42.91,0.0,171.64,Completed
103992,2024-05-24,535,12,North America,Retail,3,102.14,0.0,306.42,Completed
104315,2024-05-24,37,6,North America,Partner,2,744.24,0.0,1488.48,Completed
104636,2024-05-24,497,13,Europe,Online,2,25.06,0.0,50.12,Completed
104838,2024-05-24,502,6,Latin America,Partner,2,789.19,,1420.54,Completed
105947,2024-05-24,294,16,North America,Online,2,199.38,0.0,398.76,Completed
106807,2024-05-24,173,15,North America,Online,4,76.98,0.0,307.92,Completed
101422,2024-05-25,386,11,Middle East & Africa,Online,4,27.02,0.0,108.08,Completed
101910,2024-05-25,193,19,North America,Online,2,91.21,0.0,182.42,Returned
103215,2024-05-25,264,3,North America,Online,2,974.05,0.05,1850.7,Completed
104245,2024-05-25,113,11,North America,Retail,9,28.27,0.1,228.99,Completed
104490,2024-05-25,160,3,Asia Pacific,Online,1,1001.18,0.0,1001.18,Completed
106171,2024-05-25,546,12,Europe,Retail,4,98.46,0.05,374.15,Completed
100887,2024-05-26,76,8,North America,Online,1,1082.47,0.15,920.1,Completed
101408,2024-05-26,329,12,Europe,Online,1,102.38,0.1,92.14,Completed
102532,2024-05-26,580,15,North America,Online,4,75.56,0.0,302.24,Completed
102532,2024-05-26,580,15,North America,Online,4,75.56,0.0,302.24,Completed
102624,2024-05-26,368,14,Asia Pacific,Retail,1,58.57,0.15,49.78,Completed
104586,2024-05-26,289,13,Europe,Partner,1,24.8,0.05,23.56,Completed
104868,2024-05-26,172,6,Europe,Retail,10,781.08,0.0,7810.8,Completed
106991,2024-05-26,580,18,North America,Partner,1,738.81,0.0,738.81,Completed
100234,2024-05-27,522,8,North America,Online,1,1123.19,0.1,1010.87,Completed
101370,2024-05-27,552,7,North America,Retail,1,541.13,0.1,487.02,Completed
102458,2024-05-27,447,12,Middle East & Africa,Online,5,99.09,0.05,470.68,Completed
102535,2024-05-27,105,19,Asia Pacific,Retail,1,102.38,0.0,102.38,Returned
104314,2024-05-27,91,21,North America,Partner,1,300.15,0.05,285.14,Completed
106945,2024-05-27,79,12,Europe,Online,1,103.42,0.0,103.42,Completed
106963,2024-05-27,29,4,North America,Online,6,1985.95,0.0,11915.7,Completed
100029,2024-05-28,280,17,Latin America,Retail,2,456.86,0.0,913.72,Completed
100130,2024-05-28,275,7,Asia Pacific,Partner,1,553.38,0.05,525.71,Completed
100716,2024-05-28,197,13,Europe,Online,3,24.01,0.0,72.03,Completed
102539,2024-05-28,119,3,Europe,Online,1,1037.87,0.0,1037.87,Completed
102906,2024-05-28,585,12,Latin America,Retail,1,102.29,0.0,102.29,Completed
103071,2024-05-28,361,24,Latin America,Online,5,58.52,0.0,292.6,Completed
104395,2024-05-28,71,7,North America,Partner,1,567.37,0.15,482.26,Completed
104554,2024-05-28,230,20,North America,Online,1,173.42,0.0,173.42,Completed
104685,2024-05-28,5,12,North America,,4,98.31,0.1,353.92,Completed
105269,2024-05-28,497,19,Europe,Online,2,97.02,0.0,194.04,Completed
102587,2024-05-29,450,6,Europe,Partner,1,802.19,0.0,802.19,Completed
103196,2024-05-29,361,14,Latin America,Online,2,57.85,0.0,115.7,Completed
105168,2024-05-29,472,12,Europe,Online,2,96.73,0.1,174.11,Completed
106216,2024-05-29,78,13,Asia Pacific,Partner,2,25.22,0.05,47.92,Cancelled
102470,2024-05-30,572,2,Asia Pacific,Retail,2,1508.15,0.0,3016.3,Returned
102625,2024-05-30,539,1,North America,Online,2,1198.01,0.05,2276.22,Completed
102922,2024-05-30,530,20,North America,Online,2,166.61,0.15,283.24,Completed
103507,2024-05-30,243,12,North America,Retail,4,97.24,0.0,388.96,Completed
103661,2024-05-30,252,21,Latin America,Partner,1,296.37,0.05,281.55,Completed
104417,2024-05-30,288,15,North America,Online,3,77.99,0.05,222.27,Completed
105365,2024-05-30,429,17,North America,Retail,2,440.04,0.0,880.08,Completed
105395,2024-05-30,125,6,North America,Online,1,752.79,0.0,752.79,Completed
106483,2024-05-30,565,19,Europe,Online,1,101.64,0.15,86.39,Completed
100640,2024-05-31,564,17,Europe,Online,2,424.59,0.0,849.18,Completed
102082,2024-05-31,386,15,Middle East & Africa,Online,3,79.57,0.15,202.9,Completed
104438,2024-05-31,505,11,Europe,Online,4,29.03,0.1,104.51,Completed
105975,2024-05-31,412,7,Asia Pacific,Online,2,523.24,0.05,994.16,Completed
106657,2024-05-31,535,2,North America,Partner,1,1499.23,0.0,1499.23,Completed
100383,2024-06-01,231,7,North America,Retail,2,560.09,0.0,1120.18,Completed
102914,2024-06-01,47,17,Europe,Partner,1,468.6,0.1,421.74,Completed
103471,2024-06-01,407,6,North America,Partner,2,848.17,0.0,1696.34,Completed
103946,2024-06-01,552,12,North America,Retail,2,99.65,0.1,179.37,Completed
105571,2024-06-01,379,24,Europe,Retail,3,59.58,0.0,178.74,Completed
105809,2024-06-01,478,11,Europe,Online,4,29.51,0.15,100.33,Completed
106013,2024-06-01,63,21,Europe,Online,6,298.4,0.0,1790.4,Completed
106190,2024-06-01,242,15,Asia Pacific,Retail,1,77.99,0.1,70.19,Completed
106234,2024-06-01,30,3,Asia Pacific,Online,1,973.89,0.1,876.5,Returned
100132,2024-06-02,279,8,Latin America,Online,1,1071.02,0.0,1071.02,Completed
100746,2024-06-02,253,20,Europe,Retail,2,171.19,0.0,342.38,Completed
100886,2024-06-02,437,18,North America,Online,2,741.68,0.1,1335.02,Completed
101321,2024-06-02,298,12,Asia Pacific,Partner,2,93.24,0.15,158.51,Completed
101765,2024-06-02,552,10,North America,Online,1,44.51,0.1,40.06,Completed
102223,2024-06-02,545,10,North America,Online,5,45.95,0.15,195.29,Completed
102340,2024-06-02,28,13,North America,Partner,4,25.67,0.0,102.68,Completed
103699,2024-06-02,13,13,Europe,Online,3,25.04,0.1,67.61,Completed
103962,2024-06-02,587,11,North America,Partner,3,31.14,0.15,79.41,Completed
106340,2024-06-02,271,6,North America,Partner,1,789.9,0.0,789.9,Cancelled
106583,2024-06-02,119,1,Europe,Partner,1,1103.07,0.0,1103.07,Completed
100705,2024-06-03,31,12,Asia Pacific,Retail,1,97.59,0.0,97.59,Completed
101633,2024-06-03,31,11,Asia Pacific,Retail,1,27.64,0.15,23.49,Returned
103342,2024-06-03,142,3,Europe,Online,1,974.37,0.05,925.65,Completed
103744,2024-06-03,251,15,Asia Pacific,Retail,12,80.5,0.0,966.0,Completed
103841,2024-06-03,201,4,Asia Pacific,Online,1,2060.2,0.05,1957.19,Completed
105932,2024-06-03,31,11,Asia Pacific,Retail,1,29.3,0.15,24.9,Completed
106423,2024-06-03,596,13,North America,Online,20,24.02,0.0,480.4,Completed
100053,2024-06-04,465,15,Europe,Online,5,79.69,0.0,398.45,Completed
100873,2024-06-04,243,10,North America,Retail,1,45.03,0.0,45.03,Completed
103223,2024-06-04,221,8,North America,Online,2,1094.14,0.0,2188.28,Completed
103556,2024-06-04,437,12,North America,Online,3,100.37,0.0,301.11,Completed
103732,2024-06-04,281,19,North America,Online,1,92.15,0.1,82.94,Completed
104227,2024-06-04,249,6,North America,Partner,2,778.37,0.1,1401.07,Completed
104707,2024-06-04,70,18,Europe,Online,1,751.3,0.15,638.6,Completed
105047,2024-06-04,537,15,Europe,Retail,1,81.6,0.1,73.44,Completed
105304,2024-06-04,116,17,Latin America,Online,2,446.44,0.1,803.59,Completed
106131,2024-06-04,297,6,Middle East & Africa,Online,2,783.5,0.15,1331.95,Completed
106600,2024-06-04,93,16,Europe,Online,1,205.98,0.15,175.08,Completed
100110,2024-06-05,279,19,Latin America,Online,2,99.89,0.15,169.81,Completed
100310,2024-06-05,327,20,Asia Pacific,Online,1,185.61,0.0,185.61,Completed
100436,2024-06-05,423,14,North America,Retail,4,57.86,0.0,231.44,Completed
100648,2024-06-05,518,20,Asia Pacific,Online,2,185.77,0.05,352.96,Completed
101229,2024-06-05,477,2,Europe,Retail,1,1505.98,0.0,1505.98,Completed
101442,2024-06-05,363,10,North America,Online,2,44.48,0.0,88.96,Completed
102698,2024-06-05,517,19,North America,Partner,183,102.3,0.1,18720.9,Completed
104366,2024-06-05,475,6,North America,Online,1,782.12,0.15,664.8,Completed
104900,2024-06-05,219,2,Latin America,Retail,1,1428.57,0.1,1285.71,Completed
104937,2024-06-05,482,1,North America,Online,1,1204.97,0.15,1024.22,Completed
106213,2024-06-05,486,1,Europe,Retail,2,1215.43,0.15,2066.23,Cancelled
106910,2024-06-05,538,3,North America,Online,2,972.91,0.0,1945.82,Cancelled
100153,2024-06-06,72,12,Europe,,3,97.76,0.05,278.62,Completed
101104,2024-06-06,83,17,Asia Pacific,Partner,1,454.28,0.05,431.57,Completed
102189,2024-06-06,565,20,Europe,Retail,1,173.11,0.0,173.11,Completed
102371,2024-06-06,238,14,Asia Pacific,Online,3,57.83,0.15,147.47,Completed
102961,2024-06-06,241,2,Asia Pacific,Online,1,1515.92,0.15,1288.53,Completed
103898,2024-06-06,326,2,Asia Pacific,Online,1,1432.24,0.0,1432.24,Completed
104535,2024-06-06,477,15,Europe,Online,4,80.87,0.0,323.48,Completed
105348,2024-06-06,342,10,Middle East & Africa,Partner,3,44.01,0.05,125.43,Completed
106250,2024-06-06,598,19,Europe,Partner,2,95.79,0.05,182.0,Completed
103026,2024-06-07,130,1,Europe,Retail,1,1153.73,0.0,1153.73,Completed
103058,2024-06-07,470,17,Europe,Retail,2,450.28,0.0,900.56,Completed
103463,2024-06-07,585,2,Latin America,Partner,2,1531.03,0.0,3062.06,Completed
104173,2024-06-07,34,1,North America,Online,2,1094.28,0.0,2188.56,Completed
104895,2024-06-07,147,13,North America,Online,1,25.2,0.1,22.68,Completed
105661,2024-06-07,580,21,North America,Online,1,311.53,,311.53,Completed
106034,2024-06-07,361,1,Latin America,Retail,1,1221.1,0.1,1098.99,Cancelled
100708,2024-06-08,101,1,Latin America,Online,2,1189.7,0.15,2022.49,Completed
100968,2024-06-08,96,8,Europe,Online,2,1065.36,0.15,1811.11,Completed
101672,2024-06-08,523,8,North America,Online,2,1092.62,0.05,2075.98,Completed
100377,2024-06-09,157,17,North America,Retail,2,437.41,0.1,787.34,Completed
100506,2024-06-09,452,8,Latin America,Online,2,1112.8,0.05,2114.32,Completed
100653,2024-06-09,284,15,North America,Retail,4,80.38,0.0,321.52,Completed
100795,2024-06-09,172,3,Europe,Retail,3,993.77,0.0,2981.31,Returned
100829,2024-06-09,100,20,Middle East & Africa,Online,1,174.36,0.05,165.64,Completed
101000,2024-06-09,218,19,North America,Online,1,99.24,0.0,99.24,Returned
101397,2024-06-09,85,7,North America,Online,1,543.59,0.0,543.59,Completed
102073,2024-06-09,192,11,North America,Online,2,28.29,0.0,56.58,Completed
102235,2024-06-09,206,1,North America,Online,1,1153.57,0.0,1153.57,Returned
102765,2024-06-09,440,11,Europe,Online,3,27.25,0.05,77.66,Completed
104469,2024-06-09,46,11,Asia Pacific,Online,2,28.62,0.1,51.52,Completed
105032,2024-06-09,437,14,North America,Online,4,59.01,0.1,212.44,Completed
105143,2024-06-09,425,12,Europe,Retail,1,96.67,0.0,96.67,Completed
105421,2024-06-09,181,1,Latin America,Online,2,1252.21,0.05,2379.2,Completed
105477,2024-06-09,363,14,North America,Online,5,60.88,0.0,304.4,Completed
106437,2024-06-09,539,8,North America,Retail,1,1145.09,0.15,973.33,Completed
106470,2024-06-09,32,14,Middle East & Africa,Retail,4,61.24,0.1,220.46,Completed
106958,2024-06-09,290,7,North America,Online,2,567.24,0.0,1134.48,Completed
100437,2024-06-10,201,21,Asia Pacific,Partner,2,300.59,0.0,601.18,Completed
100804,2024-06-10,580,20,North America,Retail,2,171.6,0.0,343.2,Completed
101538,2024-06-10,238,14,Asia Pacific,Online,3,58.37,,175.11,Completed
101677,2024-06-10,241,21,Asia Pacific,Retail,2,304.5,0.15,517.65,Completed
102975,2024-06-10,475,13,North America,Online,1,23.94,0.0,23.94,Completed
103746,2024-06-10,540,4,Asia Pacific,Online,2,2038.62,0.0,4077.24,Completed
104009,2024-06-10,596,3,North America,Online,2,1001.24,0.1,1802.23,Cancelled
104774,2024-06-10,132,10,Latin America,Retail,3,44.8,0.1,120.96,Completed
105171,2024-06-10,23,15,Middle East & Africa,Retail,3,79.82,0.05,227.49,Completed
105731,2024-06-10,36,8,North America,Online,2,1114.09,0.0,2228.18,Completed
106152,2024-06-10,281,7,North America,Retail,1,579.78,0.05,550.79,Completed
106198,2024-06-10,105,13,Asia Pacific,Online,2,26.79,0.0,53.58,Completed
106730,2024-06-10,478,15,Europe,Online,4,79.84,0.0,319.36,Completed
100572,2024-06-11,467,6,Europe,Online,2,796.95,0.0,1593.9,Completed
102204,2024-06-11,587,18,North America,Partner,5,735.63,0.1,3310.34,Completed
102608,2024-06-11,17,3,Europe,Partner,2,1022.61,0.1,1840.7,Completed
102861,2024-06-11,174,17,Latin America,Retail,1,460.88,0.1,414.79,Completed
102954,2024-06-11,37,20,North America,Partner,1,173.94,0.05,165.24,Completed
103214,2024-06-11,505,15,Europe,Online,4,75.57,0.05,287.17,Completed
103327,2024-06-11,112,23,North America,Retail,2,130.61,0.15,222.04,Completed
103857,2024-06-11,367,9,Asia Pacific,Retail,2,141.15,0.0,282.3,Completed
104118,2024-06-11,485,10,North America,Online,3,44.63,0.15,113.81,Completed
105521,2024-06-11,166,1,North America,Online,2,1233.27,0.0,2466.54,Completed
106558,2024-06-11,527,21,Middle East & Africa,Retail,2,302.01,0.15,513.42,Completed
106617,2024-06-11,441,21,Latin America,Online,2,286.96,0.15,487.83,Completed
100193,2024-06-12,472,2,Europe,Retail,1,1472.25,0.0,1472.25,Completed
100361,2024-06-12,213,3,North America,,1,998.79,0.1,898.91,Completed
101396,2024-06-12,37,11,North America,Online,1,29.23,0.15,24.85,Completed
101443,2024-06-12,284,17,North America,Partner,2,450.15,0.05,855.28,Completed
101580,2024-06-12,291,8,Asia Pacific,Retail,2,1098.73,0.05,2087.59,Completed
101627,2024-06-12,440,4,Europe,Online,2,1953.53,0.0,3907.06,Completed
102846,2024-06-12,242,20,Asia Pacific,Online,1,183.56,0.15,156.03,Completed
103550,2024-06-12,204,16,North America,Online,2,197.33,0.0,394.66,Completed
103766,2024-06-12,469,11,North America,Online,4,28.31,0.0,113.24,Completed
104482,2024-06-12,251,15,Asia Pacific,Online,12,80.09,0.0,961.08,Completed
104720,2024-06-12,334,2,Latin America,Online,3,1498.27,0.0,4494.81,Completed
105060,2024-06-12,587,7,North America,Retail,4,543.18,0.05,2064.08,Completed
106899,2024-06-12,128,4,North America,Partner,1,2087.23,0.15,1774.15,Returned
100577,2024-06-13,70,11,Europe,Retail,5,29.82,0.0,149.1,Completed
101779,2024-06-13,386,16,Middle East & Africa,Retail,2,203.44,0.0,406.88,Completed
101994,2024-06-13,297,11,Middle East & Africa,Retail,3,28.59,0.0,85.77,Completed
102053,2024-06-13,314,5,North America,Retail,2,461.9,0.0,923.8,Completed
102133,2024-06-13,71,17,North America,Online,2,431.04,0.0,862.08,Completed
103434,2024-06-13,78,15,Asia Pacific,Retail,3,76.96,0.15,196.25,Completed
104518,2024-06-13,129,8,North America,Online,1,1121.28,0.0,1121.28,Completed
105046,2024-06-13,476,1,North America,Online,2,1250.73,0.0,2501.46,Completed
105263,2024-06-13,569,12,North America,Retail,3,101.3,0.0,303.9,Completed
106065,2024-06-13,268,13,North America,Online,6,25.49,0.0,152.94,Completed
100169,2024-06-14,445,13,North America,Partner,5,24.43,0.0,122.15,Completed
100597,2024-06-14,499,4,North America,Online,1,1893.69,0.0,1893.69,Completed
101840,2024-06-14,258,14,North America,Online,2,59.49,0.0,118.98,Completed
102076,2024-06-14,587,10,North America,Online,8,45.17,0.1,325.22,Completed
102380,2024-06-14,273,4,North America,Online,1,2041.24,0.15,1735.05,Completed
102549,2024-06-14,530,10,North America,Online,5,44.85,0.0,224.25,Completed
103539,2024-06-14,209,15,North America,Online,2,81.36,0.1,146.45,Completed
103607,2024-06-14,548,12,North America,Online,5,95.26,0.0,476.3,Completed
104385,2024-06-14,116,18,Latin America,Retail,1,751.23,0.0,751.23,Completed
105331,2024-06-14,53,3,Asia Pacific,Online,1,997.98,0.0,997.98,Completed
105551,2024-06-14,119,16,Europe,Online,1,200.76,0.0,200.76,Completed
105830,2024-06-14,277,6,North America,Retail,8,823.18,0.0,6585.44,Completed
106023,2024-06-14,576,6,Europe,Online,2,829.5,0.1,1493.1,Completed
106059,2024-06-14,212,6,Europe,Partner,1,791.97,0.1,712.77,Completed
106062,2024-06-14,317,14,North America,Online,2,61.34,0.1,110.41,Completed
100714,2024-06-15,267,13,North America,Online,3,25.02,0.0,75.06,Completed
101211,2024-06-15,363,6,North America,Online,2,772.68,0.15,1313.56,Completed
101953,2024-06-15,440,10,Europe,Online,3,44.81,0.0,134.43,Completed
102448,2024-06-15,314,2,North America,Retail,1,1473.54,0.15,1252.51,Completed
103269,2024-06-15,46,17,Asia Pacific,Online,1,434.07,0.0,434.07,Completed
103878,2024-06-15,372,13,North America,Online,3,24.81,0.1,66.99,Completed
104878,2024-06-15,401,13,North America,Retail,5,24.98,0.0,124.9,Cancelled
104960,2024-06-15,300,20,Europe,Online,2,163.17,0.15,277.39,Completed
105496,2024-06-15,597,11,Asia Pacific,Online,1,29.49,0.0,29.49,Completed
106266,2024-06-15,467,10,Europe,Retail,1,43.04,0.1,38.74,Completed
106935,2024-06-15,243,14,North America,Online,1,59.69,0.05,56.71,Returned
100051,2024-06-16,534,14,Europe,Online,4,59.2,0.0,236.8,Completed
102068,2024-06-16,166,7,North America,Online,2,540.76,0.15,919.29,Completed
102751,2024-06-16,361,3,Latin America,Online,1,1016.18,0.0,1016.18,Returned
102781,2024-06-16,116,13,Latin America,Partner,4,24.92,0.1,89.71,Completed
102953,2024-06-16,364,13,North America,Retail,5,24.76,0.1,111.42,Completed
103033,2024-06-16,115,13,North America,Retail,2,25.6,0.0,51.2,Completed
104421,2024-06-16,36,4,North America,Online,1,1979.52,0.0,1979.52,Completed
104934,2024-06-16,137,18,Middle East & Africa,Online,1,739.17,0.0,739.17,Completed
105015,2024-06-16,546,16,Europe,Online,2,189.62,0.0,379.24,Completed
106063,2024-06-16,105,15,Asia Pacific,Retail,1,75.3,0.0,75.3,Completed
100683,2024-06-17,358,2,Asia Pacific,Partner,2,1512.64,0.1,2722.75,Completed
101011,2024-06-17,96,8,Europe,Retail,1,1082.49,0.0,1082.49,Completed
101023,2024-06-17,260,20,Europe,Online,2,178.06,0.0,356.12,Completed
101702,2024-06-17,152,16,Latin America,Online,2,197.94,0.15,336.5,Completed
101963,2024-06-17,407,4,North America,,1,1906.46,0.15,1620.49,Completed
102367,2024-06-17,151,1,Asia Pacific,Online,10,1172.46,0.0,11724.6,Returned
103399,2024-06-17,596,11,North America,Online,12,28.18,0.1,304.34,Completed
103983,2024-06-17,137,3,Middle East & Africa,Online,2,984.87,0.0,1969.74,Completed
104088,2024-06-17,176,13,North America,Online,2,24.49,0.15,41.63,Completed
104790,2024-06-17,288,3,North America,Online,2,1038.7,0.0,2077.4,Completed
104813,2024-06-17,402,13,Latin America,Online,20,25.36,0.05,481.84,Completed
104825,2024-06-17,390,10,Latin America,Online,10,46.52,0.1,418.68,Completed
104902,2024-06-17,421,13,Asia Pacific,Retail,5,24.91,0.0,124.55,Completed
105418,2024-06-17,573,13,Europe,Retail,4,23.92,0.15,81.33,Completed
105490,2024-06-17,138,3,Europe,Online,1,1015.45,0.0,1015.45,Completed
106388,2024-06-17,456,6,North America,Partner,2,842.15,0.0,1684.3,Returned
106790,2024-06-17,253,2,Europe,Online,2,1554.04,0.1,2797.27,Completed
100457,2024-06-18,529,6,Asia Pacific,Online,2,831.76,0.05,1580.34,Completed
101519,2024-06-18,272,17,North America,Partner,2,439.2,0.15,746.64,Completed
102054,2024-06-18,429,14,North America,Online,2,57.38,0.15,97.55,Completed
102166,2024-06-18,171,2,North America,Retail,2,1454.29,0.15,2472.29,Completed
102275,2024-06-18,117,17,Asia Pacific,Online,1,433.89,0.1,390.5,Completed
103784,2024-06-18,413,18,North America,Retail,2,759.6,0.15,1291.32,Cancelled
104251,2024-06-18,31,20,Asia Pacific,Online,2,181.89,0.15,309.21,Completed
104281,2024-06-18,267,11,North America,Online,3,28.45,0.1,76.82,Completed
104641,2024-06-18,473,1,North America,,2,1156.22,0.05,2196.82,Completed
106197,2024-06-18,497,3,Europe,Online,2,998.29,0.0,1996.58,Completed
106342,2024-06-18,435,15,North America,Retail,2,76.84,0.0,153.68,Completed
101369,2024-06-19,599,13,Middle East & Africa,Partner,1,25.86,0.0,25.86,Completed
102465,2024-06-19,37,8,North America,Online,2,1090.92,0.0,2181.84,Completed
103155,2024-06-19,83,20,Asia Pacific,Online,2,180.36,0.1,324.65,Completed
103167,2024-06-19,297,13,Middle East & Africa,Retail,3,23.15,0.0,69.45,Completed
105099,2024-06-19,311,11,Europe,Online,5,29.91,0.05,142.07,Completed
106150,2024-06-19,258,12,North America,Online,1,98.64,0.05,93.71,Completed
106205,2024-06-19,37,8,North America,Retail,2,1121.59,0.0,2243.18,Completed
106691,2024-06-19,370,17,Latin America,Online,2,449.21,0.05,853.5,Completed
101492,2024-06-20,465,14,Europe,Retail,3,58.1,0.0,174.3,Completed
101628,2024-06-20,263,1,North America,Online,1,1246.47,0.0,1246.47,Completed
102602,2024-06-20,93,10,Europe,Retail,1,44.55,0.0,44.55,Completed
103092,2024-06-20,375,7,North America,Online,1,562.43,0.15,478.07,Completed
104402,2024-06-20,589,20,North America,Retail,1,177.85,0.05,168.96,Completed
105504,2024-06-20,85,21,North America,Online,1,307.26,0.0,307.26,Completed
106673,2024-06-20,20,7,Europe,Online,2,574.41,0.0,1148.82,Completed
100038,2024-06-21,310,11,North America,Online,3,28.16,0.1,76.03,Completed
100249,2024-06-21,193,21,North America,Partner,1,293.0,0.1,263.7,Completed
100881,2024-06-21,469,13,North America,Online,4,25.57,0.05,97.17,Completed
102423,2024-06-21,394,6,Asia Pacific,Retail,1,805.85,0.0,805.85,Completed
104092,2024-06-21,475,21,North America,Partner,2,295.45,0.0,590.9,Completed
104671,2024-06-21,267,7,North America,Online,2,544.13,0.0,1088.26,Completed
100209,2024-06-22,375,15,North America,Online,1,82.62,0.05,78.49,Completed
101407,2024-06-22,560,1,Europe,Partner,2,1198.33,0.15,2037.16,Completed
102137,2024-06-22,353,2,Europe,Retail,2,1400.2,0.0,2800.4,Completed
102938,2024-06-22,584,4,Europe,Retail,1,2013.13,0.1,1811.82,Completed
102949,2024-06-22,207,20,North America,Online,2,177.76,0.05,337.74,Completed
103580,2024-06-22,208,7,Asia Pacific,Online,2,547.21,,930.26,Completed
104513,2024-06-22,85,4,North America,Retail,2,2032.09,0.1,3657.76,Completed
104732,2024-06-22,529,13,Asia Pacific,Partner,4,26.49,0.0,105.96,Returned
105310,2024-06-22,387,6,Asia Pacific,Retail,1,772.58,0.05,733.95,Completed
105589,2024-06-22,513,17,North America,Online,2,454.88,0.15,773.3,Completed
105865,2024-06-22,206,11,North America,Partner,1,29.54,0.0,29.54,Completed
106364,2024-06-22,105,8,Asia Pacific,Retail,1,1088.22,,1033.81,Completed
100202,2024-06-23,289,12,Europe,Online,3,102.33,0.0,306.99,Completed
100535,2024-06-23,365,11,Asia Pacific,Retail,5,27.46,0.0,137.3,Completed
100960,2024-06-23,239,14,North America,Online,3,60.04,0.0,180.12,Completed
102518,2024-06-23,373,15,North America,Online,1,77.58,0.1,69.82,Completed
103338,2024-06-23,231,13,North America,Retail,4,24.67,0.15,83.88,Completed
103548,2024-06-23,473,11,North America,Retail,5,29.54,0.15,125.54,Completed
103559,2024-06-23,461,6,Europe,Partner,1,813.95,0.0,813.95,Completed
103585,2024-06-23,479,8,Europe,Retail,1,1120.7,0.15,952.6,Completed
104055,2024-06-23,348,12,North America,Partner,8,101.71,0.05,773.0,Returned
105213,2024-06-23,230,20,North America,Retail,2,186.35,0.1,335.43,Completed
105813,2024-06-23,164,8,North America,Retail,2,1121.37,0.0,2242.74,Completed
105908,2024-06-23,62,21,Europe,Online,5,299.63,0.0,1498.15,Completed
107000,2024-06-23,211,14,Asia Pacific,Online,3,57.58,0.0,172.74,Completed
101225,2024-06-24,412,14,Asia Pacific,Online,1,56.53,0.1,50.88,Completed
101506,2024-06-24,305,13,Latin America,Online,2,24.87,0.0,49.74,Completed
101652,2024-06-24,96,19,Europe,Partner,1,97.72,0.0,97.72,Completed
102296,2024-06-24,505,8,Europe,Online,1,1134.01,0.15,963.91,Completed
102894,2024-06-24,588,10,North America,Online,4,45.56,0.15,154.9,Completed
103236,2024-06-24,218,1,North America,Partner,2,1245.07,0.05,2365.63,Completed
103838,2024-06-24,404,13,North America,Retail,1,24.46,0.05,23.24,Completed
105791,2024-06-24,279,12,Latin America,Partner,3,103.61,0.05,295.29,Completed
105839,2024-06-24,365,6,Asia Pacific,Online,2,794.31,0.0,1588.62,Completed
105991,2024-06-24,97,13,North America,Partner,3,25.31,0.0,75.93,Completed
101308,2024-06-25,394,15,Asia Pacific,Partner,3,78.85,0.05,224.72,Completed
103159,2024-06-25,29,13,North America,Online,10,24.61,0.15,209.18,Completed
104023,2024-06-25,267,8,North America,Online,2,1064.22,0.1,1915.6,Completed
104253,2024-06-25,506,3,Asia Pacific,Online,1,1002.62,0.1,902.36,Completed
105282,2024-06-25,106,12,Asia Pacific,Retail,5,102.93,0.15,437.45,Completed
106996,2024-06-25,538,13,North America,Retail,4,26.14,0.0,104.56,Completed
100288,2024-06-26,85,11,North America,Retail,4,28.86,0.1,103.9,Completed
100772,2024-06-26,569,3,North America,Online,2,930.58,0.05,1768.1,Completed
100946,2024-06-26,400,6,Europe,Retail,2,767.54,0.0,1535.08,Completed
102185,2024-06-26,36,13,North America,Partner,5,26.11,0.0,130.55,Completed
103149,2024-06-26,36,14,North America,Online,2,59.15,0.0,118.3,Completed
103431,2024-06-26,253,15,Europe,Retail,2,79.45,0.0,158.9,Completed
105152,2024-06-26,552,10,North America,Partner,4,44.89,0.0,179.56,Completed
105766,2024-06-26,573,10,Europe,Online,4,44.93,0.15,152.76,Completed
105943,2024-06-26,537,13,Europe,Online,4,25.65,0.15,87.21,Completed
100514,2024-06-27,430,15,Asia Pacific,Retail,1,79.7,0.15,67.74,Completed
100718,2024-06-27,560,10,Europe,,1,46.28,0.0,46.28,Completed
101228,2024-06-27,231,12,North America,Online,1,97.69,0.15,83.04,Completed
103124,2024-06-27,241,7,Asia Pacific,Retail,2,540.54,0.15,918.92,Completed
103465,2024-06-27,282,8,North America,Online,1,1056.84,0.05,1004.0,Completed
105118,2024-06-27,189,14,Asia Pacific,Online,3,61.06,0.0,183.18,Completed
105288,2024-06-27,2,8,Europe,Online,1,1109.75,0.0,1109.75,Completed
106278,2024-06-27,596,12,North America,Online,12,99.2,0.0,1190.4,Completed
106557,2024-06-27,137,1,Middle East & Africa,Online,1,1245.94,0.0,1245.94,Completed
100359,2024-06-28,490,19,Europe,Online,2,98.95,0.15,168.22,Completed
100524,2024-06-28,423,15,North America,Online,1,76.2,0.15,64.77,Completed
102784,2024-06-28,258,18,North America,Partner,1,768.22,0.0,768.22,Completed
105897,2024-06-28,561,18,North America,Partner,1,710.8,0.1,639.72,Completed
105957,2024-06-28,370,13,Latin America,Online,1,24.39,0.15,20.73,Completed
100368,2024-06-29,337,13,North America,Online,1,25.29,,21.5,Completed
100706,2024-06-29,97,11,North America,Retail,5,30.26,0.1,136.17,Cancelled
101463,2024-06-29,267,3,North America,Retail,1,963.61,0.0,963.61,Completed
102154,2024-06-29,390,13,Latin America,Online,12,25.1,0.0,301.2,Completed
102213,2024-06-29,334,2,Latin America,Online,5,1519.24,0.0,7596.2,Returned
102794,2024-06-29,76,15,North America,Online,3,80.8,0.0,242.4,Completed
104695,2024-06-29,321,2,Latin America,Retail,1,1467.77,0.0,1467.77,Completed
106375,2024-06-29,34,11,North America,Online,3,29.91,0.1,80.76,Completed
106669,2024-06-29,432,16,Asia Pacific,Online,2,203.43,0.0,406.86,Completed
106744,2024-06-29,218,3,North America,Partner,2,976.06,0.1,1756.91,Completed
100827,2024-06-30,37,13,North America,Online,1,25.61,0.15,21.77,Completed
101087,2024-06-30,511,20,North America,Online,3,182.65,0.0,547.95,Completed
103178,2024-06-30,405,7,Middle East & Africa,Online,2,519.84,0.0,1039.68,Returned
103806,2024-06-30,338,11,Asia Pacific,Online,3,29.69,0.05,84.62,Completed
104231,2024-06-30,71,15,North America,Online,1,75.81,0.0,75.81,Completed
104736,2024-06-30,505,14,Europe,Retail,2,58.09,0.1,104.56,Completed
105613,2024-06-30,57,16,Europe,Partner,1,197.63,0.0,197.63,Completed
106674,2024-06-30,427,12,North America,Online,3,99.91,0.0,299.73,Completed
106772,2024-06-30,319,16,North America,Online,2,200.69,0.0,401.38,Completed
100162,2024-07-01,565,15,Europe,Online,3,77.87,0.15,198.57,Completed
100775,2024-07-01,387,14,Asia Pacific,Retail,3,56.94,0.15,145.2,Completed
100959,2024-07-01,379,15,Europe,Retail,2,80.08,0.15,136.14,Completed
102181,2024-07-01,445,10,North America,Online,2,41.08,0.0,82.16,Completed
104364,2024-07-01,196,11,North America,Partner,4,27.09,0.0,108.36,Completed
104479,2024-07-01,513,2,North America,Retail,2,1501.67,0.0,3003.34,Completed
105556,2024-07-01,437,12,North America,Online,3,100.14,0.0,300.42,Completed
106157,2024-07-01,90,8,Europe,Retail,2,1186.15,0.15,2016.46,Completed
106763,2024-07-01,440,13,Europe,Online,3,25.37,0.15,64.69,Completed
106924,2024-07-01,116,1,Latin America,,1,1222.97,0.0,1222.97,Completed
100062,2024-07-02,405,14,Middle East & Africa,Retail,1,57.9,0.0,57.9,Completed
100399,2024-07-02,538,3,North America,Online,2,996.94,0.0,1993.88,Completed
100422,2024-07-02,236,7,Asia Pacific,Retail,2,539.31,0.0,1078.62,Completed
101047,2024-07-02,198,11,Latin America,Retail,3,28.81,0.0,86.43,Completed
101264,2024-07-02,520,8,Asia Pacific,Online,10,1060.96,0.0,10609.6,Completed
101817,2024-07-02,514,3,North America,Partner,1,986.04,0.0,986.04,Completed
103345,2024-07-02,329,4,Europe,Retail,1,2007.53,0.05,1907.15,Completed
103413,2024-07-02,100,20,Middle East & Africa,Online,2,160.11,0.1,288.2,Completed
104713,2024-07-02,513,11,North America,Online,5,28.39,0.05,134.85,Completed
106048,2024-07-02,253,12,Europe,Online,5,98.75,0.0,493.75,Completed
106224,2024-07-02,404,15,North America,Online,5,78.65,0.0,393.25,Completed
106373,2024-07-02,367,20,Asia Pacific,Online,1,171.12,0.0,171.12,Completed
101109,2024-07-03,580,11,North America,Online,5,28.86,0.0,144.3,Completed
101373,2024-07-03,176,18,North America,Partner,1,741.07,0.05,704.02,Completed
102128,2024-07-03,36,4,North America,Online,2,2029.45,0.15,3450.06,Completed
102412,2024-07-03,323,23,North America,Retail,5,121.93,0.1,548.69,Completed
102478,2024-07-03,132,21,Latin America,Online,1,306.55,0.0,306.55,Completed
103333,2024-07-03,353,24,Europe,Partner,2,61.43,0.0,122.86,Completed
104471,2024-07-03,260,17,Europe,Retail,1,482.85,0.0,482.85,Completed
106010,2024-07-03,135,10,Europe,Retail,4,44.66,0.1,160.78,Completed
106105,2024-07-03,215,20,Asia Pacific,Retail,2,179.55,0.0,359.1,Completed
100011,2024-07-04,267,7,North America,Online,2,535.35,0.0,1070.7,Completed
101441,2024-07-04,49,7,Asia Pacific,Retail,1,539.08,0.1,485.17,Completed
102337,2024-07-04,239,13,North America,Online,1,25.47,0.0,25.47,Completed
102433,2024-07-04,258,14,North America,Online,3,59.49,0.0,178.47,Completed
102509,2024-07-04,249,3,North America,Online,2,985.77,0.15,1675.81,Completed
102792,2024-07-04,85,1,North America,Retail,2,1214.62,0.05,2307.78,Completed
102976,2024-07-04,596,14,North America,Online,4,58.95,0.0,235.8,Completed
103001,2024-07-04,71,12,North America,Retail,2,96.63,0.15,164.27,Completed
100102,2024-07-05,101,10,Latin America,Online,1,45.61,0.15,38.77,Completed
100435,2024-07-05,128,21,North America,Retail,1,308.21,0.0,308.21,Completed
100527,2024-07-05,344,10,Europe,Retail,2,44.29,0.1,79.72,Completed
102152,2024-07-05,377,6,Latin America,Online,2,797.32,0.15,1355.44,Completed
103075,2024-07-05,407,6,North America,Online,2,795.79,0.1,1432.42,Completed
104049,2024-07-05,118,6,Asia Pacific,Online,2,801.82,0.0,1603.64,Completed
104275,2024-07-05,234,16,Europe,Online,2,199.89,0.0,399.78,Completed
105155,2024-07-05,253,8,Europe,Online,1,1086.43,0.05,1032.11,Completed
105375,2024-07-05,573,14,Europe,Online,2,55.66,0.05,105.75,Completed
106838,2024-07-05,23,8,Middle East & Africa,Partner,1,1029.12,0.0,1029.12,Completed
100986,2024-07-06,93,1,Europe,Partner,2,1133.78,0.15,1927.43,Completed
101304,2024-07-06,261,10,North America,Retail,6,43.7,0.1,235.98,Completed
101820,2024-07-06,84,21,North America,Retail,1,291.23,0.0,291.23,Completed
102390,2024-07-06,368,8,Asia Pacific,Partner,1,1018.1,0.05,967.2,Completed
103061,2024-07-06,571,20,North America,Retail,1,187.01,0.0,187.01,Completed
105218,2024-07-06,70,11,Europe,Retail,3,28.16,0.0,84.48,Completed
105936,2024-07-06,493,11,Asia Pacific,Online,1,26.95,0.0,26.95,Completed
106247,2024-07-06,52,13,North America,Retail,4,24.79,0.0,99.16,Completed
106612,2024-07-06,404,1,North America,Partner,2,1180.4,0.15,2006.68,Completed
101419,2024-07-07,110,12,Latin America,Retail,1,95.6,0.05,90.82,Cancelled
101437,2024-07-07,538,17,North America,Online,1,475.22,0.0,475.22,Completed
101865,2024-07-07,166,10,North America,Online,4,44.99,0.05,170.96,Returned
102261,2024-07-07,202,21,Middle East & Africa,Online,2,292.55,0.0,585.1,Completed
103314,2024-07-07,135,7,Europe,Online,1,577.91,0.1,520.12,Completed
105406,2024-07-07,424,18,North America,Online,2,756.5,0.1,1361.7,Completed
105432,2024-07-07,42,6,Asia Pacific,Partner,2,843.71,0.0,1687.42,Completed
106011,2024-07-07,371,11,Asia Pacific,Online,2,29.75,0.0,59.5,Completed
106218,2024-07-07,275,14,Asia Pacific,Retail,2,58.43,0.0,116.86,Completed
106955,2024-07-07,116,12,Latin America,Partner,1,101.74,0.15,86.48,Completed
100387,2024-07-08,526,10,North America,Retail,20,47.06,0.0,941.2,Completed
101699,2024-07-08,100,15,Middle East & Africa,Online,2,81.25,0.15,138.12,Completed
102999,2024-07-08,369,16,North America,Online,1,200.94,0.1,180.85,Completed
103427,2024-07-08,268,2,North America,Online,5,1448.64,0.15,6156.72,Completed
103592,2024-07-08,12,21,Latin America,Retail,1,302.79,0.0,302.79,Completed
103723,2024-07-08,379,12,Europe,Partner,5,91.52,0.0,457.6,Completed
104897,2024-07-08,484,7,North America,Retail,2,557.05,0.05,1058.39,Completed
105543,2024-07-08,176,10,North America,Online,5,45.13,0.0,225.65,Completed
105855,2024-07-08,89,1,North America,Retail,1,1249.85,0.0,1249.85,Completed
106824,2024-07-08,192,17,North America,Retail,1,439.11,0.0,439.11,Completed
100301,2024-07-09,269,6,North America,Retail,1,798.17,0.0,798.17,Completed
100729,2024-07-09,544,14,Middle East & Africa,Online,3,59.16,0.05,168.61,Completed
101900,2024-07-09,132,12,Latin America,Online,5,93.93,0.05,446.17,Returned
103950,2024-07-09,177,10,Europe,Online,5,44.74,0.0,223.7,Completed
105767,2024-07-09,309,15,North America,Online,1,80.35,0.0,80.35,Completed
105895,2024-07-09,215,15,Asia Pacific,Online,2,80.88,0.0,161.76,Completed
106268,2024-07-09,255,24,North America,Retail,4,58.37,0.0,233.48,Completed
106678,2024-07-09,322,14,Europe,Online,4,59.3,0.1,213.48,Completed
100133,2024-07-10,271,6,North America,Retail,1,790.14,0.1,711.13,Cancelled
101748,2024-07-10,231,14,North America,Partner,4,61.31,0.05,232.98,Completed
102238,2024-07-10,518,3,Asia Pacific,Retail,1,975.12,0.1,877.61,Returned
102697,2024-07-10,100,18,Middle East & Africa,Retail,2,750.18,0.1,1350.32,Completed
103761,2024-07-10,232,10,Europe,Retail,1,45.41,0.15,38.6,Completed
104047,2024-07-10,474,11,North America,Retail,5,29.23,0.0,146.15,Completed
104166,2024-07-10,13,13,Europe,Partner,3,25.55,0.15,65.15,Completed
104718,2024-07-10,544,7,Middle East & Africa,Online,1,538.68,0.0,538.68,Completed
104783,2024-07-10,477,10,Europe,Online,5,46.03,0.05,218.64,Completed
105772,2024-07-10,93,15,Europe,Retail,1,79.47,0.0,79.47,Completed
106478,2024-07-10,573,7,Europe,Retail,2,562.29,0.0,1124.58,Completed
100028,2024-07-11,340,8,Latin America,Online,1,1104.88,0.15,939.15,Completed
100386,2024-07-11,310,19,North America,Retail,2,89.21,0.1,160.58,Returned
100766,2024-07-11,327,1,Asia Pacific,Online,2,1195.88,0.15,2033.0,Completed
101051,2024-07-11,498,9,Europe,Partner,2,150.39,0.0,300.78,Completed
101956,2024-07-11,100,12,Middle East & Africa,Online,1,97.72,0.0,97.72,Completed
102550,2024-07-11,508,2,Asia Pacific,Retail,1,1491.31,0.0,1491.31,Completed
103392,2024-07-11,201,10,Asia Pacific,Retail,4,45.31,0.05,172.18,Completed
103915,2024-07-11,598,3,Europe,Retail,1,999.78,0.0,999.78,Completed
104020,2024-07-11,502,14,Latin America,Online,5,60.8,0.05,288.8,Cancelled
104350,2024-07-11,82,11,Europe,Online,2,30.26,0.05,57.49,Completed
104817,2024-07-11,497,4,Europe,Retail,1,1973.91,0.0,1973.91,Completed
105370,2024-07-11,413,13,North America,Retail,3,25.07,0.05,71.45,Completed
105563,2024-07-11,440,10,Europe,Retail,3,45.85,0.0,137.55,Completed
105907,2024-07-11,514,13,North America,Retail,2,24.82,0.1,44.68,Completed
100156,2024-07-12,40,15,Asia Pacific,Online,2,81.23,0.1,146.21,Completed
100999,2024-07-12,346,8,Asia Pacific,Online,3,1137.19,0.15,2899.83,Returned
102495,2024-07-12,118,12,Asia Pacific,Online,3,96.6,0.05,275.31,Completed
103541,2024-07-12,440,11,Europe,Online,5,29.43,0.0,147.15,Completed
103907,2024-07-12,362,4,North America,Partner,1,1984.4,0.0,1984.4,Completed
104192,2024-07-12,36,22,North America,Online,2,77.32,0.0,154.64,Completed
104800,2024-07-12,277,18,North America,Online,8,768.18,0.15,5223.62,Completed
105387,2024-07-12,167,12,Asia Pacific,Retail,2,95.59,0.15,162.5,Completed
105434,2024-07-12,419,10,North America,Retail,9,44.22,0.1,358.18,Returned
105530,2024-07-12,407,8,North America,Retail,2,1157.9,0.0,2315.8,Completed
105650,2024-07-12,581,7,Europe,Online,2,533.29,0.0,1066.58,Returned
100413,2024-07-13,248,15,Europe,Online,2,74.77,0.05,142.06,Completed
100967,2024-07-13,522,12,North America,Online,2,101.32,0.1,182.38,Completed
101216,2024-07-13,487,18,Europe,Online,2,748.66,0.15,1272.72,Completed
103565,2024-07-13,62,7,Europe,Online,10,557.13,0.1,5014.17,Completed
105245,2024-07-13,215,11,Asia Pacific,Online,1,29.44,0.05,27.97,Completed
105470,2024-07-13,597,3,Asia Pacific,Retail,1,1046.08,0.05,993.78,Completed
106169,2024-07-13,530,15,North America,Online,1,79.15,0.0,79.15,Completed
106280,2024-07-13,172,19,Europe,Partner,4,99.4,0.05,377.72,Completed
106347,2024-07-13,173,20,North America,Partner,1,179.0,0.05,170.05,Completed
106440,2024-07-13,185,15,Asia Pacific,Online,5,76.03,0.15,323.13,Completed
100824,2024-07-14,215,15,Asia Pacific,Retail,1,78.35,0.15,66.6,Completed
101563,2024-07-14,479,15,Europe,Online,5,80.4,0.0,402.0,Completed
101668,2024-07-14,228,4,Europe,Partner,2,1996.28,0.0,3992.56,Completed
102488,2024-07-14,563,6,Asia Pacific,Retail,2,799.55,0.05,1519.14,Completed
102937,2024-07-14,302,14,North America,Online,3,55.94,0.0,167.82,Completed
103818,2024-07-14,395,6,North America,Retail,2,759.6,0.0,1519.2,Completed
104503,2024-07-14,29,17,North America,Partner,5,437.56,0.1,1969.02,Completed
106128,2024-07-14,542,1,Europe,Online,2,1195.35,,2271.16,Completed
106546,2024-07-14,196,19,North America,Retail,1,99.95,0.0,99.95,Completed
106736,2024-07-14,485,11,North America,Online,5,29.99,0.1,134.95,Completed
100177,2024-07-15,181,12,Latin America,Partner,1,104.15,0.1,93.74,Completed
100862,2024-07-15,197,21,Europe,Retail,1,293.21,0.0,293.21,Completed
102473,2024-07-15,119,18,Europe,Online,1,782.54,0.1,704.29,Completed
102982,2024-07-15,267,21,North America,Partner,1,287.16,0.15,244.09,Completed
103266,2024-07-15,73,15,Latin America,Retail,10,80.97,0.0,809.7,Completed
103421,2024-07-15,384,5,Europe,Online,1,439.39,0.1,395.45,Completed
104534,2024-07-15,484,12,North America,Online,5,97.75,0.15,415.44,Completed
106609,2024-07-15,281,8,North America,Online,2,1155.14,0.0,2310.28,Completed
100035,2024-07-16,497,10,Europe,Online,4,46.27,0.05,175.83,Completed
100358,2024-07-16,85,15,North America,Online,1,76.39,0.05,72.57,Completed
100530,2024-07-16,419,11,North America,Partner,12,29.27,0.1,316.12,Completed
100614,2024-07-16,534,15,Europe,Online,3,80.02,0.0,240.06,Completed
101390,2024-07-16,310,3,North America,Retail,1,997.36,0.15,847.76,Completed
103181,2024-07-16,248,9,Europe,Retail,2,151.87,0.05,288.55,Completed
105114,2024-07-16,596,19,North America,Retail,2,103.16,0.15,175.37,Completed
105827,2024-07-16,294,3,North America,Online,1,1069.74,0.0,1069.74,Completed
106949,2024-07-16,36,14,North America,Online,5,58.75,0.1,264.38,Completed
106973,2024-07-16,48,10,North America,Retail,2,44.18,0.0,88.36,Completed
100992,2024-07-17,587,24,North America,Partner,12,59.15,0.0,709.8,Completed
101783,2024-07-17,166,8,North America,Retail,1,1131.73,0.05,1075.14,Completed
101811,2024-07-17,479,14,Europe,Online,2,57.39,0.0,114.78,Completed
103770,2024-07-17,442,15,North America,Retail,2,77.12,0.0,154.24,Completed
104171,2024-07-17,300,4,Europe,Retail,2,1933.39,0.05,3673.44,Completed
105705,2024-07-17,176,4,North America,Retail,1,1974.77,0.0,1974.77,Completed
105728,2024-07-17,497,12,Europe,Online,4,92.59,0.0,370.36,Completed
105927,2024-07-17,548,2,North America,Online,1,1526.07,0.0,1526.07,Completed
100794,2024-07-18,176,6,North America,Retail,2,748.88,0.05,1422.87,Completed
101085,2024-07-18,584,19,Europe,Online,2,101.34,0.1,182.41,Completed
101880,2024-07-18,13,14,Europe,Retail,5,60.7,0.05,288.32,Completed
102205,2024-07-18,96,10,Europe,Online,4,45.7,0.1,164.52,Completed
104230,2024-07-18,281,4,North America,Online,2,2009.96,0.0,4019.92,Completed
105250,2024-07-18,118,3,Asia Pacific,Retail,1,940.31,0.1,846.28,Completed
100812,2024-07-19,8,12,Asia Pacific,Retail,1,100.57,0.0,100.57,Completed
102609,2024-07-19,271,15,North America,Online,3,78.53,0.0,235.59,Returned
103970,2024-07-19,425,11,Europe,Online,5,29.86,0.0,149.3,Completed
104441,2024-07-19,118,6,Asia Pacific,Retail,2,836.94,0.0,1673.88,Completed
105232,2024-07-19,475,10,North America,Retail,2,45.66,0.15,77.62,Completed
105413,2024-07-19,290,10,North America,Partner,4,46.3,0.0,185.2,Cancelled
105994,2024-07-19,223,22,Asia Pacific,Retail,2,82.76,0.0,165.52,Completed
106967,2024-07-19,218,22,North America,Retail,1,82.02,0.0,82.02,Completed
101662,2024-07-20,218,14,North America,Online,1,59.28,0.0,59.28,Completed
103612,2024-07-20,514,8,North America,Online,2,1189.15,0.0,2378.3,Completed
104238,2024-07-20,413,6,North America,Online,1,783.05,0.0,783.05,Completed
104843,2024-07-20,423,14,North America,Online,3,59.97,0.1,161.92,Completed
105450,2024-07-20,58,7,Europe,Retail,2,531.87,0.05,1010.55,Completed
105606,2024-07-20,48,13,North America,Retail,4,25.94,0.1,93.38,Completed
105654,2024-07-20,422,21,North America,Online,1,307.64,0.0,307.64,Completed
106893,2024-07-20,572,7,Asia Pacific,Online,1,565.2,0.0,565.2,Completed
100511,2024-07-21,119,21,Europe,Online,2,289.65,0.0,579.3,Completed
100875,2024-07-21,525,20,North America,Retail,1,187.15,0.05,177.79,Completed
101377,2024-07-21,392,17,North America,Online,1,452.5,0.0,452.5,Completed
101503,2024-07-21,30,8,Asia Pacific,Online,2,1093.85,0.0,2187.7,Completed
102160,2024-07-21,558,14,Europe,Online,3,58.58,0.1,158.17,Completed
102424,2024-07-21,96,24,Europe,Retail,4,59.6,0.0,238.4,Completed
102593,2024-07-21,89,16,North America,Online,1,200.26,0.0,200.26,Completed
103864,2024-07-21,585,12,Latin America,Retail,4,97.15,0.0,388.6,Completed
103974,2024-07-21,302,4,North America,Online,2,2088.59,0.0,4177.18,Completed
104133,2024-07-21,328,12,Europe,Online,2,96.83,0.0,193.66,Completed
104799,2024-07-21,297,7,Middle East & Africa,Online,1,555.79,0.0,555.79,Completed
105198,2024-07-21,210,14,Europe,Online,2,60.93,0.15,103.58,Completed
105244,2024-07-21,374,3,North America,Online,1,1020.76,0.1,918.68,Completed
105901,2024-07-21,142,13,Europe,Online,2,25.89,0.0,51.78,Completed
106853,2024-07-21,267,14,North America,Online,3,59.55,0.0,178.65,Completed
100636,2024-07-22,54,10,Asia Pacific,Online,4,44.65,0.0,178.6,Completed
101082,2024-07-22,118,14,Asia Pacific,Retail,5,58.77,0.0,293.85,Completed
101135,2024-07-22,342,4,Middle East & Africa,Retail,2,1951.03,0.15,3316.75,Completed
101448,2024-07-22,238,11,Asia Pacific,Partner,1,28.98,0.05,27.53,Completed
101459,2024-07-22,417,14,North America,Partner,1,62.33,0.0,62.33,Completed
103407,2024-07-22,241,2,Asia Pacific,Online,2,1503.18,0.1,2705.72,Returned
103981,2024-07-22,425,12,Europe,Partner,5,97.77,0.15,415.52,Completed
104580,2024-07-22,447,14,Middle East & Africa,Online,4,56.45,0.0,225.8,Completed
105489,2024-07-22,530,14,North America,Retail,3,61.99,0.0,185.97,Completed
106606,2024-07-22,134,11,North America,Online,3,28.76,0.0,86.28,Completed
106863,2024-07-22,497,14,Europe,Online,5,60.89,0.15,258.78,Completed
100339,2024-07-23,85,1,North America,Retail,1,1172.38,0.15,996.52,Completed
101112,2024-07-23,344,6,Europe,Online,2,781.68,0.0,1563.36,Completed
101772,2024-07-23,117,18,Asia Pacific,Online,1,725.97,0.15,617.07,Completed
103777,2024-07-23,138,8,Europe,Online,2,1079.65,0.15,1835.41,Completed
103918,2024-07-23,309,13,North America,Partner,2,25.01,0.0,50.02,Completed
104536,2024-07-23,353,4,Europe,Retail,1,1943.75,0.1,1749.38,Returned
105380,2024-07-23,599,15,Middle East & Africa,Online,3,79.2,0.05,225.72,Completed
106492,2024-07-23,118,18,Asia Pacific,Online,2,781.04,0.0,1562.08,Completed
106563,2024-07-23,472,12,Europe,Partner,2,101.8,,183.24,Completed
100520,2024-07-24,536,14,North America,Retail,3,55.95,0.15,142.67,Completed
100923,2024-07-24,506,15,Asia Pacific,Retail,4,74.29,0.15,252.59,Completed
103377,2024-07-24,329,12,Europe,Online,3,95.78,0.05,272.97,Completed
104541,2024-07-24,142,6,Europe,Online,2,816.93,0.0,1633.86,Completed
104670,2024-07-24,39,14,North America,Online,1,56.11,0.0,56.11,Completed
104957,2024-07-24,328,7,Europe,Retail,2,557.75,0.0,1115.5,Completed
105484,2024-07-24,526,15,North America,Online,4,78.43,0.1,282.35,Completed
106090,2024-07-24,584,7,Europe,Online,1,567.71,0.0,567.71,Completed
100305,2024-07-25,225,2,North America,Retail,2,1544.8,0.0,3089.6,Completed
100578,2024-07-25,159,16,Asia Pacific,Online,2,199.93,0.05,379.87,Completed
100616,2024-07-25,185,11,Asia Pacific,Online,4,29.0,,98.6,Completed
100874,2024-07-25,37,2,North America,Retail,2,1458.14,0.0,2916.28,Completed
101329,2024-07-25,50,4,North America,Partner,2,2087.99,0.1,3758.38,Completed
101739,2024-07-25,123,14,North America,Online,1,57.31,0.0,57.31,Completed
102370,2024-07-25,266,10,North America,Partner,6,44.78,0.0,268.68,Completed
102505,2024-07-25,241,18,Asia Pacific,Online,1,754.23,0.0,754.23,Completed
103210,2024-07-25,205,6,North America,Online,2,804.46,0.05,1528.47,Completed
103910,2024-07-25,513,3,North America,Partner,2,1025.19,0.1,1845.34,Completed
104453,2024-07-25,375,17,North America,Partner,1,465.57,0.0,465.57,Completed
104875,2024-07-25,252,13,Latin America,Partner,3,26.89,0.0,80.67,Completed
105564,2024-07-25,288,13,North America,Online,4,24.75,0.15,84.15,Completed
105618,2024-07-25,179,2,Latin America,Online,2,1454.43,0.15,2472.53,Completed
105659,2024-07-25,298,12,Asia Pacific,Online,2,94.8,0.0,189.6,Completed
106154,2024-07-25,259,1,North America,Retail,1,1202.37,0.0,1202.37,Completed
100713,2024-07-26,501,13,Asia Pacific,Online,6,24.72,0.15,126.07,Completed
100773,2024-07-26,432,20,Asia Pacific,Online,2,183.22,0.0,366.44,Completed
101161,2024-07-26,132,17,Latin America,Online,2,448.38,0.0,896.76,Completed
103212,2024-07-26,526,2,North America,Retail,6,1557.42,0.05,8877.29,Completed
103238,2024-07-26,336,8,Europe,Retail,1,1073.35,,1073.35,Completed
104739,2024-07-26,144,12,Europe,Online,3,98.18,0.0,294.54,Completed
105723,2024-07-26,229,3,Europe,Retail,2,1000.84,0.0,2001.68,Completed
106619,2024-07-26,4,10,Asia Pacific,Online,3,45.07,,135.21,Completed
100748,2024-07-27,405,17,Middle East & Africa,Online,1,448.48,0.1,403.63,Completed
101707,2024-07-27,138,24,Europe,Retail,4,59.08,0.0,236.32,Completed
102835,2024-07-27,171,2,North America,Retail,1,1499.93,0.0,1499.93,Completed
103479,2024-07-27,211,15,Asia Pacific,Retail,5,79.0,0.05,375.25,Completed
104859,2024-07-27,562,11,North America,Online,1,29.53,0.05,28.05,Completed
106008,2024-07-27,475,2,North America,Online,1,1564.35,0.0,1564.35,Completed
101483,2024-07-28,296,10,Latin America,Retail,2,43.95,0.05,83.5,Completed
101902,2024-07-28,238,2,Asia Pacific,Retail,2,1489.28,,2978.56,Completed
103940,2024-07-28,185,2,Asia Pacific,Partner,1,1532.44,0.05,1455.82,Completed
104060,2024-07-28,216,18,Asia Pacific,Retail,1,763.09,0.05,724.94,Completed
104742,2024-07-28,85,17,North America,Retail,1,455.67,0.1,410.1,Completed
105043,2024-07-28,62,14,Europe,Retail,10,60.05,0.1,540.45,Completed
105391,2024-07-28,298,2,Asia Pacific,Online,1,1475.81,0.0,1475.81,Completed
100764,2024-07-29,53,13,Asia Pacific,Retail,1,24.39,0.1,21.95,Completed
101554,2024-07-29,453,12,Asia Pacific,Online,1,99.72,0.0,99.72,Completed
102421,2024-07-29,37,11,North America,Retail,4,28.21,0.0,112.84,Completed
102560,2024-07-29,539,12,North America,Partner,1,100.09,0.0,100.09,Completed
104063,2024-07-29,117,15,Asia Pacific,Online,3,76.6,0.1,206.82,Completed
104211,2024-07-29,156,10,Asia Pacific,Online,6,46.65,0.15,237.91,Completed
104393,2024-07-29,244,10,Europe,Retail,20,45.08,0.0,901.6,Completed
104548,2024-07-29,454,19,North America,Online,2,95.66,0.1,172.19,Completed
104549,2024-07-29,567,13,Asia Pacific,Online,1,26.35,0.05,25.03,Completed
105647,2024-07-29,254,2,North America,Partner,2,1505.86,0.0,3011.72,Completed
106866,2024-07-29,218,15,North America,Partner,2,80.19,0.15,136.32,Completed
100241,2024-07-30,231,17,North America,Online,1,442.54,0.0,442.54,Completed
100579,2024-07-30,191,2,Latin America,Online,2,1453.04,0.0,2906.08,Completed
101601,2024-07-30,309,14,North America,Retail,2,62.14,0.0,124.28,Completed
102529,2024-07-30,284,14,North America,Retail,3,57.63,0.1,155.6,Completed
102771,2024-07-30,157,7,North America,Online,1,539.65,0.0,539.65,Completed
103185,2024-07-30,253,4,Europe,Online,2,2090.91,,4181.82,Completed
103414,2024-07-30,135,11,Europe,Retail,2,29.61,0.0,59.22,Completed
103468,2024-07-30,42,6,Asia Pacific,Online,1,806.76,0.15,685.75,Completed
104266,2024-07-30,243,19,North America,,2,98.23,0.05,186.64,Completed
104818,2024-07-30,37,15,North America,Online,1,81.65,0.0,81.65,Completed
105033,2024-07-30,386,14,Middle East & Africa,Online,4,58.58,0.1,210.89,Completed
105115,2024-07-30,235,16,Latin America,Retail,1,199.64,0.15,169.69,Completed
106314,2024-07-30,407,11,North America,Online,3,29.8,0.1,80.46,Completed
106704,2024-07-30,323,10,North America,Online,2,45.7,0.15,77.69,Completed
101097,2024-07-31,248,10,Europe,Online,3,45.73,0.1,123.47,Completed
101346,2024-07-31,224,16,Middle East & Africa,Online,1,198.33,0.05,188.41,Completed
101481,2024-07-31,60,7,North America,Partner,1,549.47,0.0,549.47,Completed
101650,2024-07-31,31,12,Asia Pacific,Online,1,102.26,0.1,92.03,Completed
101845,2024-07-31,280,7,Latin America,Retail,1,558.91,0.15,475.07,Completed
102680,2024-07-31,164,13,North America,Partner,5,23.68,0.05,112.48,Completed
103184,2024-07-31,32,3,Middle East & Africa,Online,3,1032.2,0.15,2632.11,Completed
104555,2024-07-31,369,4,North America,Online,2,1932.4,0.1,3478.32,Completed
104767,2024-07-31,157,6,North America,Retail,1,771.81,,771.81,Completed
106579,2024-07-31,243,8,North America,Retail,1,1064.76,0.1,958.28,Cancelled
106746,2024-07-31,25,23,Asia Pacific,Online,5,128.87,0.1,579.92,Completed
100032,2024-08-01,253,11,Europe,Retail,1,27.37,0.0,27.37,Completed
100905,2024-08-01,341,4,North America,Online,1,1914.83,0.0,1914.83,Completed
101105,2024-08-01,368,20,Asia Pacific,Online,1,182.49,0.15,155.12,Completed
103787,2024-08-01,34,10,North America,Online,5,44.94,0.1,202.23,Completed
104388,2024-08-01,11,11,North America,Online,3,28.93,0.15,73.77,Completed
104614,2024-08-01,569,21,North America,Online,2,290.34,0.1,522.61,Completed
104881,2024-08-01,291,2,Asia Pacific,Partner,1,1540.96,0.0,1540.96,Completed
105438,2024-08-01,314,10,North America,Partner,5,45.39,0.0,226.95,Completed
106311,2024-08-01,466,13,Asia Pacific,Retail,4,24.09,0.1,86.72,Completed
100052,2024-08-02,517,11,North America,Online,5,29.54,0.1,132.93,Completed
100892,2024-08-02,490,6,Europe,Retail,2,830.96,0.0,1661.92,Completed
101989,2024-08-02,12,14,Latin America,Retail,3,56.56,0.0,169.68,Completed
102878,2024-08-02,72,15,Europe,Partner,1,78.76,0.0,78.76,Completed
103341,2024-08-02,512,11,Asia Pacific,Retail,3,29.8,0.05,84.93,Completed
103891,2024-08-02,576,2,Europe,Partner,1,1459.12,,1240.25,Completed
104667,2024-08-02,249,11,North America,Online,1,28.87,0.1,25.98,Completed
105612,2024-08-02,488,9,North America,Online,2,155.69,0.0,311.38,Completed
100735,2024-08-03,267,8,North America,Retail,2,1093.92,0.0,2187.84,Completed
101620,2024-08-03,112,10,North America,Online,1,46.86,0.1,42.17,Completed
102978,2024-08-03,363,1,North America,Retail,1,1260.17,0.1,1134.15,Completed
103423,2024-08-03,430,19,Asia Pacific,Retail,1,99.75,0.0,99.75,Completed
103752,2024-08-03,427,2,North America,Online,2,1591.63,0.0,3183.26,Completed
104149,2024-08-03,279,17,Latin America,Online,1,438.89,0.1,395.0,Completed
104299,2024-08-03,15,22,Europe,Partner,1,79.49,0.0,79.49,Completed
106427,2024-08-03,245,2,Europe,Online,3,1521.72,0.0,4565.16,Completed
106481,2024-08-03,233,6,Middle East & Africa,Partner,2,808.36,0.15,1374.21,Completed
100073,2024-08-04,114,14,Europe,Retail,1,57.97,0.15,49.27,Completed
100674,2024-08-04,211,13,Asia Pacific,Retail,5,25.24,0.05,119.89,Completed
101184,2024-08-04,136,15,North America,Online,5,73.88,0.1,332.46,Completed
101425,2024-08-04,226,20,Latin America,Online,1,186.39,0.05,177.07,Completed
101977,2024-08-04,568,1,North America,Retail,2,1168.69,0.15,1986.77,Completed
102947,2024-08-04,479,10,Europe,Partner,5,43.97,0.0,219.85,Completed
103905,2024-08-04,252,21,Latin America,Retail,2,290.63,0.0,581.26,Completed
104380,2024-08-04,272,7,North America,Online,2,551.84,0.0,1103.68,Completed
104443,2024-08-04,206,13,North America,Retail,2,25.86,0.1,46.55,Completed
104532,2024-08-04,145,13,Europe,Online,2,24.83,0.05,47.18,Returned
104547,2024-08-04,350,1,North America,Online,1,1164.42,0.05,1106.2,Completed
105977,2024-08-04,9,10,North America,Retail,3,46.52,0.0,139.56,Completed
106351,2024-08-04,133,8,Europe,Online,1,1110.51,0.0,1110.51,Returned
106548,2024-08-04,529,14,Asia Pacific,Retail,4,59.95,0.0,239.8,Completed
106625,2024-08-04,258,4,North America,Partner,2,2068.71,0.15,3516.81,Completed
100352,2024-08-05,548,8,North America,Partner,2,1141.35,0.0,2282.7,Completed
101338,2024-08-05,193,11,North America,Online,1,29.89,0.0,29.89,Completed
101792,2024-08-05,248,6,Europe,Online,1,791.51,0.0,791.51,Completed
102127,2024-08-05,272,1,North America,Online,2,1205.71,0.0,2411.42,Completed
102158,2024-08-05,138,14,Europe,Online,2,59.16,0.0,118.32,Returned
102538,2024-08-05,173,17,North America,Retail,2,441.05,0.1,793.89,Completed
103379,2024-08-05,301,15,Asia Pacific,Retail,1,83.0,0.1,74.7,Completed
104006,2024-08-05,361,17,Latin America,Online,1,455.6,0.15,387.26,Completed
104058,2024-08-05,23,6,Middle East & Africa,Partner,2,799.23,0.0,1598.46,Completed
104746,2024-08-05,326,4,Asia Pacific,Online,1,1995.82,0.0,1995.82,Completed
106344,2024-08-05,206,14,North America,Online,2,63.54,0.1,114.37,Returned
100026,2024-08-06,460,7,Europe,Partner,1,526.13,0.0,526.13,Completed
101781,2024-08-06,598,10,Europe,Retail,4,44.2,0.0,176.8,Completed
102149,2024-08-06,530,14,North America,Retail,5,57.83,0.15,245.78,Completed
102614,2024-08-06,106,3,Asia Pacific,Online,1,991.35,0.0,991.35,Completed
102903,2024-08-06,100,3,Middle East & Africa,Retail,1,1022.72,0.15,869.31,Completed
103733,2024-08-06,326,15,Asia Pacific,Retail,5,80.29,0.1,361.31,Completed
105219,2024-08-06,277,14,North America,Partner,20,62.12,0.0,1242.4,Cancelled
105704,2024-08-06,281,3,North America,Online,2,1005.59,0.15,1709.5,Completed
105720,2024-08-06,284,11,North America,Retail,4,27.8,0.15,94.52,Completed
105874,2024-08-06,104,12,Middle East & Africa,Online,5,98.15,0.05,466.21,Completed
100787,2024-08-07,295,18,Asia Pacific,Partner,5,762.35,0.05,3621.16,Completed
102293,2024-08-07,404,24,North America,Partner,2,60.59,0.0,121.18,Completed
103015,2024-08-07,564,11,Europe,Partner,3,31.1,0.05,88.64,Completed
103406,2024-08-07,505,13,Europe,Partner,1,25.67,0.1,23.1,Completed
103876,2024-08-07,482,23,North America,Partner,5,122.45,0.0,612.25,Completed
103948,2024-08-07,389,8,North America,Online,2,1075.98,0.05,2044.36,Completed
105367,2024-08-07,308,4,Europe,Partner,10,1986.84,0.0,19868.4,Completed
105714,2024-08-07,202,21,Middle East & Africa,Online,2,291.1,0.05,553.09,Completed
106220,2024-08-07,340,2,Latin America,Online,2,1463.91,0.05,2781.43,Completed
106385,2024-08-07,330,15,North America,Online,5,78.75,0.0,393.75,Completed
106954,2024-08-07,154,3,Europe,Retail,6,1014.36,0.0,6086.16,Completed
101708,2024-08-08,253,1,Europe,Partner,2,1257.84,0.0,2515.68,Completed
102290,2024-08-08,207,3,North America,Online,2,1003.99,0.15,1706.78,Completed
103690,2024-08-08,505,11,Europe,Online,1,28.75,0.0,28.75,Completed
103786,2024-08-08,533,6,Europe,Retail,2,789.56,0.0,1579.12,Completed
104749,2024-08-08,499,14,North America,Retail,1,58.18,0.1,52.36,Completed
106276,2024-08-08,440,10,Europe,Online,4,42.56,0.05,161.73,Completed
106323,2024-08-08,463,20,Latin America,Online,1,179.91,0.0,179.91,Completed
106706,2024-08-08,89,12,North America,Online,4,95.91,0.0,383.64,Completed
100247,2024-08-09,407,4,North America,Online,1,1988.7,0.05,1889.26,Returned
101317,2024-08-09,163,11,North America,Retail,5,28.01,0.0,140.05,Completed
101683,2024-08-09,172,15,Europe,Retail,4,82.7,0.0,330.8,Completed
101945,2024-08-09,475,7,North America,Retail,1,524.11,0.0,524.11,Completed
102193,2024-08-09,334,7,Latin America,Online,2,534.18,0.0,1068.36,Returned
102406,2024-08-09,234,2,Europe,Retail,1,1427.41,0.1,1284.67,Completed
103006,2024-08-09,233,13,Middle East & Africa,Online,1,25.28,0.0,25.28,Completed
105628,2024-08-09,85,5,North America,Online,1,429.21,0.0,429.21,Completed
105853,2024-08-09,514,9,North America,Online,1,157.5,0.15,133.88,Completed
106212,2024-08-09,497,24,Europe,Partner,1,58.9,0.0,58.9,Completed
106705,2024-08-09,313,13,North America,Retail,1,24.46,0.0,24.46,Completed
100408,2024-08-10,441,4,Latin America,Online,1,2019.36,0.0,2019.36,Completed
100669,2024-08-10,218,1,North America,Retail,2,1212.45,0.0,2424.9,Completed
101731,2024-08-10,475,13,North America,Retail,5,23.82,0.0,119.1,Completed
102452,2024-08-10,233,8,Middle East & Africa,Online,2,1069.51,0.0,2139.02,Completed
102880,2024-08-10,76,1,North America,Retail,1,1183.7,0.0,1183.7,Completed
103035,2024-08-10,24,12,Latin America,Online,5,98.76,0.15,419.73,Completed
104117,2024-08-10,134,15,North America,Online,4,84.36,0.15,286.82,Completed
104925,2024-08-10,176,3,North America,Partner,2,940.81,0.0,1881.62,Completed
105057,2024-08-10,374,15,North America,Retail,4,79.28,0.15,269.55,Completed
105869,2024-08-10,347,8,Latin America,Retail,2,1110.01,0.1,1998.02,Completed
106438,2024-08-10,230,13,North America,Retail,2,23.87,0.15,40.58,Completed
101447,2024-08-11,282,4,North America,Partner,1,1934.64,0.1,1741.18,Completed
101833,2024-08-11,525,15,North America,Online,1,75.3,0.0,75.3,Completed
102125,2024-08-11,416,12,North America,Online,3,97.53,0.0,292.59,Returned
103750,2024-08-11,89,8,North America,Partner,1,1121.99,0.0,1121.99,Completed
104205,2024-08-11,408,4,Asia Pacific,Online,2,1982.56,0.0,3965.12,Cancelled
105102,2024-08-11,219,6,Latin America,Online,1,796.14,0.05,756.33,Completed
100066,2024-08-12,115,11,North America,Online,3,29.14,0.0,87.42,Completed
101310,2024-08-12,87,1,Asia Pacific,Retail,1,1167.82,0.15,992.65,Completed
102766,2024-08-12,175,20,North America,Retail,2,176.45,0.05,335.25,Completed
103464,2024-08-12,259,13,North America,Online,5,25.28,0.0,126.4,Completed
104752,2024-08-12,172,7,Europe,Online,8,546.84,0.1,3937.25,Completed
105940,2024-08-12,599,13,Middle East & Africa,Online,1,25.54,0.15,21.71,Completed
106732,2024-08-12,280,10,Latin America,Online,2,44.36,0.0,88.72,Completed
100747,2024-08-13,530,8,North America,Online,2,1125.44,0.0,2250.88,Completed
103227,2024-08-13,305,12,Latin America,Retail,4,100.88,0.0,403.52,Completed
104068,2024-08-13,34,11,North America,Online,2,28.58,0.0,57.16,Completed
104084,2024-08-13,138,17,Europe,Online,2,439.87,0.1,791.77,Completed
104597,2024-08-13,539,16,North America,Online,1,194.59,0.0,194.59,Completed
104773,2024-08-13,394,13,Asia Pacific,Online,2,24.44,0.0,48.88,Completed
105106,2024-08-13,316,11,North America,Retail,8,28.84,0.1,207.65,Returned
105396,2024-08-13,173,17,North America,Online,1,420.13,0.0,420.13,Completed
100430,2024-08-14,299,11,Asia Pacific,Retail,5,28.91,0.0,144.55,Completed
100917,2024-08-14,100,13,Middle East & Africa,Online,3,24.94,0.0,74.82,Completed
102284,2024-08-14,340,12,Latin America,Online,4,93.97,0.1,338.29,Completed
103386,2024-08-14,276,15,Europe,Online,5,72.97,0.0,364.85,Completed
105012,2024-08-14,470,16,Europe,Retail,1,204.31,0.1,183.88,Completed
106158,2024-08-14,548,8,North America,Retail,1,1068.32,0.05,1014.9,Completed
101281,2024-08-15,429,15,North America,Online,1,75.0,0.0,75.0,Completed
103044,2024-08-15,411,4,Asia Pacific,Online,10,2014.83,0.05,19140.88,Completed
104062,2024-08-15,413,16,North America,Retail,1,194.62,0.0,194.62,Completed
104638,2024-08-15,106,10,Asia Pacific,Partner,2,46.36,0.05,88.08,Completed
104994,2024-08-15,246,10,Latin America,Online,5,44.3,0.15,188.28,Completed
105337,2024-08-15,171,19,North America,Retail,1,99.44,0.05,94.47,Completed
106424,2024-08-15,159,10,Asia Pacific,Retail,1,47.12,0.0,47.12,Completed
100286,2024-08-16,289,21,Europe,Online,1,307.46,0.1,276.71,Completed
100393,2024-08-16,584,2,Europe,Online,1,1505.08,0.15,1279.32,Completed
100426,2024-08-16,209,10,North America,Online,4,45.63,0.05,173.39,Completed
102434,2024-08-16,253,13,Europe,Retail,2,23.99,0.15,40.78,Completed
103064,2024-08-16,353,10,Europe,Retail,4,44.88,0.0,179.52,Completed
104317,2024-08-16,315,12,North America,Retail,1,99.66,0.0,99.66,Completed
104514,2024-08-16,161,13,North America,Online,1,25.11,0.05,23.85,Completed
104880,2024-08-16,480,13,Europe,Online,1,25.77,0.15,21.9,Completed
106135,2024-08-16,3,6,Latin America,Partner,1,781.63,0.15,664.39,Completed
106921,2024-08-16,91,6,North America,Retail,1,840.04,0.05,798.04,Completed
100326,2024-08-17,241,18,Asia Pacific,Retail,1,726.11,0.0,726.11,Completed
100995,2024-08-17,244,14,Europe,Online,10,58.14,0.0,581.4,Completed
101928,2024-08-17,242,3,Asia Pacific,Online,1,944.2,0.15,802.57,Completed
101960,2024-08-17,547,20,Europe,Partner,2,182.91,0.1,329.24,Completed
105439,2024-08-17,202,20,Middle East & Africa,Online,2,173.89,0.15,295.61,Completed
105460,2024-08-17,416,2,North America,Online,2,1492.59,0.0,2985.18,Completed
106675,2024-08-17,589,14,North America,Online,4,58.13,0.15,197.64,Completed
106995,2024-08-17,288,7,North America,Online,1,530.97,0.15,451.32,Completed
100622,2024-08-18,119,14,Europe,Online,4,58.03,0.0,232.12,Returned
102013,2024-08-18,576,10,Europe,Retail,5,44.49,0.0,222.45,Completed
102552,2024-08-18,246,14,Latin America,Online,5,58.8,0.15,249.9,Completed
102932,2024-08-18,180,10,Asia Pacific,Online,4,44.05,0.0,176.2,Completed
104140,2024-08-18,538,11,North America,Online,1,30.41,0.15,25.85,Completed
104600,2024-08-18,192,8,North America,Online,2,1193.64,0.05,2267.92,Completed
104601,2024-08-18,345,20,Asia Pacific,Retail,2,168.52,0.05,320.19,Completed
105212,2024-08-18,593,8,North America,Online,1,1123.47,0.15,954.95,Completed
105222,2024-08-18,552,15,North America,Online,4,75.85,0.0,303.4,Completed
105891,2024-08-18,241,19,Asia Pacific,Online,2,100.23,0.0,200.46,Completed
100254,2024-08-19,202,11,Middle East & Africa,Online,5,30.01,0.05,142.55,Completed
103619,2024-08-19,506,16,Asia Pacific,Online,1,199.71,0.05,189.72,Completed
104756,2024-08-19,410,13,Middle East & Africa,Online,5,25.14,0.0,125.7,Completed
105096,2024-08-19,360,15,Europe,Online,5,82.41,0.0,412.05,Completed
106149,2024-08-19,329,12,Europe,Online,3,97.71,0.05,278.47,Returned
106394,2024-08-19,479,8,Europe,Partner,1,1093.81,0.15,929.74,Completed
106816,2024-08-19,150,1,North America,Online,6,1255.0,0.0,7530.0,Completed
100279,2024-08-20,329,10,Europe,Retail,1,43.87,0.1,39.48,Completed
100604,2024-08-20,475,4,North America,Partner,2,2087.04,0.1,3756.67,Completed
101179,2024-08-20,273,13,North America,Online,2,24.68,0.05,46.89,Completed
101965,2024-08-20,86,11,North America,Retail,4,28.91,0.0,115.64,Completed
102336,2024-08-20,358,12,Asia Pacific,Online,1,93.45,0.1,84.1,Returned
103090,2024-08-20,230,11,North America,Retail,3,27.66,0.0,82.98,Completed
103363,2024-08-20,541,13,Middle East & Africa,Online,4,24.69,0.0,98.76,Completed
104430,2024-08-20,428,13,Asia Pacific,Retail,4,25.81,0.1,92.92,Completed
104507,2024-08-20,353,8,Europe,Retail,1,1164.31,0.0,1164.31,Completed
104687,2024-08-20,151,12,Asia Pacific,Retail,10,100.69,0.05,956.56,Completed
106147,2024-08-20,415,8,North America,Online,2,1098.61,0.0,2197.22,Completed
106208,2024-08-20,239,10,North America,Online,3,45.13,0.0,135.39,Completed
106810,2024-08-20,343,13,Asia Pacific,Partner,1,25.31,0.0,25.31,Completed
100163,2024-08-21,238,18,Asia Pacific,Online,2,748.26,0.05,1421.69,Completed
101088,2024-08-21,548,1,North America,Online,1,1171.73,0.05,1113.14,Completed
101805,2024-08-21,413,15,North America,Retail,2,85.03,0.05,161.56,Completed
102002,2024-08-21,253,1,Europe,Online,1,1191.0,0.05,1131.45,Completed
102156,2024-08-21,97,14,North America,Retail,1,60.49,0.0,60.49,Completed
102768,2024-08-21,193,14,North America,Online,2,58.72,0.05,111.57,Completed
103260,2024-08-21,266,18,North America,Online,5,754.63,0.15,3207.18,Completed
103370,2024-08-21,191,17,Latin America,Online,1,439.99,0.15,373.99,Completed
103523,2024-08-21,511,10,North America,Online,8,45.35,0.1,326.52,Completed
103935,2024-08-21,273,24,North America,Retail,5,59.47,0.0,297.35,Completed
104056,2024-08-21,18,12,North America,Online,2,98.21,0.0,196.42,Completed
104511,2024-08-21,373,3,North America,Retail,1,1006.19,0.0,1006.19,Completed
105465,2024-08-21,476,14,North America,Retail,4,58.32,0.05,221.62,Completed
106520,2024-08-21,148,14,Europe,Retail,10,59.04,0.0,590.4,Completed
106522,2024-08-21,98,12,North America,Online,3,89.39,0.15,227.94,Completed
106787,2024-08-21,180,2,Asia Pacific,Online,2,1399.01,0.0,2798.02,Completed
100459,2024-08-22,481,3,Europe,Online,1,989.5,0.05,940.02,Completed
100816,2024-08-22,188,11,North America,Partner,5,30.03,0.0,150.15,Completed
102948,2024-08-22,272,12,North America,Online,2,101.99,0.05,193.78,Completed
103053,2024-08-22,530,20,North America,Online,1,181.86,0.0,181.86,Completed
105025,2024-08-22,375,4,North America,Retail,2,2082.46,0.05,3956.67,Completed
105703,2024-08-22,22,14,North America,Online,5,59.67,0.0,298.35,Completed
105878,2024-08-22,293,11,Latin America,Online,1,28.79,0.0,28.79,Completed
106129,2024-08-22,404,4,North America,Online,2,2020.58,0.1,3637.04,Completed
106527,2024-08-22,230,6,North America,Retail,1,770.38,0.15,654.82,Completed
106586,2024-08-22,447,13,Middle East & Africa,Retail,5,24.66,0.0,123.3,Completed
100645,2024-08-23,105,19,Asia Pacific,Online,1,103.21,0.0,103.21,Completed
101086,2024-08-23,85,20,North America,Online,2,174.0,0.05,330.6,Returned
102388,2024-08-23,417,11,North America,Retail,4,27.45,0.1,98.82,Completed
102517,2024-08-23,184,11,North America,Online,5,29.13,0.15,123.8,Completed
103295,2024-08-23,422,21,North America,Online,2,304.4,0.15,517.48,Completed
103812,2024-08-23,227,2,North America,Online,2,1484.77,0.15,2524.11,Completed
103879,2024-08-23,572,10,Asia Pacific,Retail,5,44.9,0.0,224.5,Completed
104183,2024-08-23,252,1,Latin America,Partner,2,1172.86,0.1,2111.15,Completed
104515,2024-08-23,443,3,Asia Pacific,Online,2,1022.91,0.0,2045.82,Completed
100173,2024-08-24,579,14,Latin America,Online,4,58.42,0.1,210.31,Completed
100610,2024-08-24,219,12,Latin America,Online,3,97.46,0.0,292.38,Completed
101065,2024-08-24,69,1,North America,Online,2,1232.83,0.0,2465.66,Completed
101354,2024-08-24,219,22,Latin America,Retail,2,80.08,0.0,160.16,Returned
101806,2024-08-24,423,4,North America,Retail,1,1919.87,0.0,1919.87,Completed
104521,2024-08-24,79,24,Europe,Partner,5,60.0,0.0,300.0,Completed
105652,2024-08-24,244,21,Europe,,8,294.86,0.0,2358.88,Completed
106324,2024-08-24,585,8,Latin America,Online,2,1099.91,0.0,2199.82,Returned
101295,2024-08-25,156,8,Asia Pacific,Partner,5,1136.27,0.05,5397.28,Completed
102855,2024-08-25,334,3,Latin America,Partner,4,1033.4,0.0,4133.6,Completed
103136,2024-08-25,13,11,Europe,Partner,2,28.82,0.05,54.76,Completed
103180,2024-08-25,393,16,Europe,Retail,1,211.11,0.0,211.11,Completed
103354,2024-08-25,425,15,Europe,Online,4,77.15,0.0,308.6,Returned
104114,2024-08-25,314,20,North America,Online,1,172.95,0.0,172.95,Completed
104329,2024-08-25,223,4,Asia Pacific,Partner,1,2014.1,0.0,2014.1,Completed
105905,2024-08-25,462,4,North America,Online,6,1992.84,0.15,10163.48,Completed
106374,2024-08-25,29,6,North America,Retail,10,762.07,0.15,6477.6,Completed
106493,2024-08-25,530,15,North America,Online,5,77.98,0.0,389.9,Completed
100003,2024-08-26,435,2,North America,Retail,1,1487.3,0.1,1338.57,Returned
100204,2024-08-26,251,13,Asia Pacific,Partner,3,24.6,0.1,66.42,Completed
100375,2024-08-26,584,6,Europe,Online,2,800.24,0.0,1600.48,Completed
101314,2024-08-26,116,4,Latin America,Retail,1,1831.22,0.0,1831.22,Completed
101642,2024-08-26,213,3,North America,Online,2,1002.46,0.0,2004.92,Completed
102713,2024-08-26,110,1,Latin America,Retail,2,1170.47,0.0,2340.94,Completed
102799,2024-08-26,573,4,Europe,Retail,1,2019.55,0.1,1817.6,Returned
102952,2024-08-26,368,12,Asia Pacific,Online,3,102.44,0.15,261.22,Completed
103279,2024-08-26,241,10,Asia Pacific,Retail,5,42.31,0.05,200.97,Completed
103984,2024-08-26,34,3,North America,Partner,2,1063.73,0.0,2127.46,Completed
106785,2024-08-26,117,10,Asia Pacific,Online,1,43.88,0.15,37.3,Completed
106789,2024-08-26,282,11,North America,Online,5,28.77,0.15,122.27,Completed
101116,2024-08-27,97,7,North America,Online,2,565.7,0.0,1131.4,Completed
102167,2024-08-27,135,14,Europe,Partner,1,59.2,0.05,56.24,Completed
103410,2024-08-27,231,7,North America,Retail,1,529.99,0.1,476.99,Completed
103577,2024-08-27,252,16,Latin America,,1,199.28,0.15,169.39,Completed
105782,2024-08-27,22,3,North America,Online,1,1003.1,0.0,1003.1,Completed
100040,2024-08-28,530,6,North America,Online,1,781.34,0.05,742.27,Completed
100897,2024-08-28,225,16,North America,Online,2,199.16,0.1,358.49,Completed
101048,2024-08-28,516,16,North America,Online,1,186.78,0.0,186.78,Completed
101246,2024-08-28,480,3,Europe,Partner,1,1034.35,0.05,982.63,Completed
101330,2024-08-28,272,18,North America,Online,1,760.3,0.05,722.28,Completed
101870,2024-08-28,209,4,North America,Online,1,1967.96,0.05,1869.56,Completed
101998,2024-08-28,541,14,Middle East & Africa,Online,4,62.32,0.1,224.35,Completed
102109,2024-08-28,152,3,Latin America,Online,2,953.25,0.15,1620.52,Completed
102876,2024-08-28,145,6,Europe,Partner,1,803.55,0.0,803.55,Completed
104686,2024-08-28,334,12,Latin America,Online,8,105.07,0.05,798.53,Returned
104876,2024-08-28,87,4,Asia Pacific,Online,1,1996.52,0.1,1796.87,Completed
105664,2024-08-28,462,14,North America,Online,4,57.11,0.0,228.44,Completed
105968,2024-08-28,499,15,North America,Online,2,79.78,0.0,159.56,Returned
105998,2024-08-28,220,10,Europe,Retail,4,45.13,0.15,153.44,Completed
106872,2024-08-28,502,18,Latin America,Retail,2,767.9,0.1,1382.22,Completed
100030,2024-08-29,451,13,North America,Online,3,25.26,0.05,71.99,Completed
100455,2024-08-29,398,4,North America,Online,1,1925.64,0.0,1925.64,Completed
101098,2024-08-29,545,19,North America,Online,1,100.2,0.0,100.2,Completed
101312,2024-08-29,135,8,Europe,Online,2,1085.38,0.0,2170.76,Completed
101379,2024-08-29,546,2,Europe,Retail,1,1472.32,0.0,1472.32,Completed
102400,2024-08-29,361,4,Latin America,Online,1,2040.34,0.1,1836.31,Completed
102531,2024-08-29,153,7,North America,Retail,1,539.75,0.1,485.78,Completed
103304,2024-08-29,476,20,North America,Retail,2,181.22,0.15,308.07,Completed
104012,2024-08-29,162,17,Latin America,Partner,2,433.77,0.0,867.54,Completed
104081,2024-08-29,573,14,Europe,Online,3,59.39,0.15,151.44,Completed
104178,2024-08-29,466,5,Asia Pacific,Retail,2,457.34,0.0,914.68,Completed
104389,2024-08-29,530,13,North America,Online,1,25.72,0.0,25.72,Completed
100242,2024-08-30,39,10,North America,Online,3,44.35,0.05,126.4,Completed
100823,2024-08-30,241,11,Asia Pacific,Online,3,29.04,0.05,82.76,Completed
102283,2024-08-30,323,24,North America,Online,2,57.89,0.0,115.78,Completed
102692,2024-08-30,31,2,Asia Pacific,Online,2,1493.55,0.05,2837.74,Completed
103353,2024-08-30,342,8,Middle East & Africa,Online,1,1018.28,0.1,916.45,Returned
103611,2024-08-30,248,4,Europe,Online,1,2106.48,0.0,2106.48,Completed
103996,2024-08-30,432,10,Asia Pacific,Partner,4,46.1,0.0,184.4,Completed
105859,2024-08-30,181,15,Latin America,Online,4,79.28,0.05,301.26,Completed
100685,2024-08-31,248,8,Europe,Online,1,1106.67,0.0,1106.67,Completed
100704,2024-08-31,250,15,Europe,Online,4,77.3,0.05,293.74,Completed
100736,2024-08-31,313,13,North America,Retail,4,25.3,0.0,101.2,Returned
101992,2024-08-31,281,14,North America,Partner,3,61.58,0.1,166.27,Completed
103403,2024-08-31,195,12,North America,Online,1,100.18,0.05,95.17,Returned
104050,2024-08-31,506,6,Asia Pacific,Retail,2,708.1,0.15,1203.77,Completed
106627,2024-08-31,85,11,North America,Online,2,27.61,0.05,52.46,Completed
100613,2024-09-01,330,14,North America,Online,1,58.75,0.0,58.75,Completed
100801,2024-09-01,413,10,North America,Retail,1,44.65,0.05,42.42,Completed
101171,2024-09-01,35,13,Europe,Online,5,25.51,0.1,114.8,Completed
102640,2024-09-01,584,16,Europe,Partner,2,199.53,0.05,379.11,Completed
102895,2024-09-01,105,19,Asia Pacific,Online,2,100.17,0.15,170.29,Completed
103716,2024-09-01,340,13,Latin America,Retail,5,26.07,0.0,130.35,Completed
105093,2024-09-01,326,12,Asia Pacific,Online,4,101.64,0.0,406.56,Completed
105256,2024-09-01,573,16,Europe,Online,2,200.47,0.0,400.94,Completed
106965,2024-09-01,162,2,Latin America,Retail,1,1479.5,0.15,1257.58,Returned
100868,2024-09-02,219,15,Latin America,Online,1,79.15,0.15,67.28,Completed
102119,2024-09-02,78,10,Asia Pacific,Partner,2,45.68,0.1,82.22,Completed
103321,2024-09-02,146,7,North America,Retail,10,569.62,0.15,4841.77,Completed
103953,2024-09-02,432,9,Asia Pacific,Retail,1,154.23,0.1,138.81,Completed
104748,2024-09-02,561,4,North America,Retail,2,2030.33,0.1,3654.59,Completed
105381,2024-09-02,371,13,Asia Pacific,Online,5,23.67,0.1,106.52,Completed
105617,2024-09-02,573,6,Europe,Online,1,791.0,0.1,711.9,Completed
106035,2024-09-02,219,12,Latin America,Online,4,98.97,0.1,356.29,Completed
106041,2024-09-02,291,20,Asia Pacific,Online,2,162.04,0.15,275.47,Completed
106335,2024-09-02,100,11,Middle East & Africa,Retail,5,28.67,0.1,129.02,Completed
100023,2024-09-03,130,13,Europe,Online,5,25.16,0.0,125.8,Completed
100344,2024-09-03,427,6,North America,Online,1,824.93,0.0,824.93,Completed
100643,2024-09-03,509,11,Europe,Online,3,29.21,0.05,83.25,Completed
101120,2024-09-03,456,19,North America,Online,1,98.47,0.0,98.47,Completed
101181,2024-09-03,158,14,Asia Pacific,Online,5,58.39,0.05,277.35,Completed
101692,2024-09-03,366,15,Europe,Online,2,80.36,0.0,160.72,Completed
101947,2024-09-03,375,12,North America,Retail,3,97.74,0.0,293.22,Completed
102931,2024-09-03,523,2,North America,Online,2,1539.33,0.15,2616.86,Completed
104743,2024-09-03,273,7,North America,Online,2,547.97,0.0,1095.94,Completed
105011,2024-09-03,405,12,Middle East & Africa,Online,4,100.79,0.15,342.69,Completed
106544,2024-09-03,295,6,Asia Pacific,Partner,2,806.38,0.0,1612.76,Completed
106969,2024-09-03,556,13,North America,Online,3,23.55,0.1,63.59,Completed
100191,2024-09-04,85,11,North America,Online,2,29.41,0.15,50.0,Completed
100449,2024-09-04,36,6,North America,Online,1,770.15,0.05,731.64,Completed
102603,2024-09-04,463,11,Latin America,Partner,1,30.6,0.0,30.6,Completed
102718,2024-09-04,156,17,Asia Pacific,Retail,5,461.74,0.0,2308.7,Completed
104584,2024-09-04,537,10,Europe,Retail,4,44.95,0.0,179.8,Completed
105857,2024-09-04,264,20,North America,Online,1,185.18,0.0,185.18,Completed
101421,2024-09-05,62,19,Europe,Online,8,105.55,0.0,844.4,Completed
101715,2024-09-05,113,13,North America,Retail,15,24.28,0.0,364.2,Completed
102186,2024-09-05,100,7,Middle East & Africa,Retail,1,564.36,0.05,536.14,Completed
103228,2024-09-05,176,10,North America,Online,4,45.35,0.0,181.4,Completed
104694,2024-09-05,589,19,North America,Online,1,96.76,0.0,96.76,Completed
105084,2024-09-05,316,18,North America,Online,8,748.08,0.15,5086.94,Completed
105211,2024-09-05,421,15,Asia Pacific,Online,3,83.08,0.15,211.85,Completed
105319,2024-09-05,329,11,Europe,Retail,5,28.6,0.0,143.0,Returned
105585,2024-09-05,118,21,Asia Pacific,Online,2,303.26,0.0,606.52,Completed
100400,2024-09-06,265,12,Latin America,Retail,1,95.1,0.1,85.59,Returned
101713,2024-09-06,36,17,North America,Retail,2,439.02,0.0,878.04,Completed
102100,2024-09-06,216,10,Asia Pacific,Partner,4,44.6,0.15,151.64,Completed
102131,2024-09-06,272,3,North America,Online,2,1001.59,0.15,1702.7,Completed
102157,2024-09-06,376,2,North America,Online,2,1546.38,0.0,3092.76,Completed
103289,2024-09-06,520,4,Asia Pacific,Retail,10,2053.25,0.0,20532.5,Completed
103881,2024-09-06,138,15,Europe,Retail,2,80.25,0.0,160.5,Completed
104962,2024-09-06,333,6,Asia Pacific,Online,3,804.06,0.15,2050.35,Completed
105000,2024-09-06,475,7,North America,Retail,2,568.67,0.15,966.74,Completed
105739,2024-09-06,133,14,Europe,Online,5,58.18,0.05,276.35,Completed
106970,2024-09-06,157,13,North America,Online,4,26.08,0.0,104.32,Completed
103311,2024-09-07,455,8,North America,Online,3,1080.77,0.0,3242.31,Completed
103395,2024-09-07,435,18,North America,Online,1,751.5,0.15,638.78,Completed
105128,2024-09-07,517,10,North America,Online,3,46.23,0.0,138.69,Completed
105267,2024-09-07,574,15,Asia Pacific,Online,5,77.62,0.05,368.7,Completed
100087,2024-09-08,166,20,North America,Retail,2,179.8,0.0,359.6,Completed
100214,2024-09-08,463,16,Latin America,Retail,2,196.97,0.0,393.94,Completed
100949,2024-09-08,233,4,Middle East & Africa,Retail,1,1911.79,0.0,1911.79,Completed
101834,2024-09-08,384,2,Europe,Retail,1,1541.66,0.0,1541.66,Completed
102123,2024-09-08,323,4,North America,Partner,2,2000.57,0.15,3400.97,Completed
103567,2024-09-08,207,13,North America,Partner,3,25.74,0.05,73.36,Completed
103747,2024-09-08,440,10,Europe,Retail,2,43.65,0.0,87.3,Completed
103951,2024-09-08,302,12,North America,Online,3,97.51,0.05,277.9,Completed
104105,2024-09-08,226,19,Latin America,Online,2,101.93,0.0,203.86,Completed
104397,2024-09-08,346,17,Asia Pacific,Partner,3,447.06,0.05,1274.12,Cancelled
104406,2024-09-08,333,6,Asia Pacific,Online,5,808.93,0.0,4044.65,Completed
104546,2024-09-08,194,2,Asia Pacific,Online,1,1468.17,0.0,1468.17,Returned
104571,2024-09-08,1,6,Asia Pacific,Partner,2,809.41,0.0,1618.82,Completed
106085,2024-09-08,389,16,North America,Online,2,193.9,0.15,329.63,Completed
106196,2024-09-08,392,19,North America,Partner,2,97.02,0.0,194.04,Completed
106779,2024-09-08,278,4,Europe,Online,2,2061.3,0.1,3710.34,Completed
100606,2024-09-09,132,6,Latin America,Retail,1,787.77,0.1,708.99,Completed
102016,2024-09-09,420,11,Latin America,Partner,4,27.66,0.0,110.64,Completed
102450,2024-09-09,115,7,North America,Online,2,549.29,0.1,988.72,Completed
102464,2024-09-09,71,9,North America,Online,1,157.17,0.15,133.59,Completed
102607,2024-09-09,422,1,North America,Partner,2,1175.73,0.0,2351.46,Completed
103012,2024-09-09,85,14,North America,Online,4,57.37,0.0,229.48,Completed
106474,2024-09-09,173,2,North America,Retail,1,1464.33,0.0,1464.33,Completed
106828,2024-09-09,390,12,Latin America,Partner,9,97.47,0.1,789.51,Completed
100552,2024-09-10,71,3,North America,Partner,2,1049.24,0.0,2098.48,Completed
100739,2024-09-10,93,21,Europe,Retail,2,299.32,0.15,508.84,Cancelled
102087,2024-09-10,475,13,North America,Retail,3,26.17,0.0,78.51,Completed
102300,2024-09-10,296,2,Latin America,Retail,1,1534.59,0.0,1534.59,Completed
102936,2024-09-10,379,3,Europe,Online,2,980.87,0.1,1765.57,Completed
105258,2024-09-10,1,12,Asia Pacific,Retail,1,98.62,0.0,98.62,Completed
105605,2024-09-10,267,1,North America,Online,2,1189.84,0.0,2379.68,Completed
106279,2024-09-10,583,15,North America,Online,4,81.43,0.0,325.72,Completed
106283,2024-09-10,542,17,Europe,Online,1,461.96,0.0,461.96,Completed
106419,2024-09-10,192,12,North America,Retail,5,95.64,0.0,478.2,Completed
106489,2024-09-10,393,2,Europe,Online,2,1542.62,0.0,3085.24,Completed
106919,2024-09-10,160,13,Asia Pacific,Retail,2,24.95,0.0,49.9,Completed
106951,2024-09-10,94,11,Europe,Retail,5,28.81,0.0,144.05,Completed
101398,2024-09-11,421,17,Asia Pacific,Online,1,443.68,0.0,443.68,Completed
102000,2024-09-11,208,8,Asia Pacific,Retail,1,1032.18,0.15,877.35,Completed
103496,2024-09-11,477,10,Europe,Online,3,44.71,0.0,134.13,Completed
103518,2024-09-11,228,10,Europe,Partner,3,45.92,0.1,123.98,Completed
104353,2024-09-11,218,11,North America,Online,5,26.89,0.0,134.45,Completed
105207,2024-09-11,585,10,Latin America,Partner,4,44.62,,169.56,Completed
105478,2024-09-11,478,6,Europe,Retail,2,813.71,0.0,1627.42,Completed
106102,2024-09-11,327,14,Asia Pacific,Online,5,57.61,0.1,259.24,Returned
106277,2024-09-11,435,8,North America,Online,2,1047.62,0.1,1885.72,Completed
106854,2024-09-11,583,12,North America,Online,3,98.07,0.15,250.08,Completed
101189,2024-09-12,305,2,Latin America,Retail,2,1553.75,0.1,2796.75,Completed
102343,2024-09-12,274,12,Europe,Online,1,92.57,0.1,83.31,Completed
102986,2024-09-12,71,19,North America,Partner,1,100.64,0.05,95.61,Completed
103643,2024-09-12,536,18,North America,Retail,1,732.11,0.1,658.9,Completed
105312,2024-09-12,85,20,North America,Retail,1,185.03,0.0,185.03,Completed
105575,2024-09-12,295,4,Asia Pacific,Online,10,1993.98,0.15,16948.83,Completed
106349,2024-09-12,572,8,Asia Pacific,Retail,2,1124.93,0.0,2249.86,Completed
106445,2024-09-12,429,14,North America,Online,1,59.25,0.0,59.25,Completed
100137,2024-09-13,595,11,North America,Online,4,29.7,0.1,106.92,Completed
100684,2024-09-13,577,15,Latin America,Online,1,78.47,0.05,74.55,Completed
105069,2024-09-13,71,13,North America,Online,3,25.74,0.0,77.22,Completed
105127,2024-09-13,267,11,North America,Online,4,28.4,0.1,102.24,Completed
105407,2024-09-13,252,10,Latin America,Partner,2,45.44,0.1,81.79,Completed
106287,2024-09-13,361,10,Latin America,Retail,2,42.92,0.05,81.55,Returned
106829,2024-09-13,445,12,North America,Online,1,93.37,0.1,84.03,Completed
100346,2024-09-14,118,7,Asia Pacific,Partner,2,568.48,0.0,1136.96,Completed
100654,2024-09-14,593,3,North America,Retail,1,1006.39,0.0,1006.39,Completed
101056,2024-09-14,288,7,North America,Retail,2,507.16,0.0,1014.32,Returned
101841,2024-09-14,535,3,North America,Retail,1,980.72,0.15,833.61,Completed
102548,2024-09-14,284,14,North America,Partner,3,61.39,0.15,156.54,Returned
103609,2024-09-14,2,2,Europe,Online,2,1529.57,0.0,3059.14,Completed
104024,2024-09-14,129,10,North America,Online,5,45.54,0.15,193.54,Completed
104836,2024-09-14,85,17,North America,Partner,1,436.46,0.1,392.81,Completed
106405,2024-09-14,414,11,Latin America,Online,5,27.97,0.0,139.85,Completed
100327,2024-09-15,358,20,Asia Pacific,Online,1,181.8,0.0,181.8,Completed
102687,2024-09-15,280,3,Latin America,Online,2,1022.36,0.1,1840.25,Completed
102968,2024-09-15,89,6,North America,Online,1,803.41,0.05,763.24,Completed
102983,2024-09-15,105,8,Asia Pacific,Retail,1,1165.85,0.0,1165.85,Returned
103243,2024-09-15,557,13,North America,Retail,2,25.57,0.1,46.03,Returned
104968,2024-09-15,451,14,North America,Retail,1,59.43,0.1,53.49,Completed
105822,2024-09-15,176,13,North America,Online,4,23.44,0.1,84.38,Completed
106036,2024-09-15,368,10,Asia Pacific,Retail,5,42.63,0.05,202.49,Completed
106491,2024-09-15,349,7,Europe,Online,1,544.69,0.15,462.99,Completed
106503,2024-09-15,530,8,North America,,1,1082.19,0.05,1028.08,Completed
106819,2024-09-15,95,2,North America,Retail,1,1471.78,0.1,1324.6,Completed
106999,2024-09-15,293,5,Latin America,Partner,1,452.49,0.1,407.24,Completed
102887,2024-09-16,340,11,Latin America,Online,2,30.64,0.1,55.15,Completed
103023,2024-09-16,532,14,Asia Pacific,Retail,5,58.01,0.1,261.04,Completed
103109,2024-09-16,567,19,Asia Pacific,Retail,2,94.22,0.15,160.17,Completed
103450,2024-09-16,167,11,Asia Pacific,Retail,4,29.11,0.05,110.62,Returned
103483,2024-09-16,528,16,Middle East & Africa,Online,2,204.46,0.15,347.58,Completed
104111,2024-09-16,28,11,North America,Retail,1,27.75,0.1,24.98,Completed
104579,2024-09-16,204,4,North America,Online,1,1977.3,0.1,1779.57,Completed
106339,2024-09-16,79,16,Europe,Retail,2,206.14,0.0,412.28,Completed
106339,2024-09-16,79,16,Europe,Retail,2,206.14,0.0,412.28,Completed
106545,2024-09-16,171,8,North America,Online,2,1046.28,0.1,1883.3,Completed
100441,2024-09-17,528,10,Middle East & Africa,Partner,3,45.35,0.05,129.25,Completed
101018,2024-09-17,390,11,Latin America,Online,4,27.91,0.0,111.64,Completed
101918,2024-09-17,130,13,Europe,Online,4,24.9,0.0,99.6,Completed
102429,2024-09-17,281,6,North America,Retail,1,839.99,0.0,839.99,Completed
102533,2024-09-17,269,3,North America,Retail,2,972.38,0.0,1944.76,Completed
103343,2024-09-17,436,6,North America,Partner,1,809.64,0.1,728.68,Completed
104259,2024-09-17,388,4,Middle East & Africa,Online,2,1993.62,0.05,3787.88,Completed
104410,2024-09-17,497,16,Europe,,2,193.84,0.05,368.3,Completed
104812,2024-09-17,273,24,North America,Online,5,59.82,0.15,254.24,Completed
104849,2024-09-17,429,10,North America,Online,5,42.7,0.05,202.82,Completed
104908,2024-09-17,341,8,North America,Retail,2,1119.68,0.0,2239.36,Completed
105345,2024-09-17,78,16,Asia Pacific,Retail,2,191.41,0.05,363.68,Completed
106313,2024-09-17,552,6,North America,Online,1,797.58,0.1,717.82,Completed
106654,2024-09-17,239,2,North America,Online,1,1507.12,0.0,1507.12,Completed
106664,2024-09-17,132,25,Latin America,Retail,5,101.16,0.15,429.93,Completed
106839,2024-09-17,320,17,Latin America,Online,2,440.74,0.0,881.48,Completed
106839,2024-09-17,320,17,Latin America,Online,2,440.74,0.0,881.48,Completed
106901,2024-09-17,317,15,North America,Online,1,79.54,0.0,79.54,Completed
101062,2024-09-18,387,16,Asia Pacific,Online,2,189.42,0.1,340.96,Completed
101666,2024-09-18,279,13,Latin America,Retail,2,25.59,0.05,48.62,Completed
101775,2024-09-18,278,20,Europe,Online,2,177.51,0.0,355.02,Completed
103797,2024-09-18,363,15,North America,Partner,2,77.51,0.0,155.02,Completed
104986,2024-09-18,536,8,North America,Partner,2,1033.71,0.15,1757.31,Completed
106353,2024-09-18,352,15,North America,Retail,4,78.17,0.15,265.78,Completed
106408,2024-09-18,133,6,Europe,Retail,2,823.96,0.0,1647.92,Completed
100054,2024-09-19,244,21,Europe,Retail,3,305.82,0.1,825.71,Completed
100591,2024-09-19,442,8,North America,Online,1,1071.48,0.15,910.76,Completed
100631,2024-09-19,244,4,Europe,Partner,2,1922.93,0.0,3845.86,Completed
100813,2024-09-19,281,7,North America,Online,1,554.48,0.0,554.48,Completed
101275,2024-09-19,437,19,North America,Retail,2,95.1,0.0,190.2,Completed
101366,2024-09-19,39,13,North America,Online,5,24.52,0.15,104.21,Completed
102083,2024-09-19,565,13,Europe,Retail,4,24.57,0.1,88.45,Completed
102182,2024-09-19,91,18,North America,Retail,1,746.94,0.0,746.94,Completed
103192,2024-09-19,290,21,North America,Partner,2,290.29,0.05,551.55,Completed
104077,2024-09-19,105,6,Asia Pacific,Online,2,787.23,0.0,1574.46,Completed
104522,2024-09-19,399,8,Europe,Online,2,1094.55,0.0,2189.1,Completed
105086,2024-09-19,415,10,North America,Online,4,47.39,0.0,189.56,Completed
105184,2024-09-19,213,15,North America,Online,2,81.67,0.1,147.01,Completed
105427,2024-09-19,399,4,Europe,Retail,1,2054.31,0.0,2054.31,Completed
106027,2024-09-19,297,12,Middle East & Africa,Online,5,95.81,0.0,479.05,Completed
100002,2024-09-20,150,16,North America,Online,4,206.94,0.0,827.76,Completed
101060,2024-09-20,56,6,Asia Pacific,Online,2,807.45,0.05,1534.16,Completed
101182,2024-09-20,64,10,Asia Pacific,Partner,3,45.81,0.15,116.82,Completed
101375,2024-09-20,207,14,North America,Online,4,57.89,0.0,231.56,Completed
102500,2024-09-20,99,11,North America,Partner,5,28.78,0.0,143.9,Returned
103430,2024-09-20,219,3,Latin America,Online,2,991.04,0.05,1882.98,Completed
103844,2024-09-20,422,12,North America,Retail,2,100.02,0.05,190.04,Completed
104235,2024-09-20,60,15,North America,Retail,3,78.02,0.0,234.06,Completed
104339,2024-09-20,526,1,North America,Retail,5,1206.81,0.1,5430.64,Completed
105456,2024-09-20,227,15,North America,Online,1,76.16,0.0,76.16,Completed
106050,2024-09-20,129,15,North America,Online,3,79.41,0.0,238.23,Returned
106155,2024-09-20,136,13,North America,Online,5,25.23,0.1,113.54,Completed
106295,2024-09-20,144,1,Europe,Retail,2,1205.8,0.0,2411.6,Completed
106418,2024-09-20,191,15,Latin America,Online,3,78.72,0.0,236.16,Completed
106832,2024-09-20,357,7,Asia Pacific,Retail,1,554.2,0.05,526.49,Completed
101066,2024-09-21,218,12,North America,Retail,3,98.15,0.0,294.45,Completed
101869,2024-09-21,294,1,North America,Online,1,1170.76,0.0,1170.76,Completed
102311,2024-09-21,585,1,Latin America,Online,1,1200.55,,1200.55,Returned
103416,2024-09-21,233,12,Middle East & Africa,Retail,2,100.12,0.05,190.23,Completed
103997,2024-09-21,96,2,Europe,Online,1,1507.26,0.05,1431.9,Cancelled
104239,2024-09-21,332,19,North America,Retail,1,97.99,0.0,97.99,Completed
105257,2024-09-21,499,11,North America,Online,3,29.68,0.0,89.04,Completed
106077,2024-09-21,492,21,Europe,Partner,1,318.15,0.15,270.43,Completed
106170,2024-09-21,102,7,Asia Pacific,Online,2,552.22,0.1,994.0,Completed
100947,2024-09-22,249,2,North America,Partner,2,1584.36,0.05,3010.28,Completed
101136,2024-09-22,418,2,Asia Pacific,Partner,3,1566.52,0.0,4699.56,Completed
101339,2024-09-22,79,2,Europe,Online,2,1479.48,0.0,2958.96,Completed
101439,2024-09-22,373,13,North America,Partner,3,25.88,0.0,77.64,Completed
101740,2024-09-22,348,11,North America,Online,25,29.62,0.05,703.48,Completed
104683,2024-09-22,514,14,North America,Online,1,62.09,0.15,52.78,Completed
106000,2024-09-22,188,21,North America,Partner,1,292.11,0.1,262.9,Completed
100356,2024-09-23,585,8,Latin America,Retail,1,1057.15,0.0,1057.15,Completed
100561,2024-09-23,494,2,North America,Retail,2,1571.44,0.15,2671.45,Completed
101625,2024-09-23,179,15,Latin America,Online,5,75.9,0.15,322.58,Completed
103067,2024-09-23,386,15,Middle East & Africa,Retail,1,79.45,0.0,79.45,Completed
103242,2024-09-23,100,14,Middle East & Africa,Online,5,58.58,0.0,292.9,Completed
103896,2024-09-23,535,2,North America,Online,2,1529.31,0.0,3058.62,Cancelled
104334,2024-09-23,435,10,North America,Online,5,45.16,0.0,225.8,Completed
104595,2024-09-23,65,4,Europe,Retail,2,1987.01,0.1,3576.62,Completed
104675,2024-09-23,209,15,North America,Partner,1,77.28,0.0,77.28,Completed
104795,2024-09-23,418,13,Asia Pacific,Retail,16,24.8,0.05,376.96,Completed
104887,2024-09-23,472,16,Europe,Online,1,211.5,0.0,211.5,Completed
105956,2024-09-23,81,7,Asia Pacific,Partner,1,536.75,0.15,456.24,Completed
106449,2024-09-23,203,19,Europe,Retail,6,97.68,0.0,586.08,Completed
100248,2024-09-24,582,20,Europe,Partner,2,183.34,0.15,311.68,Completed
100548,2024-09-24,361,10,Latin America,Online,1,47.52,0.0,47.52,Completed
101410,2024-09-24,548,8,North America,Online,1,1105.39,0.15,939.58,Completed
101722,2024-09-24,153,13,North America,Retail,4,24.76,0.0,99.04,Completed
101729,2024-09-24,55,10,Asia Pacific,Retail,4,42.36,0.0,169.44,Completed
101912,2024-09-24,165,1,Europe,Online,2,1113.68,0.05,2115.99,Completed
102001,2024-09-24,128,10,North America,Online,1,46.56,0.15,39.58,Completed
103504,2024-09-24,264,21,North America,Online,2,302.35,0.15,514.0,Completed
103517,2024-09-24,73,4,Latin America,Online,4,2092.25,0.1,7532.1,Completed
104357,2024-09-24,281,14,North America,Online,5,58.81,0.05,279.35,Completed
104764,2024-09-24,429,16,North America,Retail,1,198.18,0.15,168.45,Completed
106038,2024-09-24,479,6,Europe,Online,1,824.74,0.05,783.5,Completed
106367,2024-09-24,505,13,Europe,Retail,2,24.84,0.05,47.2,Cancelled
106378,2024-09-24,16,10,North America,Online,5,46.84,0.1,210.78,Completed
100281,2024-09-25,543,13,Asia Pacific,Online,1,23.04,0.05,21.89,Completed
100372,2024-09-25,409,12,North America,Online,2,101.32,0.15,172.24,Completed
101156,2024-09-25,442,8,North America,Online,2,1101.15,0.0,2202.3,Completed
101326,2024-09-25,207,3,North America,Partner,1,1000.67,0.0,1000.67,Completed
101660,2024-09-25,508,4,Asia Pacific,Online,1,2022.73,0.0,2022.73,Completed
101850,2024-09-25,239,17,North America,Partner,2,444.53,0.15,755.7,Completed
102546,2024-09-25,219,13,Latin America,Partner,3,25.0,0.0,75.0,Completed
102831,2024-09-25,458,11,Europe,Online,4,27.45,0.1,98.82,Completed
103258,2024-09-25,565,2,Europe,Online,2,1509.15,0.15,2565.56,Completed
103325,2024-09-25,23,11,Middle East & Africa,Retail,5,27.93,0.1,125.68,Completed
103570,2024-09-25,395,15,North America,Retail,2,78.44,0.15,133.35,Completed
103686,2024-09-25,28,21,North America,Online,1,317.04,0.1,285.34,Completed
105733,2024-09-25,599,13,Middle East & Africa,Partner,2,24.72,0.0,49.44,Completed
106089,2024-09-25,419,21,North America,Online,10,300.34,0.0,3003.4,Completed
106153,2024-09-25,266,14,North America,Online,10,56.44,0.1,507.96,Completed
100848,2024-09-26,225,14,North America,Online,2,59.64,,107.35,Completed
100924,2024-09-26,596,13,North America,Retail,9,25.09,0.1,203.23,Cancelled
101186,2024-09-26,260,12,Europe,Online,5,102.35,0.05,486.16,Completed
101318,2024-09-26,79,21,Europe,Partner,1,295.7,0.0,295.7,Completed
103371,2024-09-26,228,8,Europe,Partner,2,1147.05,0.15,1949.98,Completed
103868,2024-09-26,358,12,Asia Pacific,Partner,3,98.06,0.15,250.05,Completed
104484,2024-09-26,37,10,North America,Online,4,45.93,0.05,174.53,Completed
105790,2024-09-26,557,8,North America,Online,1,1068.11,0.0,1068.11,Completed
105929,2024-09-26,36,11,North America,Online,1,30.2,0.1,27.18,Completed
106072,2024-09-26,230,11,North America,Online,3,29.16,0.0,87.48,Completed
100088,2024-09-27,269,23,North America,Online,2,130.43,0.05,247.82,Completed
102252,2024-09-27,218,7,North America,Online,2,512.42,0.0,1024.84,Completed
104194,2024-09-27,249,23,North America,Partner,4,132.1,0.0,528.4,Completed
104194,2024-09-27,249,23,North America,Partner,4,132.1,0.0,528.4,Completed
106173,2024-09-27,195,13,North America,Retail,4,24.82,0.0,99.28,Completed
106321,2024-09-27,13,13,Europe,Online,4,24.06,0.05,91.43,Cancelled
100856,2024-09-28,361,3,Latin America,Retail,2,973.31,0.0,1946.62,Completed
101191,2024-09-28,376,2,North America,Online,1,1560.04,0.0,1560.04,Completed
101239,2024-09-28,588,12,North America,Online,3,96.61,0.0,289.83,Completed
101457,2024-09-28,359,2,Europe,Partner,2,1527.59,0.0,3055.18,Completed
102327,2024-09-28,28,4,North America,Online,1,1961.27,0.0,1961.27,Completed
102854,2024-09-28,198,2,Latin America,Online,2,1511.49,0.0,3022.98,Completed
103751,2024-09-28,128,18,North America,Partner,1,728.54,0.15,619.26,Completed
103897,2024-09-28,45,6,Asia Pacific,Retail,2,811.67,0.15,1379.84,Completed
105402,2024-09-28,470,10,Europe,Online,5,44.95,0.15,191.04,Completed
105429,2024-09-28,50,17,North America,Retail,1,431.14,0.05,409.58,Completed
100005,2024-09-29,497,2,Europe,Partner,2,1468.38,0.0,2936.76,Completed
100266,2024-09-29,388,24,Middle East & Africa,Online,3,56.83,0.0,170.49,Completed
101193,2024-09-29,552,14,North America,Retail,1,60.36,0.05,57.34,Completed
101786,2024-09-29,587,1,North America,Retail,8,1153.15,0.1,8302.68,Completed
101802,2024-09-29,266,24,North America,Online,4,57.96,0.0,231.84,Returned
101873,2024-09-29,241,6,Asia Pacific,Online,1,804.62,0.0,804.62,Completed
102453,2024-09-29,29,2,North America,Online,4,1482.42,0.05,5633.2,Completed
104267,2024-09-29,26,3,North America,Retail,2,1058.12,0.1,1904.62,Completed
104331,2024-09-29,539,1,North America,Partner,2,1194.61,0.0,2389.22,Completed
104715,2024-09-29,400,6,Europe,Online,1,735.77,0.1,662.19,Completed
100322,2024-09-30,243,2,North America,Online,1,1518.26,0.0,1518.26,Completed
100826,2024-09-30,58,11,Europe,Online,5,30.36,0.05,144.21,Completed
103659,2024-09-30,171,17,North America,Partner,2,458.54,0.1,825.37,Completed
104221,2024-09-30,317,7,North America,Online,2,567.76,0.1,1021.97,Completed
104508,2024-09-30,480,6,Europe,Retail,2,798.32,0.1,1436.98,Completed
105058,2024-09-30,71,20,North America,Retail,2,178.97,0.05,340.04,Completed
105953,2024-09-30,210,20,Europe,Partner,2,180.55,0.0,361.1,Completed
101108,2024-10-01,400,13,Europe,Online,5,25.83,0.15,109.78,Completed
101895,2024-10-01,59,15,North America,Retail,5,75.75,0.0,378.75,Completed
103066,2024-10-01,235,14,Latin America,Retail,3,58.63,0.15,149.51,Completed
104666,2024-10-01,440,15,Europe,Online,1,80.42,0.0,80.42,Completed
104681,2024-10-01,342,14,Middle East & Africa,Retail,2,62.45,0.05,118.66,Completed
104755,2024-10-01,105,14,Asia Pacific,Online,3,60.54,0.05,172.54,Completed
105216,2024-10-01,587,1,North America,Online,4,1180.69,0.1,4250.48,Completed
106447,2024-10-01,530,7,North America,Online,2,539.98,0.0,1079.96,Completed
106535,2024-10-01,512,7,Asia Pacific,Partner,2,555.82,0.0,1111.64,Returned
100822,2024-10-02,460,10,Europe,Retail,1,45.45,0.05,43.18,Completed
101502,2024-10-02,317,4,North America,Online,1,1963.27,0.15,1668.78,Completed
101940,2024-10-02,273,6,North America,Online,1,837.58,0.0,837.58,Completed
102267,2024-10-02,100,6,Middle East & Africa,Retail,1,842.78,0.05,800.64,Completed
102579,2024-10-02,377,15,Latin America,Online,3,79.41,0.0,238.23,Completed
103042,2024-10-02,204,12,North America,Retail,5,97.35,0.1,438.08,Completed
103130,2024-10-02,514,15,North America,Online,4,81.42,0.0,325.68,Completed
103389,2024-10-02,550,13,Europe,Retail,1,24.84,0.0,24.84,Completed
103675,2024-10-02,526,13,North America,Online,4,24.17,0.1,87.01,Completed
103783,2024-10-02,213,15,North America,Retail,3,79.51,0.05,226.6,Returned
104607,2024-10-02,102,14,Asia Pacific,Retail,5,60.83,0.15,258.53,Completed
105194,2024-10-02,353,18,Europe,Online,1,703.61,0.05,668.43,Completed
105350,2024-10-02,215,17,Asia Pacific,Retail,2,460.98,0.0,921.96,Completed
106080,2024-10-02,128,2,North America,Partner,2,1515.27,0.0,3030.54,Completed
106709,2024-10-02,348,21,North America,Online,6,296.83,0.0,1780.98,Completed
100304,2024-10-03,567,15,Asia Pacific,Retail,1,76.53,0.15,65.05,Completed
100429,2024-10-03,59,10,North America,Partner,1,44.79,0.1,40.31,Completed
101006,2024-10-03,332,6,North America,Online,2,816.65,0.15,1388.3,Completed
101166,2024-10-03,598,2,Europe,Partner,1,1500.92,0.0,1500.92,Completed
101507,2024-10-03,422,23,North America,Online,1,128.61,0.05,122.18,Completed
102164,2024-10-03,395,21,North America,Online,2,296.21,0.0,592.42,Completed
104044,2024-10-03,61,11,Asia Pacific,Online,2,28.61,0.0,57.22,Completed
105820,2024-10-03,592,18,Europe,Online,2,764.39,0.0,1528.78,Returned
106508,2024-10-03,290,3,North America,Retail,1,960.2,0.0,960.2,Completed
100253,2024-10-04,104,11,Middle East & Africa,Online,2,28.93,0.0,57.86,Completed
100453,2024-10-04,523,10,North America,Online,2,45.83,0.1,82.49,Completed
100543,2024-10-04,245,20,Europe,Online,3,177.94,0.15,453.75,Completed
102405,2024-10-04,96,16,Europe,Online,2,205.13,0.1,369.23,Completed
102516,2024-10-04,100,15,Middle East & Africa,Online,3,73.49,0.0,220.47,Completed
103388,2024-10-04,409,2,North America,Retail,2,1464.54,0.1,2636.17,Completed
104000,2024-10-04,511,2,North America,Retail,8,1489.16,0.0,11913.28,Completed
105072,2024-10-04,401,11,North America,Retail,5,30.11,0.05,143.02,Completed
105523,2024-10-04,477,8,Europe,Online,2,1087.4,0.0,2174.8,Completed
105566,2024-10-04,1,7,Asia Pacific,Online,1,576.43,0.1,518.79,Completed
100085,2024-10-05,424,15,North America,Online,2,73.91,0.0,147.82,Completed
100673,2024-10-05,218,19,North America,Online,2,98.93,0.0,197.86,Cancelled
101096,2024-10-05,190,21,North America,Online,2,299.45,0.15,509.06,Returned
101243,2024-10-05,280,2,Latin America,Online,2,1527.75,0.15,2597.17,Completed
101868,2024-10-05,449,7,North America,Partner,1,551.43,0.0,551.43,Completed
102655,2024-10-05,584,11,Europe,Retail,2,29.78,0.0,59.56,Completed
103544,2024-10-05,477,14,Europe,Online,1,58.81,0.1,52.93,Completed
103598,2024-10-05,361,15,Latin America,Online,5,73.71,0.05,350.12,Completed
104815,2024-10-05,472,12,Europe,Online,1,100.65,0.1,90.58,Completed
105343,2024-10-05,136,12,North America,Online,4,89.96,0.0,359.84,Completed
105608,2024-10-05,93,14,Europe,Partner,4,61.56,0.05,233.93,Completed
106620,2024-10-05,181,13,Latin America,Retail,2,25.48,0.05,48.41,Completed
106968,2024-10-05,397,11,Asia Pacific,Online,1,29.77,0.0,29.77,Completed
100278,2024-10-06,118,10,Asia Pacific,Online,2,44.88,0.0,89.76,Cancelled
101374,2024-10-06,266,11,North America,Partner,25,29.84,0.15,634.1,Completed
101864,2024-10-06,135,8,Europe,Retail,2,1149.28,0.05,2183.63,Completed
103010,2024-10-06,278,8,Europe,Online,2,1111.77,0.0,2223.54,Completed
103028,2024-10-06,597,14,Asia Pacific,Retail,3,58.98,0.15,150.4,Returned
103528,2024-10-06,281,20,North America,Online,2,182.15,0.1,327.87,Completed
103833,2024-10-06,475,14,North America,Retail,2,58.78,0.15,99.93,Completed
104242,2024-10-06,267,19,North America,Retail,2,95.92,0.15,163.06,Completed
104294,2024-10-06,554,12,Latin America,Partner,2,98.36,0.1,177.05,Completed
104506,2024-10-06,138,18,Europe,Online,1,745.98,0.0,745.98,Completed
106677,2024-10-06,174,8,Latin America,Partner,2,1115.28,0.0,2230.56,Completed
106988,2024-10-06,396,2,Europe,Retail,2,1527.93,0.0,3055.86,Completed
100099,2024-10-07,284,20,North America,Partner,1,180.82,0.1,162.74,Completed
100212,2024-10-07,281,14,North America,Online,4,57.39,0.0,229.56,Completed
100297,2024-10-07,566,15,Asia Pacific,Online,2,76.96,0.05,146.22,Completed
100576,2024-10-07,278,19,Europe,Online,2,99.15,0.05,188.38,Completed
100876,2024-10-07,17,3,Europe,Online,1,989.71,0.15,841.25,Completed
101177,2024-10-07,416,6,North America,Partner,2,804.58,0.15,1367.79,Completed
101325,2024-10-07,568,2,North America,Online,2,1536.99,0.05,2920.28,Completed
101510,2024-10-07,428,15,Asia Pacific,Online,2,79.4,0.0,158.8,Completed
101914,2024-10-07,213,15,North America,Retail,2,78.58,,157.16,Returned
102960,2024-10-07,585,7,Latin America,Online,1,537.47,0.05,510.6,Completed
103043,2024-10-07,5,20,North America,Retail,1,183.65,0.0,183.65,Completed
103391,2024-10-07,516,6,North America,Partner,1,782.81,0.15,665.39,Completed
103527,2024-10-07,147,2,North America,Online,2,1524.71,0.05,2896.95,Completed
103600,2024-10-07,246,11,Latin America,Retail,4,29.39,0.0,117.56,Completed
104369,2024-10-07,233,2,Middle East & Africa,Online,1,1486.01,0.0,1486.01,Completed
104844,2024-10-07,37,1,North America,Online,1,1123.49,0.0,1123.49,Completed
105042,2024-10-07,587,15,North America,Partner,8,77.6,0.1,558.72,Completed
105251,2024-10-07,36,3,North America,Online,1,931.81,0.1,838.63,Completed
105686,2024-10-07,474,12,North America,Retail,5,100.15,0.15,425.64,Completed
106390,2024-10-07,97,16,North America,Online,1,187.95,0.05,178.55,Completed
106688,2024-10-07,505,15,Europe,,4,80.18,0.1,288.65,Completed
100942,2024-10-08,136,1,North America,Online,2,1191.34,0.0,2382.68,Completed
101030,2024-10-08,572,4,Asia Pacific,Online,2,2046.16,0.1,3683.09,Completed
101050,2024-10-08,310,14,North America,Partner,3,57.32,0.05,163.36,Completed
101640,2024-10-08,469,11,North America,Online,4,28.81,0.0,115.24,Completed
102177,2024-10-08,393,7,Europe,Online,1,559.05,0.0,559.05,Completed
103456,2024-10-08,595,4,North America,Online,2,2028.87,0.0,4057.74,Completed
104181,2024-10-08,260,14,Europe,Retail,3,57.5,0.0,172.5,Completed
104577,2024-10-08,317,7,North America,Retail,2,559.03,0.0,1118.06,Completed
105193,2024-10-08,313,6,North America,Online,2,800.16,0.0,1600.32,Completed
106127,2024-10-08,281,2,North America,Online,2,1599.02,0.0,3198.04,Completed
100219,2024-10-09,28,7,North America,Retail,2,564.09,0.1,1015.36,Completed
100239,2024-10-09,300,16,Europe,Retail,2,207.22,0.05,393.72,Completed
100592,2024-10-09,92,1,Asia Pacific,Online,2,1183.9,0.1,2131.02,Completed
101237,2024-10-09,204,8,North America,Online,2,1083.78,0.0,2167.56,Completed
102850,2024-10-09,253,15,Europe,Online,1,84.01,0.1,75.61,Completed
103618,2024-10-09,367,10,Asia Pacific,Online,5,43.19,0.0,215.95,Completed
104964,2024-10-09,244,2,Europe,Retail,8,1500.23,0.0,12001.84,Returned
104974,2024-10-09,244,1,Europe,Partner,4,1231.42,0.0,4925.68,Completed
105138,2024-10-09,14,13,Asia Pacific,Online,4,23.51,,94.04,Returned
105335,2024-10-09,423,15,North America,Retail,5,81.5,0.1,366.75,Completed
106411,2024-10-09,243,11,North America,Online,3,28.77,0.0,86.31,Returned
101921,2024-10-10,595,21,North America,Online,2,300.52,0.1,540.94,Returned
102060,2024-10-10,100,16,Middle East & Africa,Online,2,192.93,0.1,347.27,Completed
103301,2024-10-10,573,3,Europe,Partner,1,1068.85,0.1,961.96,Returned
104284,2024-10-10,132,12,Latin America,Online,3,95.03,0.1,256.58,Completed
105734,2024-10-10,210,17,Europe,Online,2,456.77,0.1,822.19,Completed
100174,2024-10-11,75,6,North America,Online,4,790.53,0.0,3162.12,Completed
100434,2024-10-11,409,13,North America,Partner,2,24.73,,46.99,Completed
101077,2024-10-11,35,3,Europe,Online,1,1056.92,0.05,1004.07,Returned
102436,2024-10-11,370,6,Latin America,Online,1,784.48,0.0,784.48,Completed
102705,2024-10-11,437,8,North America,Retail,1,1046.69,0.05,994.36,Cancelled
102873,2024-10-11,361,20,Latin America,Retail,1,185.62,0.05,176.34,Completed
103047,2024-10-11,125,14,North America,Retail,4,55.92,0.1,201.31,Completed
103317,2024-10-11,513,15,North America,Retail,5,73.67,0.0,368.35,Completed
103467,2024-10-11,243,12,North America,Partner,3,104.57,0.1,282.34,Completed
104862,2024-10-11,209,15,North America,Online,4,79.95,0.1,287.82,Completed
105749,2024-10-11,249,10,North America,Retail,4,43.87,0.0,175.48,Completed
106006,2024-10-11,281,13,North America,Online,2,26.14,0.0,52.28,Completed
106290,2024-10-11,339,8,North America,Online,1,1104.3,0.0,1104.3,Returned
106584,2024-10-11,536,10,North America,Online,2,46.33,0.0,92.66,Completed
106826,2024-10-11,364,12,North America,Online,3,100.88,0.15,257.24,Completed
106855,2024-10-11,79,17,Europe,Online,1,438.07,0.1,394.26,Completed
100031,2024-10-12,70,13,Europe,Retail,4,24.16,0.0,96.64,Completed
100067,2024-10-12,363,13,North America,Retail,2,24.55,0.1,44.19,Completed
100745,2024-10-12,422,6,North America,Retail,1,811.41,0.15,689.7,Completed
101655,2024-10-12,534,18,Europe,Partner,1,752.18,0.15,639.35,Completed
101712,2024-10-12,596,12,North America,Online,25,100.85,0.0,2521.25,Completed
101842,2024-10-12,138,19,Europe,Online,2,97.61,0.15,165.94,Completed
102079,2024-10-12,530,14,North America,Retail,4,56.78,0.0,227.12,Completed
102699,2024-10-12,504,13,Europe,Retail,1,25.38,0.0,25.38,Completed
102969,2024-10-12,58,11,Europe,Retail,4,30.07,0.15,102.24,Completed
103583,2024-10-12,558,3,Europe,Retail,1,962.36,0.05,914.24,Completed
105863,2024-10-12,179,19,Latin America,Online,2,98.22,0.0,196.44,Completed
105937,2024-10-12,589,1,North America,Online,1,1223.25,0.0,1223.25,Completed
106016,2024-10-12,291,10,Asia Pacific,Retail,2,48.18,0.0,96.36,Completed
106083,2024-10-12,75,8,North America,Online,4,1036.85,0.0,4147.4,Completed
106573,2024-10-12,471,2,Europe,Retail,2,1579.79,0.05,3001.6,Completed
106628,2024-10-12,367,14,Asia Pacific,Retail,5,60.68,0.15,257.89,Completed
106936,2024-10-12,211,14,Asia Pacific,Retail,1,59.8,0.1,53.82,Completed
100104,2024-10-13,171,8,North America,Online,2,1095.84,0.1,1972.51,Completed
100129,2024-10-13,538,12,North America,Partner,1,95.47,0.1,85.92,Completed
100601,2024-10-13,161,20,North America,Online,2,180.92,0.0,361.84,Completed
101528,2024-10-13,211,6,Asia Pacific,Retail,1,825.03,0.15,701.28,Completed
102037,2024-10-13,85,10,North America,Online,2,42.25,0.0,84.5,Completed
102939,2024-10-13,273,4,North America,Online,2,2051.03,0.0,4102.06,Completed
102980,2024-10-13,197,21,Europe,Partner,1,301.14,0.15,255.97,Completed
103037,2024-10-13,208,2,Asia Pacific,Partner,1,1583.73,0.1,1425.36,Cancelled
104893,2024-10-13,228,7,Europe,Partner,2,523.21,0.15,889.46,Completed
105508,2024-10-13,505,18,Europe,Online,2,749.89,0.15,1274.81,Cancelled
106354,2024-10-13,85,12,North America,Online,5,100.26,0.0,501.3,Completed
106850,2024-10-13,475,5,North America,Online,2,452.16,0.1,813.89,Completed
102033,2024-10-14,589,4,North America,Online,1,1984.54,0.0,1984.54,Completed
102648,2024-10-14,165,7,Europe,Online,1,558.73,0.0,558.73,Returned
103408,2024-10-14,37,8,North America,Retail,1,1129.96,0.1,1016.96,Completed
105298,2024-10-14,136,10,North America,Online,4,44.27,0.15,150.52,Completed
105318,2024-10-14,481,12,Europe,Partner,3,102.42,0.0,307.26,Completed
101316,2024-10-15,158,4,Asia Pacific,Partner,2,1986.49,0.15,3377.03,Completed
101950,2024-10-15,252,6,Latin America,Online,2,741.82,0.15,1261.09,Completed
103270,2024-10-15,332,1,North America,Online,2,1245.51,0.0,2491.02,Completed
103501,2024-10-15,386,13,Middle East & Africa,Retail,4,23.32,0.0,93.28,Completed
103851,2024-10-15,273,15,North America,Retail,3,83.08,0.15,211.85,Completed
104367,2024-10-15,258,6,North America,Online,1,819.73,0.05,778.74,Completed
105031,2024-10-15,448,12,Europe,Online,1,100.62,0.0,100.62,Completed
105854,2024-10-15,113,12,North America,Partner,12,98.9,0.1,1068.12,Completed
105945,2024-10-15,191,1,Latin America,Online,1,1132.68,0.0,1132.68,Returned
106948,2024-10-15,215,14,Asia Pacific,Online,3,60.53,0.1,163.43,Completed
101002,2024-10-16,508,5,Asia Pacific,Retail,1,454.16,0.15,386.04,Completed
102746,2024-10-16,76,13,North America,Online,4,24.75,0.15,84.15,Completed
103704,2024-10-16,452,13,Latin America,Online,3,25.08,0.0,75.24,Completed
105286,2024-10-16,576,12,Europe,Online,2,94.42,0.0,188.84,Completed
106004,2024-10-16,475,12,North America,Retail,3,100.52,0.05,286.48,Completed
106126,2024-10-16,95,2,North America,Online,2,1466.45,0.0,2932.9,Completed
106660,2024-10-16,580,19,North America,Retail,2,95.85,0.0,191.7,Completed
100116,2024-10-17,499,10,North America,Online,1,45.27,0.0,45.27,Completed
100182,2024-10-17,256,10,Asia Pacific,Online,3,45.77,0.15,116.71,Returned
100391,2024-10-17,325,18,Asia Pacific,Online,1,708.47,0.0,708.47,Completed
101224,2024-10-17,360,1,Europe,Partner,2,1151.19,0.05,2187.26,Completed
101382,2024-10-17,293,17,Latin America,Online,1,444.11,0.15,377.49,Completed
101693,2024-10-17,264,13,North America,Online,2,24.4,0.0,48.8,Returned
101794,2024-10-17,382,4,Latin America,Retail,4,1943.28,0.1,6995.81,Completed
102710,2024-10-17,60,21,North America,Online,2,299.85,0.0,599.7,Completed
103218,2024-10-17,85,7,North America,Online,1,546.21,0.0,546.21,Completed
103540,2024-10-17,258,18,North America,Online,1,792.12,0.05,752.51,Completed
105016,2024-10-17,382,10,Latin America,Online,25,47.08,0.0,1177.0,Completed
105978,2024-10-17,418,19,Asia Pacific,Partner,2,101.01,0.15,171.72,Completed
106597,2024-10-17,497,11,Europe,Retail,1,28.69,0.05,27.26,Completed
106655,2024-10-17,300,8,Europe,Retail,1,1075.27,0.0,1075.27,Completed
106943,2024-10-17,429,11,North America,Online,2,27.97,0.1,50.35,Returned
100353,2024-10-18,485,3,North America,Online,1,1028.17,0.1,925.35,Completed
101083,2024-10-18,523,19,North America,Online,1,98.52,,83.74,Returned
101129,2024-10-18,1,4,Asia Pacific,Online,1,2126.43,0.15,1807.47,Completed
101169,2024-10-18,383,14,Asia Pacific,Online,3,57.18,0.15,145.81,Completed
102773,2024-10-18,235,13,Latin America,Partner,4,25.32,0.05,96.22,Completed
103839,2024-10-18,110,14,Latin America,Partner,1,57.92,0.15,49.23,Completed
103866,2024-10-18,375,7,North America,Retail,1,556.19,0.05,528.38,Returned
104043,2024-10-18,554,4,Latin America,Retail,2,1995.17,0.05,3790.82,Completed
104596,2024-10-18,580,6,North America,Partner,2,782.24,0.1,1408.03,Completed
104693,2024-10-18,136,3,North America,Retail,2,981.11,0.0,1962.22,Completed
105230,2024-10-18,595,4,North America,Retail,1,2084.03,0.0,2084.03,Completed
105555,2024-10-18,198,4,Latin America,Retail,2,1993.72,0.05,3788.07,Completed
105640,2024-10-18,294,4,North America,Online,1,1986.07,0.0,1986.07,Completed
106086,2024-10-18,282,11,North America,Partner,2,28.53,0.0,57.06,Completed
101929,2024-10-19,252,15,Latin America,Online,1,77.69,0.0,77.69,Completed
102622,2024-10-19,475,8,North America,Partner,1,1129.98,0.0,1129.98,Completed
103135,2024-10-19,432,24,Asia Pacific,Online,4,57.51,0.1,207.04,Completed
103308,2024-10-19,373,19,North America,Online,1,105.05,0.0,105.05,Completed
103625,2024-10-19,536,17,North America,Online,1,438.21,0.15,372.48,Completed
103791,2024-10-19,230,7,North America,Online,1,535.56,0.0,535.56,Completed
103885,2024-10-19,346,13,Asia Pacific,Online,15,25.9,0.1,349.65,Completed
104153,2024-10-19,37,12,North America,Partner,2,101.4,0.0,202.8,Completed
104316,2024-10-19,588,1,North America,Online,1,1219.59,0.0,1219.59,Completed
104682,2024-10-19,171,11,North America,Online,5,28.64,0.15,121.72,Completed
105452,2024-10-19,587,8,North America,Partner,5,1065.21,0.0,5326.05,Completed
105577,2024-10-19,256,1,Asia Pacific,Partner,1,1240.73,0.0,1240.73,Completed
105609,2024-10-19,365,8,Asia Pacific,Online,2,1062.33,0.1,1912.19,Completed
105708,2024-10-19,243,1,North America,Partner,2,1155.7,0.15,1964.69,Completed
100261,2024-10-20,492,15,Europe,Online,2,75.3,0.15,128.01,Completed
100369,2024-10-20,297,20,Middle East & Africa,Online,2,181.32,0.15,308.24,Completed
101420,2024-10-20,584,15,Europe,Online,3,78.31,0.05,223.18,Completed
101935,2024-10-20,354,6,Europe,Online,2,792.89,0.1,1427.2,Completed
103132,2024-10-20,351,15,Europe,Online,3,84.1,0.15,214.46,Cancelled
103498,2024-10-20,511,2,North America,Retail,5,1433.87,0.05,6810.88,Completed
104318,2024-10-20,437,6,North America,Online,2,820.21,0.05,1558.4,Completed
104972,2024-10-20,196,13,North America,Online,3,25.2,0.15,64.26,Completed
105459,2024-10-20,100,1,Middle East & Africa,Partner,1,1164.31,0.0,1164.31,Completed
105643,2024-10-20,214,8,Asia Pacific,Online,2,1106.95,0.05,2103.2,Completed
100737,2024-10-21,211,13,Asia Pacific,Online,2,26.13,0.05,49.65,Completed
101985,2024-10-21,576,11,Europe,Online,4,28.11,0.0,112.44,Completed
102051,2024-10-21,470,2,Europe,Partner,1,1560.74,0.15,1326.63,Completed
102399,2024-10-21,369,17,North America,Online,1,467.73,0.0,467.73,Completed
102740,2024-10-21,517,1,North America,Retail,1,1179.48,,1120.51,Completed
103489,2024-10-21,353,4,Europe,Partner,2,2007.04,0.05,3813.38,Completed
106022,2024-10-21,309,7,North America,Retail,1,520.14,0.05,494.13,Returned
106806,2024-10-21,39,4,North America,Online,2,1976.91,0.0,3953.82,Completed
100342,2024-10-22,543,18,Asia Pacific,Online,1,777.56,0.15,660.93,Completed
102251,2024-10-22,477,2,Europe,Online,2,1435.37,0.0,2870.74,Completed
103703,2024-10-22,8,2,Asia Pacific,Retail,2,1491.2,0.0,2982.4,Completed
104270,2024-10-22,159,12,Asia Pacific,Online,3,95.84,0.0,287.52,Completed
105220,2024-10-22,36,13,North America,Retail,2,25.03,0.05,47.56,Cancelled
106064,2024-10-22,281,8,North America,Online,1,1068.03,0.0,1068.03,Completed
106616,2024-10-22,343,11,Asia Pacific,Retail,4,30.59,0.0,122.36,Completed
106907,2024-10-22,80,22,Asia Pacific,Online,1,78.64,0.0,78.64,Completed
106992,2024-10-22,530,8,North America,Online,1,1089.91,0.15,926.42,Completed
100250,2024-10-23,463,4,Latin America,Retail,1,2057.42,0.0,2057.42,Completed
100395,2024-10-23,441,12,Latin America,Retail,2,95.54,0.0,191.08,Completed
101638,2024-10-23,133,18,Europe,Retail,1,775.34,0.05,736.57,Completed
101855,2024-10-23,157,12,North America,Partner,1,99.36,0.0,99.36,Completed
102486,2024-10-23,295,7,Asia Pacific,Online,4,561.98,0.0,2247.92,Completed
103422,2024-10-23,445,13,North America,Online,4,24.82,0.0,99.28,Completed
103810,2024-10-23,171,22,North America,Online,2,77.53,0.05,147.31,Completed
103912,2024-10-23,193,13,North America,Retail,1,25.8,0.05,24.51,Completed
103927,2024-10-23,279,15,Latin America,Online,5,76.89,0.15,326.78,Completed
104146,2024-10-23,515,24,North America,Online,313,55.81,0.0,17468.53,Completed
104390,2024-10-23,37,19,North America,Online,1,96.54,0.15,82.06,Completed
104840,2024-10-23,358,13,Asia Pacific,Online,5,24.68,0.15,104.89,Completed
105388,2024-10-23,521,3,Latin America,Partner,1,1007.79,0.0,1007.79,Completed
105525,2024-10-23,244,15,Europe,Partner,15,75.76,0.1,1022.76,Completed
106716,2024-10-23,84,1,North America,Online,2,1213.49,0.1,2184.28,Completed
100926,2024-10-24,545,14,North America,Retail,4,57.34,0.0,229.36,Completed
103494,2024-10-24,115,21,North America,Online,1,294.25,,279.54,Cancelled
104095,2024-10-24,470,1,Europe,Retail,2,1175.77,0.05,2233.96,Completed
105108,2024-10-24,171,12,North America,Partner,4,96.11,0.0,384.44,Completed
105182,2024-10-24,79,1,Europe,Online,1,1192.52,0.1,1073.27,Completed
105568,2024-10-24,395,17,North America,Online,1,451.04,0.15,383.38,Completed
106185,2024-10-24,89,6,North America,Retail,1,742.79,0.15,631.37,Completed
100928,2024-10-25,47,11,Europe,Retail,2,28.7,0.05,54.53,Completed
101488,2024-10-25,298,15,Asia Pacific,Retail,4,76.31,0.1,274.72,Completed
101656,2024-10-25,265,20,Latin America,Online,2,173.79,0.0,347.58,Completed
102175,2024-10-25,46,2,Asia Pacific,Online,2,1496.27,0.0,2992.54,Completed
102183,2024-10-25,230,13,North America,Online,4,24.92,0.0,99.68,Completed
102227,2024-10-25,224,3,Middle East & Africa,Online,1,984.1,0.0,984.1,Completed
103653,2024-10-25,579,2,Latin America,Online,1,1517.5,0.1,1365.75,Completed
103908,2024-10-25,402,13,Latin America,Online,20,24.54,0.1,441.72,Completed
104093,2024-10-25,363,10,North America,Online,5,45.25,0.0,226.25,Returned
104264,2024-10-25,244,13,Europe,Online,4,25.8,0.0,103.2,Completed
105354,2024-10-25,226,1,Latin America,Online,1,1191.12,0.1,1072.01,Completed
105792,2024-10-25,232,12,Europe,Online,4,97.36,0.15,331.02,Returned
106864,2024-10-25,137,14,Middle East & Africa,Online,5,59.33,0.1,266.98,Completed
100693,2024-10-26,361,9,Latin America,Online,1,148.06,0.0,148.06,Completed
101020,2024-10-26,539,18,North America,Partner,2,787.07,0.0,1574.14,Completed
101323,2024-10-26,472,11,Europe,Online,1,28.51,0.0,28.51,Completed
101603,2024-10-26,61,10,Asia Pacific,Retail,2,44.65,0.0,89.3,Cancelled
102092,2024-10-26,427,7,North America,Online,2,523.39,0.1,942.1,Completed
102124,2024-10-26,173,2,North America,Retail,2,1511.55,0.1,2720.79,Completed
102632,2024-10-26,333,17,Asia Pacific,Retail,5,448.57,0.05,2130.71,Completed
103179,2024-10-26,215,15,Asia Pacific,Online,4,77.73,0.05,295.37,Completed
104218,2024-10-26,87,3,Asia Pacific,Online,2,978.34,0.05,1858.85,Completed
104729,2024-10-26,576,10,Europe,Retail,3,44.43,0.0,133.29,Returned
105284,2024-10-26,284,15,North America,Retail,1,82.96,0.0,82.96,Completed
106720,2024-10-26,22,14,North America,Online,2,59.31,0.0,118.62,Completed
101150,2024-10-27,214,8,Asia Pacific,Retail,1,1129.0,0.0,1129.0,Completed
101315,2024-10-27,456,15,North America,Retail,4,81.08,0.1,291.89,Completed
104745,2024-10-27,520,12,Asia Pacific,Online,6,101.85,0.05,580.54,Completed
104853,2024-10-27,351,12,Europe,Online,3,96.63,0.1,260.9,Completed
105817,2024-10-27,204,10,North America,Partner,2,44.85,0.05,85.22,Completed
106463,2024-10-27,308,8,Europe,Online,5,1144.66,0.05,5437.14,Completed
106868,2024-10-27,172,8,Europe,Online,3,1090.42,0.0,3271.26,Completed
100282,2024-10-28,222,15,Europe,Retail,2,79.54,0.0,159.08,Completed
100518,2024-10-28,348,1,North America,Partner,4,1210.49,0.1,4357.76,Completed
100973,2024-10-28,475,4,North America,Online,1,2112.26,0.0,2112.26,Completed
101100,2024-10-28,100,8,Middle East & Africa,Partner,2,1095.89,0.0,2191.78,Completed
101847,2024-10-28,382,21,Latin America,Online,6,285.55,0.05,1627.64,Completed
101919,2024-10-28,251,24,Asia Pacific,Partner,16,57.49,0.15,781.86,Completed
102294,2024-10-28,264,14,North America,Online,5,61.65,0.0,308.25,Completed
102592,2024-10-28,83,12,Asia Pacific,Partner,1,101.22,0.1,91.1,Completed
103299,2024-10-28,490,12,Europe,Partner,1,103.15,0.1,92.84,Completed
103608,2024-10-28,573,3,Europe,Partner,1,956.58,0.15,813.09,Completed
104039,2024-10-28,145,15,Europe,Retail,1,78.62,0.0,78.62,Completed
104157,2024-10-28,357,6,Asia Pacific,Online,1,813.12,0.0,813.12,Completed
104333,2024-10-28,23,11,Middle East & Africa,Partner,1,28.95,0.0,28.95,Completed
105159,2024-10-28,502,20,Latin America,Retail,2,178.98,0.05,340.06,Returned
106392,2024-10-28,438,6,Europe,Online,1,804.96,0.0,804.96,Completed
101093,2024-10-29,344,15,Europe,Retail,2,78.87,0.0,157.74,Completed
101343,2024-10-29,558,12,Europe,Partner,2,100.14,0.0,200.28,Completed
101738,2024-10-29,233,19,Middle East & Africa,Partner,2,100.53,0.0,201.06,Completed
101878,2024-10-29,100,15,Middle East & Africa,Retail,1,76.96,0.0,76.96,Completed
102099,2024-10-29,519,13,North America,Partner,2,24.41,0.0,48.82,Completed
102289,2024-10-29,207,10,North America,Online,1,45.79,0.15,38.92,Completed
103294,2024-10-29,215,13,Asia Pacific,Online,5,24.19,0.15,102.81,Completed
103680,2024-10-29,117,15,Asia Pacific,Retail,4,75.86,0.15,257.92,Completed
104066,2024-10-29,119,8,Europe,Online,1,1049.56,0.0,1049.56,Completed
104312,2024-10-29,182,14,Latin America,Partner,4,60.61,0.0,242.44,Completed
104657,2024-10-29,143,15,Latin America,Retail,4,83.61,0.05,317.72,Completed
104757,2024-10-29,328,10,Europe,Online,3,46.79,0.0,140.37,Completed
104995,2024-10-29,217,11,North America,Online,2,30.45,0.0,60.9,Completed
105325,2024-10-29,419,13,North America,Retail,8,24.11,0.05,183.24,Completed
105351,2024-10-29,450,11,Europe,Partner,5,30.12,0.15,128.01,Completed
106018,2024-10-29,83,12,Asia Pacific,Retail,3,95.43,0.05,271.98,Completed
106348,2024-10-29,21,4,Asia Pacific,Partner,10,2007.24,0.05,19068.78,Completed
106877,2024-10-29,528,15,Middle East & Africa,Partner,5,78.63,0.1,353.84,Completed
100749,2024-10-30,512,11,Asia Pacific,Retail,4,30.1,0.0,120.4,Completed
102207,2024-10-30,564,4,Europe,Online,1,2017.74,0.0,2017.74,Completed
102541,2024-10-30,53,14,Asia Pacific,Online,4,57.54,0.0,230.16,Completed
103610,2024-10-30,267,23,North America,Partner,2,124.9,0.0,249.8,Completed
105590,2024-10-30,282,14,North America,Retail,1,58.77,0.0,58.77,Completed
106661,2024-10-30,528,19,Middle East & Africa,Online,1,97.54,0.15,82.91,Completed
100178,2024-10-31,386,19,Middle East & Africa,Partner,2,105.7,0.0,211.4,Completed
100628,2024-10-31,218,7,North America,Online,1,568.72,0.0,568.72,Completed
101250,2024-10-31,165,19,Europe,Online,2,92.11,0.0,184.22,Completed
101763,2024-10-31,407,16,North America,Retail,2,193.82,0.05,368.26,Completed
102485,2024-10-31,217,17,North America,Partner,1,445.94,0.0,445.94,Completed
102557,2024-10-31,248,13,Europe,Retail,3,25.2,0.05,71.82,Completed
102874,2024-10-31,509,4,Europe,Retail,2,2007.74,0.05,3814.71,Completed
104871,2024-10-31,148,7,Europe,Online,6,516.73,0.0,3100.38,Completed
105696,2024-10-31,11,14,North America,Online,2,58.45,0.05,111.06,Completed
106110,2024-10-31,305,2,Latin America,Partner,2,1458.62,0.0,2917.24,Completed
106725,2024-10-31,450,10,Europe,Retail,4,48.02,0.05,182.48,Completed
100218,2024-11-01,172,13,Europe,Online,15,24.54,0.05,349.69,Completed
100315,2024-11-01,583,10,North America,Online,4,45.69,0.0,182.76,Completed
101021,2024-11-01,267,13,North America,Online,2,24.77,0.1,44.59,Completed
101167,2024-11-01,280,12,Latin America,Online,2,92.98,0.0,185.96,Completed
102700,2024-11-01,475,22,North America,Retail,1,81.39,0.15,69.18,Completed
103095,2024-11-01,373,4,North America,Online,1,2026.78,0.0,2026.78,Completed
103599,2024-11-01,347,21,Latin America,Online,2,292.41,0.0,584.82,Completed
104428,2024-11-01,370,11,Latin America,Partner,5,30.62,0.15,130.14,Completed
100072,2024-11-02,332,8,North America,Online,2,1098.55,0.0,2197.1,Completed
100244,2024-11-02,156,10,Asia Pacific,Retail,3,43.43,0.0,130.29,Completed
100788,2024-11-02,316,13,North America,Partner,10,25.56,0.05,242.82,Completed
101151,2024-11-02,106,20,Asia Pacific,Partner,2,177.67,0.05,337.57,Completed
101874,2024-11-02,323,21,North America,Online,1,308.35,0.05,292.93,Completed
102211,2024-11-02,475,19,North America,Partner,1,92.89,0.0,92.89,Completed
102893,2024-11-02,79,2,Europe,Online,2,1480.59,0.0,2961.18,Completed
102923,2024-11-02,210,11,Europe,Partner,1,28.33,0.0,28.33,Completed
103174,2024-11-02,549,3,Asia Pacific,Online,1,963.25,0.1,866.92,Completed
103452,2024-11-02,309,14,North America,Online,5,58.71,0.0,293.55,Completed
103719,2024-11-02,531,8,Asia Pacific,Online,1,1069.56,0.0,1069.56,Completed
104151,2024-11-02,499,4,North America,Online,2,1988.91,0.05,3778.93,Completed
104189,2024-11-02,350,12,North America,Online,4,96.16,0.0,384.64,Completed
104599,2024-11-02,491,3,Asia Pacific,Online,2,964.21,0.15,1639.16,Completed
105322,2024-11-02,363,11,North America,Online,2,28.77,0.1,51.79,Returned
105594,2024-11-02,535,10,North America,Online,1,43.86,0.15,37.28,Completed
106045,2024-11-02,346,12,Asia Pacific,Retail,12,99.32,0.15,1013.06,Completed
106417,2024-11-02,535,14,North America,Partner,3,57.95,0.05,165.16,Completed
106998,2024-11-02,118,21,Asia Pacific,Online,1,278.68,0.1,250.81,Completed
100982,2024-11-03,400,16,Europe,Partner,1,194.08,0.0,194.08,Completed
101513,2024-11-03,22,12,North America,Online,1,100.43,0.15,85.37,Completed
101718,2024-11-03,544,18,Middle East & Africa,Online,2,717.86,0.15,1220.36,Returned
102085,2024-11-03,157,8,North America,Online,1,1089.41,0.05,1034.94,Completed
102138,2024-11-03,211,8,Asia Pacific,Online,2,1117.93,0.05,2124.07,Completed
102786,2024-11-03,405,19,Middle East & Africa,Retail,2,93.97,0.0,187.94,Completed
103384,2024-11-03,413,16,North America,Retail,1,200.17,0.0,200.17,Completed
103923,2024-11-03,589,12,North America,Online,3,99.0,0.15,252.45,Completed
104070,2024-11-03,443,10,Asia Pacific,Online,4,44.66,0.0,178.64,Returned
104207,2024-11-03,521,6,Latin America,Online,2,796.04,0.1,1432.87,Completed
105636,2024-11-03,273,15,North America,Partner,3,79.8,0.0,239.4,Completed
106230,2024-11-03,37,16,North America,Online,1,202.92,0.05,192.77,Completed
106284,2024-11-03,73,12,Latin America,Online,12,100.83,0.15,1028.47,Completed
106379,2024-11-03,551,8,Europe,Online,1,1119.33,0.0,1119.33,Completed
106571,2024-11-03,59,1,North America,Online,1,1187.14,0.15,1009.07,Completed
106762,2024-11-03,437,18,North America,Online,1,750.38,0.0,750.38,Cancelled
106892,2024-11-03,465,15,Europe,Retail,3,79.11,0.15,201.73,Completed
100777,2024-11-04,54,14,Asia Pacific,Online,5,61.65,0.0,308.25,Completed
101122,2024-11-04,144,18,Europe,Partner,1,722.5,0.0,722.5,Returned
101311,2024-11-04,466,14,Asia Pacific,Retail,5,56.65,0.15,240.76,Completed
101522,2024-11-04,361,11,Latin America,Online,4,28.47,0.15,96.8,Completed
101838,2024-11-04,389,18,North America,Retail,1,736.49,0.0,736.49,Completed
102386,2024-11-04,87,7,Asia Pacific,Retail,1,553.94,0.0,553.94,Completed
103281,2024-11-04,422,11,North America,Partner,1,30.17,0.0,30.17,Returned
104083,2024-11-04,447,12,Middle East & Africa,Retail,4,93.91,0.05,356.86,Completed
104724,2024-11-04,37,3,North America,Partner,2,954.95,0.0,1909.9,Completed
105925,2024-11-04,422,15,North America,Retail,4,80.45,0.0,321.8,Completed
106163,2024-11-04,563,3,Asia Pacific,Partner,2,988.67,0.05,1878.47,Completed
106519,2024-11-04,85,21,North America,Online,1,307.86,0.0,307.86,Completed
100357,2024-11-05,443,18,Asia Pacific,Online,1,748.08,,710.68,Completed
100675,2024-11-05,293,16,Latin America,Online,1,197.93,0.0,197.93,Cancelled
101197,2024-11-05,266,7,North America,Online,5,513.65,0.0,2568.25,Completed
102256,2024-11-05,576,6,Europe,Online,1,810.32,0.15,688.77,Completed
102349,2024-11-05,538,12,North America,Online,3,97.11,0.05,276.76,Completed
102868,2024-11-05,519,7,North America,Online,2,543.7,0.0,1087.4,Completed
102943,2024-11-05,32,10,Middle East & Africa,Online,2,43.77,0.0,87.54,Completed
103272,2024-11-05,576,10,Europe,Partner,4,42.87,0.0,171.48,Completed
103519,2024-11-05,324,6,Europe,Online,2,804.85,0.0,1609.7,Completed
103666,2024-11-05,278,1,Europe,Online,1,1154.73,0.0,1154.73,Completed
103965,2024-11-05,215,12,Asia Pacific,Retail,4,100.47,0.0,401.88,Returned
104917,2024-11-05,333,13,Asia Pacific,Online,2,24.98,0.1,44.96,Cancelled
105117,2024-11-05,236,8,Asia Pacific,Online,2,1063.06,0.0,2126.12,Completed
105918,2024-11-05,405,1,Middle East & Africa,Partner,2,1228.39,0.0,2456.78,Completed
100300,2024-11-06,497,12,Europe,Online,4,94.44,0.0,377.76,Completed
103626,2024-11-06,597,8,Asia Pacific,Online,1,1078.04,0.0,1078.04,Completed
103982,2024-11-06,272,3,North America,Retail,1,993.83,0.0,993.83,Completed
105757,2024-11-06,281,8,North America,Online,1,1119.65,0.0,1119.65,Completed
106193,2024-11-06,196,15,North America,Retail,4,79.0,0.05,300.2,Completed
106723,2024-11-06,273,3,North America,Retail,1,961.67,0.1,865.5,Completed
106870,2024-11-06,10,14,Europe,Online,5,58.53,0.0,292.65,Completed
106887,2024-11-06,97,13,North America,Retail,5,24.27,0.15,103.15,Completed
100061,2024-11-07,384,17,Europe,Online,2,427.05,0.0,854.1,Completed
100412,2024-11-07,58,16,Europe,Partner,2,190.4,0.15,323.68,Completed
101826,2024-11-07,27,2,Europe,Online,2,1539.91,0.0,3079.82,Completed
102280,2024-11-07,39,12,North America,Retail,1,95.97,0.1,86.37,Completed
102574,2024-11-07,399,15,Europe,Retail,5,75.8,0.15,322.15,Completed
102735,2024-11-07,142,3,Europe,Partner,2,1062.26,0.05,2018.29,Completed
103437,2024-11-07,423,14,North America,Online,5,57.42,0.0,287.1,Completed
103941,2024-11-07,383,18,Asia Pacific,Online,1,709.73,0.0,709.73,Completed
105378,2024-11-07,596,7,North America,Partner,10,530.22,0.0,5302.2,Completed
105514,2024-11-07,158,10,Asia Pacific,Retail,1,46.7,0.0,46.7,Completed
106160,2024-11-07,36,10,North America,Retail,3,47.27,0.0,141.81,Completed
106601,2024-11-07,221,12,North America,Online,4,101.82,0.0,407.28,Completed
100293,2024-11-08,394,12,Asia Pacific,Online,1,94.25,0.0,94.25,Returned
100295,2024-11-08,274,1,Europe,Online,2,1219.12,0.1,2194.42,Completed
100550,2024-11-08,114,2,Europe,Online,1,1547.33,0.0,1547.33,Completed
100580,2024-11-08,429,8,North America,Retail,1,1165.17,0.0,1165.17,Completed
100691,2024-11-08,290,16,North America,Online,1,205.97,0.1,185.37,Completed
101348,2024-11-08,486,19,Europe,Online,1,101.37,0.15,86.16,Completed
101549,2024-11-08,97,3,North America,Retail,2,963.64,0.0,1927.28,Completed
102009,2024-11-08,132,14,Latin America,Online,1,61.1,0.0,61.1,Completed
102172,2024-11-08,309,20,North America,Online,1,179.1,0.05,170.14,Completed
102269,2024-11-08,288,1,North America,Online,2,1132.68,0.0,2265.36,Completed
102856,2024-11-08,151,22,Asia Pacific,Partner,8,80.13,0.0,641.04,Completed
102872,2024-11-08,340,14,Latin America,Partner,2,61.01,0.0,122.02,Completed
103105,2024-11-08,539,1,North America,Retail,1,1197.86,0.0,1197.86,Completed
103372,2024-11-08,498,7,Europe,Retail,1,572.23,0.0,572.23,Completed
103636,2024-11-08,417,3,North America,Retail,2,989.13,0.0,1978.26,Completed
103978,2024-11-08,121,10,Europe,Online,5,43.53,0.05,206.77,Completed
104159,2024-11-08,297,3,Middle East & Africa,Retail,1,1050.3,0.05,997.78,Completed
105398,2024-11-08,375,19,North America,Partner,1,94.97,0.15,80.72,Completed
105441,2024-11-08,385,15,North America,Online,3,78.1,0.1,210.87,Completed
106426,2024-11-08,179,15,Latin America,Online,4,81.43,0.05,309.43,Completed
106472,2024-11-08,475,16,North America,Online,2,204.12,0.0,408.24,Completed
100221,2024-11-09,415,14,North America,Retail,25,60.01,0.0,1500.25,Completed
101005,2024-11-09,332,17,North America,Online,2,458.3,0.0,916.6,Completed
101028,2024-11-09,138,1,Europe,Online,2,1163.09,0.15,1977.25,Completed
101276,2024-11-09,454,6,North America,Online,1,796.07,0.15,676.66,Completed
101948,2024-11-09,449,18,North America,Retail,2,781.14,0.1,1406.05,Completed
102043,2024-11-09,193,13,North America,Online,2,23.99,0.0,47.98,Completed
102113,2024-11-09,497,15,Europe,Partner,3,79.54,0.05,226.69,Completed
102504,2024-11-09,472,10,Europe,Retail,3,47.56,0.0,142.68,Completed
103529,2024-11-09,323,3,North America,Partner,2,1037.0,0.0,2074.0,Completed
103624,2024-11-09,482,21,North America,Online,2,296.16,0.0,592.32,Completed
103986,2024-11-09,497,13,Europe,Partner,4,25.44,0.0,101.76,Completed
104019,2024-11-09,37,12,North America,Online,1,98.51,0.0,98.51,Completed
104104,2024-11-09,176,11,North America,Retail,5,29.66,0.15,126.06,Completed
104943,2024-11-09,313,2,North America,Online,2,1539.49,0.15,2617.13,Returned
105018,2024-11-09,481,18,Europe,Online,2,750.78,0.0,1501.56,Completed
100849,2024-11-10,17,2,Europe,Online,2,1557.43,0.0,3114.86,Completed
101045,2024-11-10,132,14,Latin America,Online,4,60.91,0.0,243.64,Completed
101259,2024-11-10,364,2,North America,Retail,1,1429.26,0.0,1429.26,Completed
102441,2024-11-10,526,10,North America,Online,15,46.22,0.0,693.3,Completed
102507,2024-11-10,548,15,North America,Online,5,79.92,0.15,339.66,Completed
102524,2024-11-10,105,21,Asia Pacific,Retail,2,284.3,0.05,540.17,Completed
102623,2024-11-10,193,15,North America,Online,2,79.54,0.05,151.13,Returned
102795,2024-11-10,241,11,Asia Pacific,Online,3,28.37,0.0,85.11,Completed
103087,2024-11-10,508,7,Asia Pacific,Online,1,536.42,0.05,509.6,Completed
103156,2024-11-10,327,15,Asia Pacific,Online,1,80.54,0.0,80.54,Completed
103170,2024-11-10,512,20,Asia Pacific,Partner,1,181.39,0.0,181.39,Completed
103387,2024-11-10,346,13,Asia Pacific,Online,10,25.27,0.0,252.7,Completed
103943,2024-11-10,561,10,North America,Retail,1,44.61,0.0,44.61,Completed
104233,2024-11-10,12,15,Latin America,Retail,3,81.71,0.15,208.36,Completed
104847,2024-11-10,192,23,North America,Retail,3,130.71,0.0,392.13,Completed
104903,2024-11-10,418,15,Asia Pacific,Partner,15,78.41,0.0,1176.15,Completed
105041,2024-11-10,165,4,Europe,Retail,2,1972.88,0.0,3945.76,Completed
106009,2024-11-10,244,14,Europe,Online,15,58.63,0.15,747.53,Completed
106410,2024-11-10,561,1,North America,Online,1,1176.34,0.15,999.89,Completed
106425,2024-11-10,21,6,Asia Pacific,Partner,4,819.35,0.0,3277.4,Completed
106477,2024-11-10,189,17,Asia Pacific,Online,3,435.66,0.15,1110.93,Completed
100246,2024-11-11,269,6,North America,Online,2,784.48,0.0,1568.96,Completed
100355,2024-11-11,535,23,North America,Retail,3,131.57,0.0,394.71,Completed
100534,2024-11-11,18,7,North America,Online,2,568.38,0.0,1136.76,Completed
100664,2024-11-11,348,8,North America,Online,4,1096.19,0.0,4384.76,Completed
101198,2024-11-11,278,11,Europe,Retail,4,27.63,0.05,104.99,Completed
101508,2024-11-11,75,19,North America,Partner,8,91.4,0.1,658.08,Completed
101546,2024-11-11,234,17,Europe,Online,1,449.93,0.15,382.44,Completed
102257,2024-11-11,97,12,North America,Online,4,99.36,0.0,397.44,Completed
103326,2024-11-11,255,10,North America,Online,2,45.09,0.05,85.67,Completed
103506,2024-11-11,36,6,North America,Online,2,816.63,0.1,1469.93,Completed
103971,2024-11-11,244,13,Europe,Online,25,24.72,0.0,618.0,Completed
105660,2024-11-11,272,12,North America,Online,3,100.98,0.0,302.94,Completed
105952,2024-11-11,422,10,North America,Partner,2,46.95,0.1,84.51,Completed
106033,2024-11-11,173,20,North America,Online,1,177.5,0.05,168.62,Completed
106457,2024-11-11,48,15,North America,Retail,5,77.61,0.05,368.65,Completed
106591,2024-11-11,200,14,North America,Retail,1,58.63,0.0,58.63,Completed
100095,2024-11-12,24,4,Latin America,Partner,2,2107.94,0.05,4005.09,Completed
100938,2024-11-12,587,7,North America,Online,4,559.65,0.1,2014.74,Completed
101301,2024-11-12,304,12,Europe,Online,6,98.24,0.15,501.02,Completed
101798,2024-11-12,105,12,Asia Pacific,Online,3,98.05,0.0,294.15,Completed
102190,2024-11-12,187,11,North America,Partner,1,30.33,0.0,30.33,Completed
102639,2024-11-12,546,17,Europe,Online,1,443.05,0.0,443.05,Completed
102965,2024-11-12,362,7,North America,Online,1,546.42,0.05,519.1,Returned
103085,2024-11-12,257,17,Asia Pacific,Retail,6,450.87,0.1,2434.7,Returned
103251,2024-11-12,239,13,North America,Online,3,26.19,0.1,70.71,Completed
103861,2024-11-12,372,15,North America,Online,3,76.59,0.1,206.79,Completed
104262,2024-11-12,382,1,Latin America,Online,10,1184.92,0.1,10664.28,Completed
104405,2024-11-12,297,11,Middle East & Africa,Partner,4,27.61,0.05,104.92,Completed
104798,2024-11-12,216,6,Asia Pacific,Retail,2,805.74,0.15,1369.76,Completed
104861,2024-11-12,79,15,Europe,Online,2,78.41,0.05,148.98,Completed
105151,2024-11-12,7,6,Asia Pacific,Online,2,767.2,0.1,1380.96,Completed
105166,2024-11-12,587,14,North America,Online,3,58.53,0.15,149.25,Completed
105517,2024-11-12,62,7,Europe,Online,5,556.22,0.1,2502.99,Completed
100211,2024-11-13,404,2,North America,Retail,2,1508.4,0.0,3016.8,Completed
100651,2024-11-13,438,16,Europe,Online,2,196.79,0.1,354.22,Completed
101143,2024-11-13,429,11,North America,Online,1,28.85,0.0,28.85,Completed
101227,2024-11-13,291,2,Asia Pacific,Online,1,1432.96,0.05,1361.31,Completed
101723,2024-11-13,544,13,Middle East & Africa,Retail,3,26.3,0.05,74.96,Completed
102462,2024-11-13,87,1,Asia Pacific,Online,2,1226.95,0.05,2331.2,Completed
102864,2024-11-13,228,1,Europe,Online,2,1198.6,0.0,2397.2,Completed
103332,2024-11-13,548,15,North America,Retail,1,76.93,0.0,76.93,Completed
103660,2024-11-13,594,7,Europe,Online,2,575.01,0.0,1150.02,Completed
104288,2024-11-13,24,16,Latin America,Online,2,208.27,0.1,374.89,Completed
104358,2024-11-13,113,13,North America,,20,24.82,0.0,496.4,Completed
104516,2024-11-13,228,14,Europe,Online,4,57.88,0.0,231.52,Completed
104639,2024-11-13,565,15,Europe,Online,2,78.47,0.15,133.4,Completed
104932,2024-11-13,268,17,North America,Online,4,432.13,0.0,1728.52,Returned
105233,2024-11-13,26,11,North America,Partner,2,28.14,0.05,53.47,Completed
105553,2024-11-13,159,11,Asia Pacific,Online,2,29.43,0.15,50.03,Completed
105754,2024-11-13,178,19,Middle East & Africa,Online,5,102.01,0.1,459.04,Completed
106391,2024-11-13,96,18,Europe,Partner,1,769.31,0.05,730.84,Completed
106917,2024-11-13,361,14,Latin America,Online,1,58.12,0.0,58.12,Completed
106987,2024-11-13,599,10,Middle East & Africa,Online,4,43.56,0.0,174.24,Completed
100233,2024-11-14,76,10,North America,Online,5,43.9,0.15,186.58,Completed
100373,2024-11-14,255,19,North America,Online,1,103.47,0.0,103.47,Cancelled
101141,2024-11-14,470,22,Europe,Online,1,77.34,0.0,77.34,Completed
101862,2024-11-14,407,13,North America,Partner,5,26.08,0.0,130.4,Completed
102499,2024-11-14,583,13,North America,Retail,4,25.21,0.0,100.84,Completed
103324,2024-11-14,192,10,North America,Retail,4,42.94,0.15,146.0,Completed
103446,2024-11-14,390,15,Latin America,Online,12,76.13,0.0,913.56,Completed
104086,2024-11-14,443,3,Asia Pacific,Retail,2,1003.15,0.15,1705.36,Completed
104282,2024-11-14,249,14,North America,Online,1,63.72,0.15,54.16,Returned
105196,2024-11-14,60,14,North America,Partner,4,60.03,0.05,228.11,Completed
106094,2024-11-14,384,17,Europe,Retail,1,429.67,0.05,408.19,Completed
106270,2024-11-14,93,10,Europe,Partner,1,45.8,0.1,41.22,Completed
106634,2024-11-14,564,7,Europe,Retail,2,558.8,,1117.6,Completed
106971,2024-11-14,568,6,North America,Online,1,793.31,0.1,713.98,Completed
100612,2024-11-15,173,15,North America,Retail,4,76.12,0.15,258.81,Completed
101214,2024-11-15,597,3,Asia Pacific,Online,2,1023.21,0.15,1739.46,Completed
101263,2024-11-15,540,2,Asia Pacific,Online,1,1502.61,0.05,1427.48,Completed
103890,2024-11-15,591,10,Latin America,Retail,5,44.46,0.0,222.3,Completed
104550,2024-11-15,67,3,Europe,Retail,8,947.47,0.0,7579.76,Completed
104605,2024-11-15,528,14,Middle East & Africa,Online,3,58.38,0.1,157.63,Returned
106613,2024-11-15,367,15,Asia Pacific,Online,5,79.51,0.15,337.92,Completed
100004,2024-11-16,262,14,Asia Pacific,Online,5,60.58,0.1,272.61,Completed
100192,2024-11-16,435,14,North America,Retail,3,58.24,0.0,174.72,Completed
100307,2024-11-16,560,23,Europe,Retail,2,129.67,0.0,259.34,Completed
100330,2024-11-16,142,21,Europe,Online,1,316.17,0.0,316.17,Completed
100971,2024-11-16,185,12,Asia Pacific,Online,3,96.65,0.0,289.95,Completed
101955,2024-11-16,557,24,North America,Partner,2,58.82,0.05,111.76,Completed
103268,2024-11-16,373,8,North America,Online,1,1138.64,0.1,1024.78,Completed
103290,2024-11-16,209,21,North America,Retail,1,306.62,0.1,275.96,Completed
103622,2024-11-16,316,7,North America,Online,2,540.06,0.0,1080.12,Completed
103765,2024-11-16,67,15,Europe,Online,10,79.36,0.1,714.24,Completed
104141,2024-11-16,284,17,North America,Online,2,418.02,0.0,836.04,Completed
104278,2024-11-16,401,1,North America,Partner,1,1179.64,0.0,1179.64,Returned
104293,2024-11-16,334,13,Latin America,Online,8,25.01,0.0,200.08,Completed
105160,2024-11-16,22,19,North America,Online,1,97.31,0.1,87.58,Completed
105776,2024-11-16,278,11,Europe,Online,2,30.13,0.1,54.23,Completed
106058,2024-11-16,253,15,Europe,Retail,5,77.23,0.1,347.54,Completed
100267,2024-11-17,564,11,Europe,Online,5,28.36,0.1,127.62,Completed
102749,2024-11-17,93,1,Europe,Online,1,1180.72,0.15,1003.61,Completed
102789,2024-11-17,210,18,Europe,Online,1,794.16,0.05,754.45,Completed
105835,2024-11-17,334,21,Latin America,Retail,6,291.55,0.0,1749.3,Completed
105911,2024-11-17,166,2,North America,Online,1,1463.89,0.0,1463.89,Completed
101885,2024-11-18,230,12,North America,Retail,2,95.65,,172.17,Completed
101979,2024-11-18,299,14,Asia Pacific,Online,3,58.61,0.0,175.83,Completed
102637,2024-11-18,587,13,North America,Partner,4,24.4,0.0,97.6,Completed
102747,2024-11-18,46,20,Asia Pacific,Retail,2,189.88,0.0,379.76,Completed
103203,2024-11-18,281,10,North America,Retail,5,43.53,0.0,217.65,Completed
103334,2024-11-18,172,15,Europe,Online,15,82.61,0.0,1239.15,Completed
103344,2024-11-18,1,19,Asia Pacific,Online,2,104.99,0.0,209.98,Completed
104440,2024-11-18,468,3,Latin America,Retail,2,1022.66,0.0,2045.32,Completed
104716,2024-11-18,536,16,North America,Online,1,197.07,0.15,167.51,Completed
104963,2024-11-18,98,13,North America,Online,2,25.61,0.0,51.22,Completed
105205,2024-11-18,487,10,Europe,Online,5,45.18,0.05,214.6,Completed
105210,2024-11-18,64,17,Asia Pacific,Online,1,454.47,0.0,454.47,Completed
105582,2024-11-18,549,4,Asia Pacific,Online,2,1872.91,0.15,3183.95,Completed
105959,2024-11-18,580,10,North America,Retail,3,45.83,0.1,123.74,Completed
106420,2024-11-18,209,6,North America,Online,1,757.18,0.15,643.6,Completed
100841,2024-11-19,152,12,Latin America,Online,4,92.7,0.15,315.18,Completed
101780,2024-11-19,539,13,North America,Partner,2,25.05,0.15,42.58,Completed
102224,2024-11-19,85,12,North America,Partner,5,100.72,0.0,503.6,Completed
104170,2024-11-19,569,16,North America,Online,1,204.73,0.0,204.73,Completed
104996,2024-11-19,5,21,North America,Online,2,301.71,0.0,603.42,Completed
105095,2024-11-19,461,20,Europe,Online,1,184.15,0.0,184.15,Completed
105576,2024-11-19,499,15,North America,Online,4,77.87,0.05,295.91,Completed
105602,2024-11-19,497,17,Europe,Online,2,463.64,0.0,927.28,Completed
106167,2024-11-19,557,12,North America,Partner,5,91.12,0.0,455.6,Completed
100025,2024-11-20,191,10,Latin America,Retail,3,45.12,0.15,115.06,Completed
100732,2024-11-20,186,19,Asia Pacific,Online,6,98.76,0.15,503.68,Completed
102314,2024-11-20,362,4,North America,Partner,1,1951.9,0.0,1951.9,Completed
102964,2024-11-20,280,18,Latin America,Retail,2,758.73,0.15,1289.84,Completed
103298,2024-11-20,477,12,Europe,Online,5,97.7,0.1,439.65,Completed
104602,2024-11-20,85,14,North America,Online,2,57.26,0.15,97.34,Completed
104630,2024-11-20,478,17,Europe,Online,1,441.54,0.0,441.54,Completed
104936,2024-11-20,79,16,Europe,Retail,1,206.73,0.0,206.73,Completed
105515,2024-11-20,369,10,North America,Online,1,43.13,0.0,43.13,Completed
105962,2024-11-20,521,15,Latin America,Online,3,79.96,0.0,239.88,Completed
106502,2024-11-20,85,14,North America,Online,4,56.17,0.15,190.98,Completed
106637,2024-11-20,545,6,North America,Online,1,820.64,0.0,820.64,Completed
106858,2024-11-20,384,19,Europe,Online,2,100.38,0.0,200.76,Completed
100128,2024-11-21,211,7,Asia Pacific,Partner,1,528.25,0.05,501.84,Completed
100220,2024-11-21,36,6,North America,Retail,1,796.93,0.0,796.93,Completed
101058,2024-11-21,253,10,Europe,Retail,3,46.36,0.0,139.08,Completed
101624,2024-11-21,115,2,North America,Online,2,1518.2,0.1,2732.76,Completed
102032,2024-11-21,340,7,Latin America,Retail,2,527.2,0.1,948.96,Completed
103276,2024-11-21,597,10,Asia Pacific,Retail,1,44.77,0.0,44.77,Completed
104940,2024-11-21,185,12,Asia Pacific,Online,5,96.41,0.1,433.84,Completed
105177,2024-11-21,228,8,Europe,Online,2,1139.99,0.1,2051.98,Completed
105228,2024-11-21,389,16,North America,Partner,2,204.62,0.0,409.24,Completed
105353,2024-11-21,394,18,Asia Pacific,Retail,2,751.3,0.0,1502.6,Completed
105579,2024-11-21,591,7,Latin America,Retail,1,551.97,0.0,551.97,Completed
105732,2024-11-21,218,14,North America,Online,4,59.03,0.05,224.31,Completed
106775,2024-11-21,204,10,North America,Retail,2,44.37,0.0,88.74,Returned
101163,2024-11-22,584,15,Europe,Online,4,81.74,0.0,326.96,Completed
101630,2024-11-22,396,10,Europe,Partner,1,45.89,0.0,45.89,Completed
101700,2024-11-22,100,2,Middle East & Africa,Online,2,1538.41,0.0,3076.82,Completed
102071,2024-11-22,241,21,Asia Pacific,Retail,2,295.74,0.15,502.76,Completed
102955,2024-11-22,252,1,Latin America,Online,2,1197.81,0.0,2395.62,Completed
103307,2024-11-22,587,7,North America,Retail,10,559.05,0.15,4751.92,Completed
103942,2024-11-22,266,12,North America,Online,16,97.85,0.0,1565.6,Completed
104462,2024-11-22,518,15,Asia Pacific,Online,2,80.36,0.15,136.61,Completed
104537,2024-11-22,588,20,North America,Retail,2,184.98,0.05,351.46,Completed
105192,2024-11-22,415,12,North America,Retail,5,98.33,0.05,467.07,Completed
105550,2024-11-22,164,6,North America,Online,2,825.1,0.1,1485.18,Completed
105795,2024-11-22,146,22,North America,Online,6,80.0,0.05,456.0,Completed
105951,2024-11-22,516,17,North America,Online,2,435.87,0.1,784.57,Completed
106228,2024-11-22,37,18,North America,Retail,1,772.44,0.05,733.82,Completed
100676,2024-11-23,525,10,North America,Online,3,46.5,0.0,139.5,Completed
101004,2024-11-23,308,15,Europe,Retail,10,81.72,0.1,735.48,Completed
101332,2024-11-23,538,14,North America,Online,1,56.39,0.0,56.39,Completed
101705,2024-11-23,268,14,North America,Partner,12,61.49,0.15,627.2,Completed
101757,2024-11-23,565,12,Europe,Online,4,96.08,0.0,384.32,Completed
103329,2024-11-23,167,3,Asia Pacific,Partner,1,1018.8,0.0,1018.8,Completed
103398,2024-11-23,176,15,North America,Online,3,79.19,0.0,237.57,Completed
103594,2024-11-23,47,13,Europe,Online,2,24.44,0.05,46.44,Completed
103831,2024-11-23,35,25,Europe,Retail,4,103.27,0.1,371.77,Completed
103893,2024-11-23,477,15,Europe,Retail,5,81.01,0.15,344.29,Completed
104593,2024-11-23,354,11,Europe,Retail,3,28.9,0.15,73.69,Completed
104899,2024-11-23,325,7,Asia Pacific,Online,1,554.34,0.1,498.91,Completed
105064,2024-11-23,248,21,Europe,Online,1,299.61,0.0,299.61,Completed
105169,2024-11-23,278,4,Europe,Partner,2,2023.36,0.05,3844.38,Completed
106869,2024-11-23,336,21,Europe,Online,2,290.84,0.0,581.68,Completed
101078,2024-11-24,36,14,North America,Partner,1,59.31,0.0,59.31,Completed
101262,2024-11-24,357,12,Asia Pacific,Online,5,100.66,0.05,478.13,Completed
101530,2024-11-24,538,4,North America,Retail,1,2004.98,0.0,2004.98,Completed
101730,2024-11-24,529,21,Asia Pacific,Online,2,290.84,0.0,581.68,Completed
101887,2024-11-24,199,20,North America,Online,1,178.73,0.0,178.73,Completed
102335,2024-11-24,450,14,Europe,Online,3,59.19,0.15,150.93,Completed
102430,2024-11-24,475,13,North America,Online,4,24.39,0.15,82.93,Completed
104226,2024-11-24,341,15,North America,Online,4,77.9,0.0,311.6,Completed
104354,2024-11-24,74,8,North America,Online,4,1090.59,0.15,3708.01,Completed
104363,2024-11-24,100,11,Middle East & Africa,Partner,4,28.83,0.0,115.32,Completed
104560,2024-11-24,525,14,North America,Online,1,58.97,0.15,50.12,Completed
104858,2024-11-24,479,15,Europe,Partner,5,90.87,0.1,408.92,Completed
105080,2024-11-24,395,20,North America,Partner,2,185.84,0.05,353.1,Completed
105356,2024-11-24,60,3,North America,Retail,2,973.4,0.1,1752.12,Completed
105653,2024-11-24,125,10,North America,Partner,1,48.53,0.0,48.53,Completed
106409,2024-11-24,504,2,Europe,Retail,1,1503.44,0.1,1353.1,Completed
106623,2024-11-24,12,21,Latin America,Online,2,293.66,,528.59,Completed
106834,2024-11-24,48,8,North America,Partner,2,1151.32,0.0,2302.64,Completed
101669,2024-11-25,515,11,North America,Online,1,29.36,0.05,27.89,Completed
102044,2024-11-25,341,20,North America,Online,2,185.0,0.0,370.0,Completed
102581,2024-11-25,117,7,Asia Pacific,Partner,2,568.38,0.1,1023.08,Completed
102814,2024-11-25,284,12,North America,Retail,3,104.71,0.0,314.13,Completed
103204,2024-11-25,280,17,Latin America,Retail,2,452.48,0.0,904.96,Completed
103257,2024-11-25,37,6,North America,Online,2,778.07,0.05,1478.33,Completed
103362,2024-11-25,375,15,North America,Retail,4,78.33,0.15,266.32,Completed
104042,2024-11-25,530,11,North America,Retail,1,28.45,0.0,28.45,Completed
104528,2024-11-25,539,2,North America,Retail,1,1534.87,0.0,1534.87,Completed
105279,2024-11-25,499,2,North America,Online,1,1548.64,0.0,1548.64,Completed
105344,2024-11-25,585,7,Latin America,Online,2,565.93,0.0,1131.86,Completed
105492,2024-11-25,571,3,North America,Online,1,1037.63,0.05,985.75,Completed
100125,2024-11-26,252,13,Latin America,Retail,3,24.51,0.0,73.53,Completed
100127,2024-11-26,98,16,North America,Online,2,205.11,0.0,410.22,Completed
100196,2024-11-26,487,12,Europe,Online,4,99.41,0.0,397.64,Completed
100554,2024-11-26,85,7,North America,Online,1,558.94,0.0,558.94,Completed
100560,2024-11-26,384,20,Europe,Online,2,186.63,0.0,373.26,Completed
102188,2024-11-26,87,15,Asia Pacific,Online,1,76.59,0.1,68.93,Completed
102580,2024-11-26,322,15,Europe,Online,4,78.82,0.0,315.28,Completed
102951,2024-11-26,216,15,Asia Pacific,Online,3,79.84,0.0,239.52,Completed
103086,2024-11-26,461,17,Europe,Partner,1,455.06,0.0,455.06,Completed
103339,2024-11-26,37,15,North America,Online,2,82.24,0.15,139.81,Completed
103637,2024-11-26,311,15,Europe,Partner,1,81.53,0.05,77.45,Completed
103855,2024-11-26,280,14,Latin America,Online,3,58.61,0.05,167.04,Completed
104869,2024-11-26,337,13,North America,Online,4,24.53,0.15,83.4,Completed
104886,2024-11-26,572,1,Asia Pacific,Retail,2,1126.77,0.05,2140.86,Completed
104969,2024-11-26,576,11,Europe,Online,4,29.57,0.0,118.28,Completed
105161,2024-11-26,37,7,North America,Retail,2,555.4,0.0,1110.8,Completed
106569,2024-11-26,206,10,North America,Partner,1,42.76,0.0,42.76,Completed
100692,2024-11-27,138,11,Europe,Retail,1,27.56,0.15,23.43,Completed
100759,2024-11-27,404,10,North America,Retail,4,45.73,0.0,182.92,Completed
100978,2024-11-27,193,8,North America,Retail,2,1132.34,0.0,2264.68,Returned
101185,2024-11-27,344,16,Europe,Retail,2,206.64,0.0,413.28,Completed
101482,2024-11-27,530,14,North America,Retail,4,57.9,0.0,231.6,Completed
101709,2024-11-27,567,6,Asia Pacific,Partner,1,791.71,0.0,791.71,Completed
101986,2024-11-27,259,4,North America,Online,2,2007.23,0.0,4014.46,Completed
102332,2024-11-27,487,8,Europe,Retail,1,1033.9,0.1,930.51,Completed
102383,2024-11-27,8,4,Asia Pacific,Retail,1,1926.55,0.1,1733.9,Completed
102832,2024-11-27,573,14,Europe,Retail,2,60.95,0.0,121.9,Completed
103126,2024-11-27,302,19,North America,Retail,2,100.29,0.0,200.58,Completed
103197,2024-11-27,447,10,Middle East & Africa,Online,4,44.18,0.0,176.72,Completed
104101,2024-11-27,579,13,Latin America,Retail,4,25.7,0.05,97.66,Completed
105242,2024-11-27,72,8,Europe,Online,1,1108.87,0.0,1108.87,Completed
105888,2024-11-27,105,15,Asia Pacific,Online,4,79.28,0.0,317.12,Completed
106098,2024-11-27,346,14,Asia Pacific,Partner,4,60.36,0.05,229.37,Completed
106756,2024-11-27,157,14,North America,Online,4,57.6,0.15,195.84,Completed
100803,2024-11-28,511,3,North America,Retail,10,990.24,0.05,9407.28,Completed
102247,2024-11-28,370,14,Latin America,Retail,5,62.01,0.05,294.55,Completed
102262,2024-11-28,22,8,North America,Online,1,1119.4,0.1,1007.46,Completed
102729,2024-11-28,135,19,Europe,Online,2,97.26,0.0,194.52,Completed
102869,2024-11-28,214,4,Asia Pacific,Retail,1,1909.94,0.0,1909.94,Completed
102918,2024-11-28,441,3,Latin America,Online,1,1053.87,0.0,1053.87,Completed
104034,2024-11-28,475,17,North America,Online,1,455.05,0.0,455.05,Completed
104249,2024-11-28,40,6,Asia Pacific,Online,1,790.58,0.0,790.58,Completed
104872,2024-11-28,451,10,North America,Online,1,42.71,0.0,42.71,Completed
105040,2024-11-28,193,20,North America,Online,1,190.24,0.0,190.24,Completed
105082,2024-11-28,596,15,North America,Retail,8,79.61,0.0,636.88,Completed
106632,2024-11-28,24,6,Latin America,Retail,1,824.75,0.15,701.04,Completed
106662,2024-11-28,562,12,North America,Online,3,97.76,0.15,249.29,Completed
100362,2024-11-29,536,3,North America,Online,2,923.91,0.0,1847.82,Completed
100649,2024-11-29,437,7,North America,Online,1,549.1,0.0,549.1,Completed
100690,2024-11-29,277,14,North America,Online,8,59.78,0.05,454.33,Completed
100843,2024-11-29,75,7,North America,Retail,5,535.37,0.15,2275.32,Completed
101115,2024-11-29,47,15,Europe,Online,4,79.3,0.1,285.48,Returned
101785,2024-11-29,82,13,Europe,Online,5,24.01,0.1,108.05,Returned
101930,2024-11-29,589,13,North America,Online,5,23.75,0.05,112.81,Completed
102007,2024-11-29,172,11,Europe,Online,15,28.51,0.0,427.65,Completed
102519,2024-11-29,118,1,Asia Pacific,Retail,1,1172.96,0.15,997.02,Completed
102589,2024-11-29,79,11,Europe,Online,3,27.96,0.0,83.88,Completed
102621,2024-11-29,253,2,Europe,Retail,2,1575.91,0.1,2836.64,Completed
103671,2024-11-29,367,13,Asia Pacific,Online,4,25.0,0.1,90.0,Returned
103749,2024-11-29,393,2,Europe,Online,2,1457.6,0.0,2915.2,Completed
103856,2024-11-29,539,15,North America,Partner,5,75.38,0.15,320.36,Completed
103952,2024-11-29,443,19,Asia Pacific,Online,2,101.83,0.1,183.29,Completed
105156,2024-11-29,594,20,Europe,Online,1,185.08,0.1,166.57,Completed
105917,2024-11-29,588,18,North America,Online,1,780.55,0.0,780.55,Returned
106061,2024-11-29,382,17,Latin America,Online,4,469.57,0.0,1878.28,Completed
106578,2024-11-29,185,12,Asia Pacific,Partner,1,94.01,0.0,94.01,Completed
106653,2024-11-29,171,14,North America,Online,4,59.48,0.0,237.92,Completed
100983,2024-11-30,405,6,Middle East & Africa,Retail,1,804.22,0.0,804.22,Completed
102363,2024-11-30,266,10,North America,Online,10,45.47,0.0,454.7,Completed
102665,2024-11-30,15,11,Europe,Online,5,29.21,0.15,124.14,Completed
102928,2024-11-30,505,1,Europe,Retail,1,1218.64,0.05,1157.71,Completed
104779,2024-11-30,535,15,North America,Online,2,75.58,0.15,128.49,Completed
105824,2024-11-30,475,7,North America,Online,2,524.83,0.0,1049.66,Completed
106873,2024-11-30,269,3,North America,Online,1,1015.74,0.0,1015.74,Completed
100094,2024-12-01,476,14,North America,Online,4,56.55,0.05,214.89,Completed
100420,2024-12-01,255,12,North America,Partner,2,98.44,0.15,167.35,Returned
100509,2024-12-01,547,15,Europe,Retail,4,78.02,0.1,280.87,Completed
100642,2024-12-01,147,18,North America,Partner,1,740.93,0.0,740.93,Completed
100802,2024-12-01,319,8,North America,Online,2,1098.42,0.05,2087.0,Completed
101029,2024-12-01,192,13,North America,Online,2,25.26,0.0,50.52,Returned
101495,2024-12-01,522,7,North America,Retail,1,523.56,0.1,471.2,Completed
101524,2024-12-01,514,14,North America,Retail,5,57.99,0.1,260.96,Completed
101644,2024-12-01,429,18,North America,Online,1,756.25,0.15,642.81,Completed
101686,2024-12-01,193,10,North America,Online,4,45.09,0.0,180.36,Completed
102202,2024-12-01,364,14,North America,Online,1,60.07,0.15,51.06,Completed
102355,2024-12-01,475,1,North America,Online,2,1196.47,0.1,2153.65,Completed
103629,2024-12-01,411,2,Asia Pacific,Online,6,1524.24,0.15,7773.62,Completed
104143,2024-12-01,465,12,Europe,Partner,4,96.43,0.15,327.86,Completed
105794,2024-12-01,545,7,North America,Partner,2,541.6,0.0,1083.2,Completed
105833,2024-12-01,493,3,Asia Pacific,Partner,2,999.01,0.0,1998.02,Completed
106264,2024-12-01,230,21,North America,Online,1,291.65,0.0,291.65,Cancelled
100180,2024-12-02,308,10,Europe,Retail,3,43.44,0.1,117.29,Completed
100256,2024-12-02,276,4,Europe,Online,1,2090.22,0.0,2090.22,Completed
100996,2024-12-02,359,7,Europe,Retail,1,568.05,0.0,568.05,Completed
101158,2024-12-02,402,12,Latin America,Online,10,93.45,0.1,841.05,Completed
102716,2024-12-02,587,4,North America,Partner,4,1982.21,0.15,6739.51,Completed
104497,2024-12-02,223,19,Asia Pacific,Online,2,95.51,0.0,191.02,Completed
104640,2024-12-02,100,2,Middle East & Africa,Online,2,1446.41,0.0,2892.82,Completed
104970,2024-12-02,134,11,North America,Retail,4,29.36,0.1,105.7,Completed
105583,2024-12-02,93,4,Europe,Retail,2,1918.28,0.05,3644.73,Completed
105837,2024-12-02,587,11,North America,Online,25,28.01,0.0,700.25,Completed
105879,2024-12-02,132,18,Latin America,Online,2,724.2,0.15,1231.14,Returned
106326,2024-12-02,62,12,Europe,Online,8,101.34,0.0,810.72,Returned
106880,2024-12-02,532,12,Asia Pacific,Partner,3,100.52,0.15,256.33,Completed
100805,2024-12-03,228,13,Europe,Online,4,26.0,0.05,98.8,Completed
101359,2024-12-03,153,20,North America,Online,2,185.61,0.0,371.22,Completed
101386,2024-12-03,100,17,Middle East & Africa,Retail,2,442.47,0.05,840.69,Completed
101489,2024-12-03,278,18,Europe,Online,1,767.68,0.0,767.68,Completed
101613,2024-12-03,249,12,North America,Online,3,91.57,0.15,233.5,Completed
102744,2024-12-03,530,16,North America,Partner,2,197.01,0.05,374.32,Completed
102808,2024-12-03,336,14,Europe,Retail,3,59.47,0.15,151.65,Completed
102956,2024-12-03,144,19,Europe,Retail,1,96.98,0.0,96.98,Completed
103029,2024-12-03,281,20,North America,Retail,1,176.58,0.1,158.92,Completed
103161,2024-12-03,360,1,Europe,Online,2,1191.58,0.05,2264.0,Completed
103892,2024-12-03,474,1,North America,Online,1,1161.58,0.0,1161.58,Cancelled
105030,2024-12-03,17,10,Europe,Online,1,46.66,0.0,46.66,Completed
105519,2024-12-03,357,8,Asia Pacific,Retail,2,1078.36,0.0,2156.72,Completed
105786,2024-12-03,546,12,Europe,Retail,5,101.34,0.15,430.7,Completed
106117,2024-12-03,561,6,North America,Partner,2,783.79,0.15,1332.44,Completed
106656,2024-12-03,267,1,North America,Retail,1,1247.21,0.0,1247.21,Completed
106908,2024-12-03,37,17,North America,Online,1,442.67,0.0,442.67,Completed
106984,2024-12-03,502,17,Latin America,Online,2,427.32,0.0,854.64,Completed
100010,2024-12-04,462,10,North America,Partner,4,46.12,0.15,156.81,Completed
100020,2024-12-04,25,11,Asia Pacific,Online,4,29.22,0.0,116.88,Completed
100224,2024-12-04,97,19,North America,Retail,1,98.81,0.0,98.81,Completed
100469,2024-12-04,106,7,Asia Pacific,Online,1,565.31,0.15,480.51,Returned
100502,2024-12-04,413,18,North America,Partner,2,746.88,0.0,1493.76,Completed
100574,2024-12-04,386,15,Middle East & Africa,Online,5,80.12,0.05,380.57,Completed
100800,2024-12-04,165,2,Europe,Partner,2,1411.28,0.1,2540.3,Completed
101079,2024-12-04,267,14,North America,Retail,5,59.98,0.0,299.9,Completed
102360,2024-12-04,252,13,Latin America,Online,4,25.36,0.0,101.44,Completed
102990,2024-12-04,167,3,Asia Pacific,Online,1,1002.22,0.0,1002.22,Completed
103025,2024-12-04,135,24,Europe,Online,3,55.02,0.0,165.06,Completed
103055,2024-12-04,69,12,North America,Online,1,95.86,0.1,86.27,Completed
103364,2024-12-04,264,20,North America,Partner,2,182.17,0.0,364.34,Completed
103760,2024-12-04,375,21,North America,Online,2,310.43,0.1,558.77,Completed
104765,2024-12-04,479,16,Europe,Retail,2,197.83,0.05,375.88,Cancelled
104885,2024-12-04,69,15,North America,Online,2,76.19,0.0,152.38,Completed
104924,2024-12-04,574,10,Asia Pacific,Partner,3,44.89,0.0,134.67,Returned
105645,2024-12-04,173,15,North America,Retail,2,81.12,0.1,146.02,Completed
105700,2024-12-04,501,21,Asia Pacific,Online,2,300.64,0.05,571.22,Completed
106005,2024-12-04,496,18,Europe,Partner,1,723.65,0.05,687.47,Completed
106092,2024-12-04,497,3,Europe,Online,2,996.98,0.15,1694.87,Completed
106134,2024-12-04,525,1,North America,Online,2,1226.11,0.0,2452.22,Completed
100389,2024-12-05,298,12,Asia Pacific,Partner,1,101.23,0.15,86.05,Completed
100911,2024-12-05,430,8,Asia Pacific,Online,2,1100.04,0.0,2200.08,Completed
101319,2024-12-05,432,15,Asia Pacific,Retail,3,77.24,0.0,231.72,Completed
101383,2024-12-05,129,14,North America,Retail,2,57.45,0.0,114.9,Completed
101917,2024-12-05,218,3,North America,Retail,2,956.25,0.05,1816.88,Completed
102685,2024-12-05,267,10,North America,Online,5,43.1,0.0,215.5,Cancelled
103165,2024-12-05,414,4,Latin America,Retail,2,2064.59,0.1,3716.26,Completed
105547,2024-12-05,278,8,Europe,Retail,2,1127.03,0.05,2141.36,Completed
105867,2024-12-05,85,3,North America,Online,2,962.4,0.15,1636.08,Completed
106540,2024-12-05,587,13,North America,Online,3,24.03,0.05,68.49,Completed
106596,2024-12-05,390,3,Latin America,Retail,4,1011.77,0.0,4047.08,Completed
106898,2024-12-05,91,14,North America,Online,3,60.74,0.05,173.11,Completed
100108,2024-12-06,272,15,North America,Online,2,80.73,0.1,145.31,Completed
100781,2024-12-06,50,12,North America,Online,3,100.88,0.0,302.64,Completed
100912,2024-12-06,350,15,North America,Online,2,73.95,0.0,147.9,Completed
101205,2024-12-06,228,13,Europe,Online,3,23.26,0.15,59.31,Completed
101331,2024-12-06,161,3,North America,Online,2,973.08,0.05,1848.85,Completed
101409,2024-12-06,221,12,North America,Online,3,100.15,0.0,300.45,Completed
101429,2024-12-06,254,10,North America,Online,2,45.33,0.0,90.66,Completed
102689,2024-12-06,82,11,Europe,Online,5,29.56,0.05,140.41,Completed
102714,2024-12-06,23,8,Middle East & Africa,Online,1,1113.7,0.0,1113.7,Completed
104422,2024-12-06,267,6,North America,Partner,1,749.6,0.0,749.6,Completed
104485,2024-12-06,479,10,Europe,Online,2,46.81,0.05,88.94,Completed
105264,2024-12-06,375,8,North America,Retail,1,1075.56,0.05,1021.78,Completed
105273,2024-12-06,2,20,Europe,Online,1,178.36,0.15,151.61,Completed
105655,2024-12-06,258,7,North America,Online,2,556.44,0.0,1112.88,Completed
106221,2024-12-06,37,7,North America,Partner,2,541.94,0.0,1083.88,Completed
106482,2024-12-06,61,6,Asia Pacific,Online,1,807.62,0.05,767.24,Completed
100456,2024-12-07,361,10,Latin America,Partner,5,45.68,0.05,216.98,Completed
100710,2024-12-07,560,6,Europe,Online,2,759.77,0.0,1519.54,Completed
101057,2024-12-07,85,3,North America,Partner,2,1032.2,0.0,2064.4,Completed
101371,2024-12-07,347,4,Latin America,Retail,2,2031.71,0.1,3657.08,Completed
101909,2024-12-07,59,1,North America,Online,1,1177.79,0.05,1118.9,Completed
101932,2024-12-07,272,7,North America,Online,1,514.95,0.1,463.46,Completed
102222,2024-12-07,113,12,North America,Retail,4,98.18,0.0,392.72,Completed
102762,2024-12-07,132,10,Latin America,Partner,2,43.66,0.0,87.32,Completed
103847,2024-12-07,179,4,Latin America,Online,2,2028.17,0.0,4056.34,Completed
105665,2024-12-07,544,6,Middle East & Africa,Online,2,841.16,0.05,1598.2,Completed
105687,2024-12-07,447,7,Middle East & Africa,Retail,2,560.32,0.15,952.54,Completed
105716,2024-12-07,268,20,North America,Online,8,186.47,0.05,1417.17,Completed
105864,2024-12-07,106,14,Asia Pacific,Partner,4,61.95,0.1,223.02,Completed
105924,2024-12-07,432,17,Asia Pacific,Online,1,450.97,0.0,450.97,Completed
106039,2024-12-07,576,21,Europe,Online,2,315.53,0.1,567.95,Completed
100107,2024-12-08,383,10,Asia Pacific,Retail,3,46.6,0.0,139.8,Completed
100488,2024-12-08,563,4,Asia Pacific,Online,1,1977.67,0.0,1977.67,Completed
102414,2024-12-08,569,1,North America,Retail,1,1216.23,0.0,1216.23,Completed
102514,2024-12-08,135,2,Europe,Online,2,1495.2,0.0,2990.4,Completed
103447,2024-12-08,26,12,North America,Online,2,95.89,0.1,172.6,Completed
104287,2024-12-08,545,6,North America,Retail,1,816.77,0.0,816.77,Completed
105362,2024-12-08,427,20,North America,Online,1,180.29,0.05,171.28,Completed
105560,2024-12-08,207,17,North America,Online,2,445.35,0.0,890.7,Returned
106051,2024-12-08,475,14,North America,Partner,1,59.32,0.0,59.32,Completed
106087,2024-12-08,238,10,Asia Pacific,Retail,4,45.05,0.15,153.17,Completed
106916,2024-12-08,363,17,North America,Online,2,425.33,0.05,808.13,Completed
100080,2024-12-09,361,21,Latin America,Online,1,307.36,0.0,307.36,Completed
100199,2024-12-09,423,20,North America,Online,2,178.29,0.1,320.92,Completed
100366,2024-12-09,187,2,North America,Online,1,1534.25,0.0,1534.25,Completed
100730,2024-12-09,193,11,North America,Partner,5,28.2,0.0,141.0,Completed
100901,2024-12-09,176,8,North America,Retail,1,1065.21,0.1,958.69,Completed
100931,2024-12-09,396,19,Europe,Retail,1,99.49,0.0,99.49,Completed
100988,2024-12-09,291,15,Asia Pacific,Online,2,82.84,0.15,140.83,Completed
101553,2024-12-09,520,15,Asia Pacific,Partner,8,81.18,0.05,616.97,Completed
102281,2024-12-09,54,13,Asia Pacific,Partner,4,25.89,0.05,98.38,Returned
103039,2024-12-09,293,21,Latin America,Partner,1,294.6,0.0,294.6,Completed
103073,2024-12-09,305,7,Latin America,Retail,1,579.13,0.0,579.13,Completed
103958,2024-12-09,518,16,Asia Pacific,Online,1,191.38,0.0,191.38,Completed
104107,2024-12-09,561,14,North America,Online,4,60.72,0.15,206.45,Completed
104164,2024-12-09,172,2,Europe,Online,5,1476.53,0.1,6644.38,Completed
105587,2024-12-09,591,15,Latin America,Online,2,78.99,,134.28,Completed
105592,2024-12-09,576,13,Europe,Retail,5,24.51,0.0,122.55,Completed
105725,2024-12-09,539,11,North America,Retail,5,29.22,0.15,124.18,Completed
105845,2024-12-09,323,4,North America,Partner,1,2046.43,0.1,1841.79,Completed
106017,2024-12-09,398,1,North America,Partner,1,1138.74,0.1,1024.87,Completed
106172,2024-12-09,395,15,North America,Online,2,76.96,0.1,138.53,Completed
106742,2024-12-09,587,3,North America,Online,10,994.92,0.15,8456.82,Completed
101558,2024-12-10,375,15,North America,Retail,4,77.44,0.0,309.76,Completed
101626,2024-12-10,93,6,Europe,Online,1,805.19,0.0,805.19,Completed
104014,2024-12-10,273,21,North America,Retail,1,299.73,0.05,284.74,Completed
104668,2024-12-10,319,6,North America,Retail,1,808.52,0.0,808.52,Completed
104983,2024-12-10,377,12,Latin America,Online,1,102.56,0.1,92.3,Completed
105091,2024-12-10,85,1,North America,Retail,2,1186.25,0.15,2016.62,Completed
105141,2024-12-10,278,14,Europe,Online,3,57.08,0.1,154.12,Completed
105409,2024-12-10,542,11,Europe,Online,5,29.46,0.0,147.3,Completed
105503,2024-12-10,148,6,Europe,Online,4,799.21,0.1,2877.16,Returned
105588,2024-12-10,70,1,Europe,Retail,1,1225.27,0.05,1164.01,Completed
105623,2024-12-10,588,1,North America,Retail,1,1216.71,0.0,1216.71,Completed
105713,2024-12-10,132,7,Latin America,Online,1,552.46,0.0,552.46,Completed
106109,2024-12-10,163,12,North America,Partner,3,98.02,0.1,264.65,Completed
106811,2024-12-10,394,17,Asia Pacific,Online,1,441.64,0.0,441.64,Returned
100291,2024-12-11,231,10,North America,Online,2,47.42,0.05,90.1,Completed
100617,2024-12-11,41,11,Europe,Retail,2,29.19,0.15,49.62,Completed
101465,2024-12-11,438,13,Europe,Online,2,24.68,0.0,49.36,Completed
101651,2024-12-11,134,10,North America,Retail,3,44.79,0.15,114.21,Completed
101946,2024-12-11,226,7,Latin America,Online,1,540.24,0.0,540.24,Completed
102456,2024-12-11,429,20,North America,Retail,1,184.37,0.05,175.15,Completed
103620,2024-12-11,516,8,North America,Online,2,1117.06,0.1,2010.71,Completed
104500,2024-12-11,581,1,Europe,Retail,1,1208.69,0.05,1148.26,Completed
105172,2024-12-11,437,11,North America,Retail,3,28.05,0.0,84.15,Completed
105227,2024-12-11,584,8,Europe,Online,2,1142.91,0.05,2171.53,Completed
105238,2024-12-11,363,12,North America,Retail,2,98.91,0.1,178.04,Completed
105480,2024-12-11,193,10,North America,Retail,3,43.11,0.0,129.33,Completed
105829,2024-12-11,502,3,Latin America,Retail,1,1030.43,0.0,1030.43,Completed
105892,2024-12-11,79,15,Europe,Online,5,77.12,0.0,385.6,Completed
106138,2024-12-11,330,14,North America,Retail,5,61.0,0.0,305.0,Completed
106252,2024-12-11,257,3,Asia Pacific,Online,5,1009.32,0.15,4289.61,Completed
106415,2024-12-11,492,7,Europe,Online,1,538.26,0.1,484.43,Completed
106505,2024-12-11,373,21,North America,Online,1,318.23,0.1,286.41,Completed
106881,2024-12-11,251,10,Asia Pacific,Online,8,46.36,0.0,370.88,Completed
100103,2024-12-12,202,11,Middle East & Africa,Retail,1,29.06,0.05,27.61,Completed
100154,2024-12-12,160,17,Asia Pacific,Online,1,436.46,0.0,436.46,Completed
100200,2024-12-12,37,2,North America,Online,1,1446.81,0.15,1229.79,Completed
100869,2024-12-12,591,14,Latin America,Online,3,62.1,0.1,167.67,Completed
101199,2024-12-12,468,18,Latin America,Online,1,760.23,0.05,722.22,Returned
101288,2024-12-12,382,14,Latin America,Retail,10,58.47,0.05,555.46,Completed
101721,2024-12-12,317,18,North America,Retail,1,728.46,0.15,619.19,Completed
101957,2024-12-12,134,2,North America,Online,1,1491.96,0.0,1491.96,Completed
102966,2024-12-12,416,7,North America,Retail,1,560.42,0.15,476.36,Completed
103027,2024-12-12,323,12,North America,Online,2,96.55,0.1,173.79,Completed
103186,2024-12-12,513,11,North America,Online,3,28.0,0.1,75.6,Completed
103336,2024-12-12,420,11,Latin America,Online,4,27.68,0.0,110.72,Completed
103589,2024-12-12,571,9,North America,Partner,1,151.04,0.0,151.04,Completed
103714,2024-12-12,99,16,North America,Retail,1,207.77,0.0,207.77,Completed
103913,2024-12-12,297,6,Middle East & Africa,Partner,2,804.12,0.15,1367.0,Completed
104408,2024-12-12,530,3,North America,Retail,1,995.33,0.15,846.03,Completed
104574,2024-12-12,385,13,North America,Retail,1,25.4,0.0,25.4,Completed
105600,2024-12-12,49,18,Asia Pacific,Online,1,726.08,0.0,726.08,Completed
106057,2024-12-12,230,3,North America,Online,2,974.14,0.0,1948.28,Completed
106175,2024-12-12,410,8,Middle East & Africa,Online,2,1097.61,0.0,2195.22,Completed
106430,2024-12-12,477,6,Europe,Online,1,790.74,0.1,711.67,Completed
100701,2024-12-13,252,3,Latin America,Online,1,948.31,0.0,948.31,Completed
100837,2024-12-13,179,16,Latin America,Online,2,194.22,0.15,330.17,Completed
100980,2024-12-13,588,6,North America,Retail,1,797.54,0.0,797.54,Completed
101478,2024-12-13,497,17,Europe,Online,1,459.3,0.1,413.37,Completed
101571,2024-12-13,591,21,Latin America,Online,1,301.3,0.05,286.24,Completed
101658,2024-12-13,231,8,North America,Retail,2,1122.36,0.15,1908.01,Completed
103129,2024-12-13,257,12,Asia Pacific,Online,20,101.21,0.1,1821.78,Completed
103348,2024-12-13,157,14,North America,Partner,2,56.16,0.05,106.7,Completed
103947,2024-12-13,91,11,North America,Online,5,28.69,0.15,121.93,Cancelled
104069,2024-12-13,310,6,North America,Retail,1,809.87,0.0,809.87,Completed
104450,2024-12-13,358,21,Asia Pacific,Online,1,289.36,0.0,289.36,Completed
104758,2024-12-13,541,15,Middle East & Africa,Retail,4,80.45,0.05,305.71,Completed
104953,2024-12-13,179,15,Latin America,Partner,3,76.18,0.1,205.69,Completed
105065,2024-12-13,255,2,North America,Online,2,1480.61,0.05,2813.16,Completed
105374,2024-12-13,441,11,Latin America,Retail,5,28.21,0.0,141.05,Completed
105505,2024-12-13,231,10,North America,Online,3,44.55,0.15,113.6,Completed
100036,2024-12-14,518,19,Asia Pacific,Online,1,95.79,0.0,95.79,Completed
100424,2024-12-14,85,21,North America,Online,2,286.35,0.0,572.7,Completed
101859,2024-12-14,422,14,North America,Partner,3,59.96,0.0,179.88,Completed
102394,2024-12-14,272,3,North America,Retail,2,991.76,0.05,1884.34,Completed
102871,2024-12-14,249,21,North America,Online,2,298.07,0.0,596.14,Completed
103737,2024-12-14,36,10,North America,Online,4,45.27,0.0,181.08,Completed
104486,2024-12-14,285,4,Europe,Online,1,1985.77,0.05,1886.48,Completed
104680,2024-12-14,72,18,Europe,Online,2,705.7,0.15,1199.69,Completed
104723,2024-12-14,531,3,Asia Pacific,Online,1,991.76,0.1,892.58,Completed
104796,2024-12-14,171,17,North America,Retail,2,452.81,0.15,769.78,Completed
104978,2024-12-14,323,1,North America,Online,1,1174.81,0.15,998.59,Completed
105055,2024-12-14,194,5,Asia Pacific,Retail,1,447.76,0.0,447.76,Returned
106428,2024-12-14,322,13,Europe,Retail,2,25.98,0.0,51.96,Returned
106458,2024-12-14,288,12,North America,Retail,2,96.92,0.1,174.46,Cancelled
100091,2024-12-15,432,11,Asia Pacific,Partner,3,28.93,0.0,86.79,Completed
100135,2024-12-15,166,7,North America,Online,2,541.21,0.0,1082.42,Completed
100222,2024-12-15,587,15,North America,Retail,8,82.84,0.0,662.72,Completed
100549,2024-12-15,18,1,North America,Retail,1,1132.67,0.1,1019.4,Completed
100703,2024-12-15,37,10,North America,Partner,2,45.2,0.0,90.4,Completed
100871,2024-12-15,148,14,Europe,Online,6,56.84,0.0,341.04,Completed
101111,2024-12-15,193,7,North America,Online,1,543.58,0.0,543.58,Completed
101445,2024-12-15,191,2,Latin America,Online,2,1526.26,0.0,3052.52,Completed
101552,2024-12-15,461,10,Europe,Online,2,44.51,0.15,75.67,Completed
101861,2024-12-15,521,6,Latin America,Partner,1,844.99,0.0,844.99,Completed
102881,2024-12-15,357,10,Asia Pacific,Partner,5,46.99,0.0,234.95,Completed
103484,2024-12-15,579,10,Latin America,Online,5,43.16,0.1,194.22,Completed
103932,2024-12-15,177,2,Europe,Partner,2,1519.54,0.0,3039.08,Completed
104180,2024-12-15,71,1,North America,Online,2,1143.14,0.0,2286.28,Completed
104258,2024-12-15,382,11,Latin America,Retail,6,28.06,0.1,151.52,Completed
104711,2024-12-15,400,14,Europe,Online,1,57.99,0.05,55.09,Completed
105007,2024-12-15,28,17,North America,Retail,2,442.25,0.15,751.82,Completed
105499,2024-12-15,65,10,Europe,Online,4,44.41,,168.76,Completed
105578,2024-12-15,258,6,North America,Online,1,755.18,0.05,717.42,Completed
105842,2024-12-15,230,3,North America,Partner,1,993.12,0.0,993.12,Completed
106383,2024-12-15,447,11,Middle East & Africa,Retail,1,29.13,0.15,24.76,Completed
106536,2024-12-15,53,18,Asia Pacific,Partner,1,746.95,0.05,709.6,Completed
106536,2024-12-15,53,18,Asia Pacific,Partner,1,746.95,0.05,709.6,Completed
106726,2024-12-15,282,3,North America,Online,1,1048.61,0.15,891.32,Completed
101327,2024-12-16,75,13,North America,Retail,6,23.83,0.1,128.68,Completed
101372,2024-12-16,138,6,Europe,Retail,1,802.03,0.15,681.73,Completed
101380,2024-12-16,275,6,Asia Pacific,Online,1,777.61,0.0,777.61,Completed
101387,2024-12-16,206,23,North America,Retail,4,131.02,0.0,524.08,Completed
101771,2024-12-16,377,8,Latin America,Partner,1,1121.47,0.0,1121.47,Completed
103018,2024-12-16,196,17,North America,Retail,2,444.09,0.0,888.18,Completed
103045,2024-12-16,79,7,Europe,Online,1,568.18,0.05,539.77,Completed
103141,2024-12-16,98,22,North America,Online,1,80.61,0.15,68.52,Completed
103511,2024-12-16,441,24,Latin America,Online,1,60.8,0.15,51.68,Completed
104007,2024-12-16,59,4,North America,Online,1,1973.79,0.0,1973.79,Completed
104645,2024-12-16,435,6,North America,Partner,2,796.27,0.1,1433.29,Completed
104646,2024-12-16,293,9,Latin America,Online,1,143.95,0.0,143.95,Returned
105136,2024-12-16,138,1,Europe,Online,1,1271.25,0.0,1271.25,Completed
105629,2024-12-16,97,18,North America,Retail,2,772.68,0.15,1313.56,Cancelled
105810,2024-12-16,540,14,Asia Pacific,Online,3,59.36,0.1,160.27,Completed
106114,2024-12-16,462,8,North America,Online,5,1101.36,0.05,5231.46,Completed
106534,2024-12-16,204,12,North America,Online,3,100.61,0.0,301.83,Completed
106722,2024-12-16,176,13,North America,Partner,4,25.71,0.0,102.84,Completed
106802,2024-12-16,218,21,North America,Retail,1,294.98,0.05,280.23,Completed
106840,2024-12-16,162,12,Latin America,Online,5,100.73,0.0,503.65,Returned
100672,2024-12-17,159,1,Asia Pacific,Online,1,1173.32,0.1,1055.99,Completed
100694,2024-12-17,118,15,Asia Pacific,Online,1,84.62,0.0,84.62,Completed
100762,2024-12-17,124,13,Europe,Online,2,24.93,0.15,42.38,Completed
101220,2024-12-17,475,14,North America,Online,1,61.56,0.0,61.56,Completed
102813,2024-12-17,37,15,North America,Online,3,80.77,0.0,242.31,Completed
103097,2024-12-17,325,4,Asia Pacific,Online,1,2076.31,0.1,1868.68,Completed
103593,2024-12-17,37,2,North America,Retail,1,1380.42,0.1,1242.38,Completed
103848,2024-12-17,381,6,Europe,Online,1,788.45,0.05,749.03,Completed
105107,2024-12-17,272,6,North America,Online,1,771.48,0.0,771.48,Completed
105278,2024-12-17,526,9,North America,Retail,4,144.7,0.1,520.92,Completed
105771,2024-12-17,258,6,North America,Online,1,786.96,0.15,668.92,Completed
105866,2024-12-17,466,2,Asia Pacific,Partner,2,1541.91,0.0,3083.82,Completed
106029,2024-12-17,497,14,Europe,Online,1,59.04,0.15,50.18,Completed
106414,2024-12-17,95,15,North America,Partner,4,78.04,0.15,265.34,Returned
106528,2024-12-17,221,4,North America,Retail,1,2000.28,0.0,2000.28,Completed
100896,2024-12-18,517,12,North America,Partner,4,102.22,0.0,408.88,Completed
101070,2024-12-18,429,4,North America,Retail,1,2043.37,0.0,2043.37,Returned
101232,2024-12-18,365,11,Asia Pacific,Online,5,27.84,0.0,139.2,Completed
101661,2024-12-18,390,13,Latin America,Retail,8,23.72,0.15,161.3,Completed
102385,2024-12-18,85,15,North America,Online,4,81.61,0.0,326.44,Completed
103491,2024-12-18,161,3,North America,Retail,1,1080.74,0.0,1080.74,Completed
103706,2024-12-18,67,13,Europe,Online,20,24.38,0.0,487.6,Completed
103900,2024-12-18,30,12,Asia Pacific,Retail,2,100.84,0.05,191.6,Completed
104188,2024-12-18,241,11,Asia Pacific,Retail,5,29.47,0.0,147.35,Completed
104552,2024-12-18,348,16,North America,Retail,4,191.62,0.15,651.51,Completed
104582,2024-12-18,469,20,North America,Online,2,175.37,0.0,350.74,Completed
105386,2024-12-18,194,4,Asia Pacific,Retail,2,2055.24,0.1,3699.43,Completed
105431,2024-12-18,73,11,Latin America,Retail,3,28.23,0.0,84.69,Completed
105611,2024-12-18,499,18,North America,Retail,2,730.71,0.05,1388.35,Cancelled
106024,2024-12-18,549,2,Asia Pacific,Online,1,1451.93,0.0,1451.93,Completed
100507,2024-12-19,133,11,Europe,Online,2,28.77,0.0,57.54,Completed
100562,2024-12-19,87,1,Asia Pacific,Online,2,1168.59,0.0,2337.18,Completed
102064,2024-12-19,149,1,Europe,Retail,2,1222.64,0.0,2445.28,Completed
103349,2024-12-19,176,19,North America,Retail,2,95.74,0.0,191.48,Completed
103350,2024-12-19,267,15,North America,Retail,3,76.89,0.05,219.14,Completed
103575,2024-12-19,520,4,Asia Pacific,Retail,5,1990.37,0.05,9454.26,Completed
103888,2024-12-19,361,8,Latin America,Retail,2,1078.67,0.05,2049.47,Completed
104121,2024-12-19,127,22,North America,Partner,2,75.06,0.1,135.11,Completed
104179,2024-12-19,518,2,Asia Pacific,Online,1,1606.56,0.0,1606.56,Completed
104420,2024-12-19,494,18,North America,Online,1,724.33,0.05,688.11,Completed
104581,2024-12-19,89,1,North America,Online,2,1151.74,0.0,2303.48,Returned
104616,2024-12-19,167,15,Asia Pacific,Retail,4,79.81,0.0,319.24,Completed
104927,2024-12-19,290,15,North America,Retail,3,76.77,0.05,218.79,Returned
106123,2024-12-19,598,4,Europe,Retail,2,1894.39,0.05,3599.34,Returned
106372,2024-12-19,221,7,North America,Online,2,534.41,0.05,1015.38,Completed
106554,2024-12-19,47,12,Europe,Online,3,99.26,0.0,297.78,Completed
106974,2024-12-19,128,6,North America,Retail,1,795.65,0.05,755.87,Completed
100147,2024-12-20,97,14,North America,Retail,3,58.87,0.0,176.61,Completed
100311,2024-12-20,281,15,North America,Retail,5,76.31,0.1,343.4,Completed
100851,2024-12-20,313,19,North America,Online,2,99.96,0.0,199.92,Completed
101114,2024-12-20,274,1,Europe,Online,1,1188.72,0.15,1010.41,Completed
102080,2024-12-20,395,8,North America,Retail,1,1075.82,0.0,1075.82,Completed
103147,2024-12-20,159,2,Asia Pacific,Online,1,1398.51,0.0,1398.51,Completed
104918,2024-12-20,498,2,Europe,Online,2,1405.27,0.0,2810.54,Completed
105479,2024-12-20,536,8,North America,Online,1,1091.61,0.15,927.87,Completed
105910,2024-12-20,310,7,North America,Partner,1,554.6,0.0,554.6,Completed
106700,2024-12-20,267,19,North America,Partner,2,100.04,0.1,180.07,Returned
106754,2024-12-20,465,1,Europe,Retail,2,1159.61,0.15,1971.34,Completed
100012,2024-12-21,277,2,North America,Partner,2,1475.62,0.05,2803.68,Completed
100497,2024-12-21,95,15,North America,Retail,3,79.5,0.0,238.5,Completed
100993,2024-12-21,437,4,North America,Online,1,1867.32,0.1,1680.59,Completed
101165,2024-12-21,564,19,Europe,Retail,2,100.31,0.0,200.62,Completed
101485,2024-12-21,209,15,North America,Online,3,82.77,0.0,248.31,Completed
102052,2024-12-21,316,13,North America,Retail,20,25.32,0.0,506.4,Completed
102210,2024-12-21,55,15,Asia Pacific,Retail,4,74.78,0.0,299.12,Completed
102796,2024-12-21,509,12,Europe,Retail,3,99.97,0.0,299.91,Completed
103695,2024-12-21,255,18,North America,Online,1,734.7,0.0,734.7,Completed
103973,2024-12-21,361,15,Latin America,Online,4,82.01,0.0,328.04,Returned
104085,2024-12-21,92,19,Asia Pacific,Partner,1,102.72,0.0,102.72,Completed
104434,2024-12-21,321,3,Latin America,Online,2,979.12,,1762.42,Completed
104530,2024-12-21,32,3,Middle East & Africa,Retail,4,919.83,0.1,3311.39,Completed
104778,2024-12-21,239,18,North America,Online,1,724.48,,724.48,Completed
105280,2024-12-21,408,14,Asia Pacific,Retail,3,61.54,0.1,166.16,Completed
105419,2024-12-21,105,11,Asia Pacific,Online,5,30.13,0.05,143.12,Completed
105584,2024-12-21,520,14,Asia Pacific,Online,3,58.8,0.0,176.4,Completed
105756,2024-12-21,329,20,Europe,Online,2,176.43,0.0,352.86,Completed
105812,2024-12-21,213,19,North America,Retail,1,96.13,0.15,81.71,Completed
105873,2024-12-21,520,13,Asia Pacific,Partner,10,25.81,0.05,245.19,Completed
105987,2024-12-21,330,7,North America,Online,1,569.87,0.0,569.87,Cancelled
106054,2024-12-21,56,7,Asia Pacific,Retail,4,548.16,0.1,1973.38,Completed
106144,2024-12-21,329,1,Europe,Online,2,1198.75,0.05,2277.62,Cancelled
106599,2024-12-21,59,12,North America,Online,1,96.44,0.15,81.97,Completed
106615,2024-12-21,85,13,North America,Online,2,24.92,0.15,42.36,Completed
100646,2024-12-22,323,8,North America,Online,1,1036.13,0.05,984.32,Completed
101336,2024-12-22,130,1,Europe,Online,2,1171.69,0.0,2343.38,Completed
101819,2024-12-22,187,6,North America,Online,2,777.34,0.0,1554.68,Completed
101831,2024-12-22,584,6,Europe,Retail,2,762.1,0.15,1295.57,Completed
102730,2024-12-22,444,15,North America,Online,5,81.09,0.05,385.18,Completed
103989,2024-12-22,440,3,Europe,Online,1,1042.94,0.0,1042.94,Completed
104336,2024-12-22,382,15,Latin America,Online,4,80.55,0.05,306.09,Completed
104374,2024-12-22,545,2,North America,Online,1,1493.57,0.0,1493.57,Completed
104612,2024-12-22,111,3,Europe,Online,1,1013.83,0.05,963.14,Completed
105144,2024-12-22,538,19,North America,Online,2,96.97,0.1,174.55,Completed
105170,2024-12-22,250,11,Europe,Online,5,29.49,0.05,140.08,Completed
105768,2024-12-22,389,4,North America,Online,2,1981.9,0.1,3567.42,Completed
106450,2024-12-22,301,10,Asia Pacific,Partner,3,45.65,0.05,130.1,Completed
106588,2024-12-22,48,11,North America,Retail,2,28.05,0.05,53.3,Completed
100599,2024-12-23,153,14,North America,Online,4,60.35,0.15,205.19,Completed
101591,2024-12-23,587,10,North America,Online,10,46.26,0.1,416.34,Completed
101964,2024-12-23,129,16,North America,Online,1,202.24,0.0,202.24,Completed
102196,2024-12-23,143,12,Latin America,Retail,4,99.46,0.05,377.95,Returned
102301,2024-12-23,171,8,North America,Online,2,1146.56,0.0,2293.12,Completed
102993,2024-12-23,89,17,North America,Online,1,447.62,0.0,447.62,Completed
103621,2024-12-23,375,20,North America,Online,2,171.03,0.0,342.06,Completed
103707,2024-12-23,564,1,Europe,Online,2,1194.04,,2029.87,Completed
104303,2024-12-23,461,5,Europe,Online,2,432.74,0.0,865.48,Returned
104622,2024-12-23,74,10,North America,Retail,20,44.55,0.0,891.0,Completed
104651,2024-12-23,56,6,Asia Pacific,Online,4,809.35,0.1,2913.66,Completed
105369,2024-12-23,3,4,Latin America,Partner,2,2051.15,0.05,3897.18,Completed
105648,2024-12-23,252,15,Latin America,Retail,1,79.45,0.0,79.45,Completed
105679,2024-12-23,346,24,Asia Pacific,Online,2,56.06,0.0,112.12,Cancelled
106253,2024-12-23,91,2,North America,Online,1,1545.64,0.1,1391.08,Completed
106821,2024-12-23,475,11,North America,Online,2,29.56,0.0,59.12,Completed
100425,2024-12-24,530,8,North America,Partner,2,1044.08,0.1,1879.34,Completed
100492,2024-12-24,112,8,North America,Online,1,1112.3,0.1,1001.07,Completed
100761,2024-12-24,294,3,North America,Retail,1,999.41,0.05,949.44,Completed
102147,2024-12-24,128,17,North America,Online,1,435.14,0.05,413.38,Completed
102184,2024-12-24,296,20,Latin America,Online,1,188.54,0.0,188.54,Completed
102554,2024-12-24,1,3,Asia Pacific,Online,2,968.94,0.0,1937.88,Returned
102650,2024-12-24,147,20,North America,Online,1,175.33,0.0,175.33,Completed
103116,2024-12-24,202,19,Middle East & Africa,Online,2,95.95,0.0,191.9,Completed
103177,2024-12-24,69,11,North America,Online,4,29.53,0.15,100.4,Completed
103771,2024-12-24,248,10,Europe,Retail,4,44.78,0.15,152.25,Completed
104804,2024-12-24,394,8,Asia Pacific,Online,1,1079.29,0.0,1079.29,Cancelled
105176,2024-12-24,357,21,Asia Pacific,Online,2,293.02,0.15,498.13,Completed
105516,2024-12-24,93,13,Europe,Online,3,24.5,0.0,73.5,Completed
105670,2024-12-24,350,12,North America,Retail,1,105.34,0.1,94.81,Completed
105802,2024-12-24,181,13,Latin America,Online,3,25.78,0.0,77.34,Completed
105966,2024-12-24,394,17,Asia Pacific,Retail,1,476.92,0.05,453.07,Completed
106817,2024-12-24,370,2,Latin America,Online,1,1556.04,0.1,1400.44,Completed
100774,2024-12-25,76,1,North America,Online,2,1257.01,0.05,2388.32,Completed
101033,2024-12-25,243,20,North America,Retail,2,176.67,0.15,300.34,Completed
102544,2024-12-25,588,14,North America,Online,2,59.18,0.15,100.61,Completed
102675,2024-12-25,474,15,North America,Online,3,77.5,0.05,220.88,Completed
103313,2024-12-25,563,12,Asia Pacific,Online,1,102.84,0.0,102.84,Completed
104439,2024-12-25,97,8,North America,Online,1,1109.01,0.0,1109.01,Completed
104896,2024-12-25,317,7,North America,Partner,1,528.19,0.15,448.96,Completed
105202,2024-12-25,569,12,North America,Online,1,99.08,0.1,89.17,Completed
105511,2024-12-25,548,7,North America,Retail,2,514.48,0.05,977.51,Completed
105675,2024-12-25,133,1,Europe,Online,2,1226.99,0.0,2453.98,Completed
105999,2024-12-25,422,7,North America,Retail,1,561.53,0.05,533.45,Completed
106368,2024-12-25,22,24,North America,Online,4,57.4,0.1,206.64,Completed
106711,2024-12-25,368,19,Asia Pacific,Retail,2,95.96,0.05,182.32,Completed
106784,2024-12-25,110,4,Latin America,Partner,1,1930.42,0.1,1737.38,Completed
106861,2024-12-25,475,17,North America,Retail,2,436.88,0.05,830.07,Completed
106957,2024-12-25,48,3,North America,Online,2,963.04,0.05,1829.78,Completed
100294,2024-12-26,562,3,North America,Online,1,977.93,0.15,831.24,Completed
100495,2024-12-26,429,21,North America,Online,2,290.29,0.05,551.55,Completed
100541,2024-12-26,142,12,Europe,Online,3,97.26,0.15,248.01,Completed
100635,2024-12-26,288,20,North America,Partner,2,181.7,0.1,327.06,Completed
100771,2024-12-26,497,15,Europe,Online,2,78.04,0.0,156.08,Completed
101487,2024-12-26,530,6,North America,Retail,2,774.6,0.15,1316.82,Completed
101778,2024-12-26,25,3,Asia Pacific,Partner,2,988.82,0.0,1977.64,Returned
102203,2024-12-26,425,13,Europe,Online,1,23.92,0.0,23.92,Completed
102883,2024-12-26,475,13,North America,Online,3,24.65,0.0,73.95,Completed
104215,2024-12-26,199,8,North America,Online,1,1088.82,0.0,1088.82,Cancelled
104509,2024-12-26,206,1,North America,Online,2,1191.46,0.05,2263.77,Completed
104621,2024-12-26,24,11,Latin America,Retail,3,29.45,0.1,79.52,Completed
104846,2024-12-26,248,13,Europe,Online,2,24.97,0.0,49.94,Completed
105206,2024-12-26,252,8,Latin America,Online,1,1117.67,0.1,1005.9,Completed
106273,2024-12-26,105,3,Asia Pacific,Online,2,1021.09,0.05,1940.07,Completed
106786,2024-12-26,210,3,Europe,Online,2,1020.9,0.15,1735.53,Completed
100394,2024-12-27,209,20,North America,Online,1,180.31,0.0,180.31,Completed
101113,2024-12-27,254,12,North America,Online,1,100.11,0.0,100.11,Completed
101361,2024-12-27,465,1,Europe,Online,1,1206.5,0.0,1206.5,Completed
101557,2024-12-27,298,10,Asia Pacific,Retail,4,43.12,0.0,172.48,Completed
102143,2024-12-27,389,3,North America,Online,2,945.88,0.0,1891.76,Completed
102358,2024-12-27,342,10,Middle East & Africa,Online,1,46.77,0.05,44.43,Completed
103800,2024-12-27,408,13,Asia Pacific,Retail,4,23.69,0.0,94.76,Completed
104252,2024-12-27,353,16,Europe,Retail,2,200.25,0.1,360.45,Completed
104830,2024-12-27,481,11,Europe,Online,2,28.81,0.0,57.62,Completed
105425,2024-12-27,267,8,North America,Retail,1,1067.86,0.0,1067.86,Completed
105680,2024-12-27,376,3,North America,Online,2,974.06,0.0,1948.12,Completed
106204,2024-12-27,317,11,North America,Online,5,30.25,0.0,151.25,Completed
106242,2024-12-27,475,4,North America,Online,1,2009.75,0.0,2009.75,Completed
100318,2024-12-28,89,15,North America,Retail,3,79.19,0.0,237.57,Returned
100370,2024-12-28,243,10,North America,Online,5,46.07,0.0,230.35,Completed
101055,2024-12-28,135,20,Europe,Partner,2,178.64,0.1,321.55,Returned
101313,2024-12-28,281,4,North America,Online,2,2035.53,0.15,3460.4,Completed
101589,2024-12-28,407,14,North America,Online,3,59.89,0.05,170.69,Completed
102069,2024-12-28,301,17,Asia Pacific,Retail,2,444.33,0.05,844.23,Completed
102161,2024-12-28,573,3,Europe,Retail,2,995.17,0.15,1691.79,Completed
102761,2024-12-28,84,14,North America,Retail,5,57.54,0.0,287.7,Completed
102897,2024-12-28,70,3,Europe,Online,1,985.91,0.05,936.61,Completed
103531,2024-12-28,268,1,North America,Partner,10,1169.94,0.0,11699.4,Completed
103776,2024-12-28,569,15,North America,Partner,1,73.0,0.0,73.0,Completed
103894,2024-12-28,588,8,North America,Retail,1,1104.26,0.0,1104.26,Returned
104073,2024-12-28,534,19,Europe,Online,2,106.19,0.0,212.38,Completed
104090,2024-12-28,288,3,North America,Online,2,990.06,0.0,1980.12,Completed
104132,2024-12-28,8,10,Asia Pacific,Retail,4,41.73,0.0,166.92,Completed
104442,2024-12-28,309,16,North America,Online,2,196.4,0.05,373.16,Completed
105262,2024-12-28,253,10,Europe,Retail,2,44.28,0.15,75.28,Completed
105271,2024-12-28,100,3,Middle East & Africa,Retail,1,920.83,0.0,920.83,Completed
105694,2024-12-28,404,2,North America,Online,1,1461.61,0.05,1388.53,Completed
106263,2024-12-28,269,23,North America,Retail,5,131.72,0.0,658.6,Completed
106327,2024-12-28,589,18,North America,Retail,1,757.29,0.15,643.7,Completed
106412,2024-12-28,265,20,Latin America,Online,2,176.97,0.15,300.85,Completed
106649,2024-12-28,254,13,North America,Retail,5,24.16,0.0,120.8,Completed
106882,2024-12-28,226,19,Latin America,Online,1,93.02,0.0,93.02,Cancelled
100251,2024-12-29,23,15,Middle East & Africa,Online,5,84.21,0.0,421.05,Completed
101889,2024-12-29,190,15,North America,Partner,4,79.0,0.0,316.0,Completed
102246,2024-12-29,85,11,North America,Partner,4,27.2,0.1,97.92,Completed
102695,2024-12-29,41,19,Europe,Online,2,97.18,0.0,194.36,Completed
103382,2024-12-29,456,15,North America,Online,3,81.75,0.15,208.46,Completed
103451,2024-12-29,561,19,North America,Partner,2,100.57,0.15,170.97,Completed
103635,2024-12-29,446,21,Asia Pacific,Online,2,295.2,0.0,590.4,Completed
104678,2024-12-29,204,24,North America,Retail,1,59.67,0.1,53.7,Completed
105027,2024-12-29,110,7,Latin America,Partner,1,506.81,0.15,430.79,Cancelled
105843,2024-12-29,268,19,North America,Online,4,96.72,0.0,386.88,Completed
106622,2024-12-29,444,12,North America,Partner,1,98.11,0.0,98.11,Completed
106658,2024-12-29,549,7,Asia Pacific,Retail,1,573.11,0.0,573.11,Completed
106818,2024-12-29,320,12,Latin America,Online,2,95.11,0.15,161.69,Completed
100170,2024-12-30,437,6,North America,Retail,1,754.25,0.0,754.25,Completed
100504,2024-12-30,97,4,North America,Retail,1,1972.93,0.0,1972.93,Completed
100743,2024-12-30,212,3,Europe,Online,1,989.76,0.15,841.3,Returned
101590,2024-12-30,158,6,Asia Pacific,Online,1,798.14,0.15,678.42,Completed
101725,2024-12-30,100,15,Middle East & Africa,Online,5,78.75,0.0,393.75,Completed
101773,2024-12-30,192,18,North America,Online,1,742.1,0.0,742.1,Completed
101903,2024-12-30,313,15,North America,Retail,4,78.66,0.0,314.64,Completed
102093,2024-12-30,536,10,North America,Retail,1,45.25,0.0,45.25,Completed
102285,2024-12-30,274,2,Europe,Online,2,1520.91,0.0,3041.82,Completed
102972,2024-12-30,423,11,North America,Online,4,28.64,0.0,114.56,Completed
103318,2024-12-30,580,13,North America,Retail,3,24.99,0.05,71.22,Completed
103381,2024-12-30,437,16,North America,Online,1,197.25,0.0,197.25,Completed
103574,2024-12-30,205,7,North America,Partner,1,546.37,0.15,464.41,Completed
103644,2024-12-30,249,11,North America,Online,4,29.0,0.0,116.0,Completed
104451,2024-12-30,505,20,Europe,Partner,2,176.08,0.05,334.55,Returned
105281,2024-12-30,233,10,Middle East & Africa,Retail,4,46.8,0.15,159.12,Completed
106827,2024-12-30,273,13,North America,Partner,4,24.09,0.0,96.36,Completed
100041,2024-12-31,278,16,Europe,Retail,1,198.0,0.05,188.1,Completed
100401,2024-12-31,229,13,Europe,Online,3,24.7,0.05,70.4,Completed
100521,2024-12-31,437,16,North America,Online,2,205.87,0.1,370.57,Completed
100904,2024-12-31,525,8,North America,Partner,1,1138.13,0.1,1024.32,Completed
101148,2024-12-31,440,24,Europe,Partner,3,60.53,0.0,181.59,Returned
101196,2024-12-31,314,3,North America,Online,1,1012.21,0.0,1012.21,Completed
101475,2024-12-31,132,23,Latin America,Online,3,124.08,0.1,335.02,Completed
101871,2024-12-31,75,22,North America,Online,3,75.58,0.15,192.73,Completed
102382,2024-12-31,218,7,North America,Online,1,559.49,0.0,559.49,Completed
102490,2024-12-31,136,2,North America,Partner,2,1614.99,0.1,2906.98,Completed
102646,2024-12-31,128,2,North America,Retail,2,1585.44,0.0,3170.88,Completed
102907,2024-12-31,561,4,North America,Retail,1,2073.09,0.0,2073.09,Completed
103080,2024-12-31,400,9,Europe,Online,2,141.31,0.05,268.49,Completed
104126,2024-12-31,193,6,North America,Retail,2,802.26,0.15,1363.84,Completed
104195,2024-12-31,211,12,Asia Pacific,Online,1,100.6,0.05,95.57,Completed
104726,2024-12-31,209,7,North America,Retail,2,542.06,0.15,921.5,Completed
104753,2024-12-31,191,10,Latin America,Online,1,46.04,0.0,46.04,Completed
104999,2024-12-31,285,15,Europe,Partner,2,78.91,0.0,157.82,Completed
105092,2024-12-31,281,7,North America,Online,1,544.7,0.15,463.0,Returned
105188,2024-12-31,438,7,Europe,Retail,1,559.34,0.0,559.34,Completed
105201,2024-12-31,596,17,North America,Online,3,467.79,0.0,1403.37,Returned
106776,2024-12-31,23,14,Middle East & Africa,Online,1,60.92,0.05,57.87,Returned
106977,2024-12-31,587,3,North America,Retail,3,950.43,0.0,2851.29,Completed
